Cromossomo: 0,IDs: [82, 28, 27, 46],Nomes: [Dev82, Dev28, Dev27, Dev46],Fit: [0.70, 0.80, 0.70, 0.80],Nível: [Junior, Middle, Senior, Master],Total Fit: 0.30
Cromossomo: 1,IDs: [45, 16, 38, 85],Nomes: [Dev45, Dev16, Dev38, Dev85],Fit: [0.70, 0.60, 0.80, 0.80],Nível: [Junior, Middle, Senior, Master],Total Fit: 0.20
Cromossomo: 2,IDs: [56, 8, 94, 89],Nomes: [Dev56, Dev8, Dev94, Dev89],Fit: [0.80, 0.70, 0.60, 0.80],Nível: [Junior, Middle, Senior, Master],Total Fit: 0.03
Cromossomo: 3,IDs: [48, 65, 53, 62],Nomes: [Dev48, Dev65, Dev53, Dev62],Fit: [0.90, 0.60, 0.60, 0.60],Nível: [Middle, Senior, Junior, Master],Total Fit: 0.03
Cromossomo: 4,IDs: [53, 97, 29, 62],Nomes: [Dev53, Dev97, Dev29, Dev62],Fit: [0.60, 0.70, 0.80, 0.60],Nível: [Junior, Middle, Senior, Master],Total Fit: 0.32
Cromossomo: 5,IDs: [82, 28, 27, 46],Nomes: [Dev82, Dev28, Dev27, Dev46],Fit: [0.70, 0.80, 0.70, 0.80],Nível: [Junior, Middle, Senior, Master],Total Fit: 0.30
Cromossomo: 6,IDs: [45, 181, 38, 46],Nomes: [Dev45, Dev181, Dev38, Dev46],Fit: [0.7189265000628452, 0.90, 0.730394425505037, 0.80],Nível: [Junior, Middle, Senior, Master],Total Fit: 0.16
Cromossomo: 7,IDs: [56, 16, 94, 85],Nomes: [Dev56, Dev16, Dev94, Dev85],Fit: [0.7792661013395651, 0.6347598080909368, 0.6842261070242244, 0.8],Nível: [Junior, Middle, Senior, Master],Total Fit: 0.03
Cromossomo: 8,IDs: [82, 28, 27, 402],Nomes: [Dev82, Dev28, Dev27, Dev402],Fit: [0.7016582775036769, 0.8258976998780729, 0.7076833556047528, 0.80],Nível: [Junior, Middle, Senior, Master],Total Fit: 0.36
Cromossomo: 9,IDs: [53, 97, 29, 62],Nomes: [Dev53, Dev97, Dev29, Dev62],Fit: [0.60, 0.70, 0.80, 0.60],Nível: [Junior, Middle, Senior, Master],Total Fit: 0.32
Cromossomo: 10,IDs: [45, 181, 38, 46],Nomes: [Dev45, Dev181, Dev38, Dev46],Fit: [0.7165494970032077, 0.8851704759034678, 0.728157238025261, 0.8],Nível: [Junior, Middle, Senior, Master],Total Fit: 0.16
Cromossomo: 11,IDs: [7, 81, 94, 85],Nomes: [Dev7, Dev81, Dev94, Dev85],Fit: [0.90, 0.80, 0.60, 0.80],Nível: [Middle, Junior, Senior, Master],Total Fit: 0.03
Cromossomo: 12,IDs: [82, 28, 27, 402],Nomes: [Dev82, Dev28, Dev27, Dev402],Fit: [0.7016582775036769, 0.8258976998780729, 0.7076833556047528, 0.80],Nível: [Junior, Middle, Senior, Master],Total Fit: 0.36
Cromossomo: 13,IDs: [45, 97, 29, 62],Nomes: [Dev45, Dev97, Dev29, Dev62],Fit: [0.6878443231390611, 0.7274324692423708, 0.7749741721838674, 0.6473511517383093],Nível: [Junior, Middle, Senior, Master],Total Fit: 0.34
Cromossomo: 14,IDs: [247, 181, 38, 46],Nomes: [Dev247, Dev181, Dev38, Dev46],Fit: [0.70, 0.8161875166868222, 0.80, 0.7699116321030415],Nível: [Junior, Middle, Senior, Master],Total Fit: 0.15
Cromossomo: 15,IDs: [81, 8, 85, 17],Nomes: [Dev81, Dev8, Dev85, Dev17],Fit: [0.80, 0.70, 0.80, 0.70],Nível: [Junior, Middle, Master, Senior],Total Fit: 0.03
Cromossomo: 16,IDs: [45, 181, 351, 62],Nomes: [Dev45, Dev181, Dev351, Dev62],Fit: [0.6896265838270722, 0.8084662726470588, 0.90, 0.6552784232200912],Nível: [Junior, Middle, Senior, Master],Total Fit: 0.46
Cromossomo: 17,IDs: [82, 28, 27, 402],Nomes: [Dev82, Dev28, Dev27, Dev402],Fit: [0.7016582775036769, 0.8258976998780729, 0.7076833556047528, 0.80],Nível: [Junior, Middle, Senior, Master],Total Fit: 0.36
Cromossomo: 18,IDs: [247, 97, 38, 46],Nomes: [Dev247, Dev97, Dev38, Dev46],Fit: [0.6965990510612131, 0.7484212925286058, 0.7933603254590995, 0.758420862451759],Nível: [Junior, Middle, Senior, Master],Total Fit: 0.24
Cromossomo: 19,IDs: [16, 53, 65, 85],Nomes: [Dev16, Dev53, Dev65, Dev85],Fit: [0.60, 0.60, 0.60, 0.80],Nível: [Middle, Junior, Senior, Master],Total Fit: 0.03
Cromossomo: 20,IDs: [45, 181, 351, 62],Nomes: [Dev45, Dev181, Dev351, Dev62],Fit: [0.6896265838270722, 0.8084662726470588, 0.90, 0.6552784232200912],Nível: [Junior, Middle, Senior, Master],Total Fit: 0.46
Cromossomo: 21,IDs: [82, 97, 38, 46],Nomes: [Dev82, Dev97, Dev38, Dev46],Fit: [0.7007805615031097, 0.7812629949032133, 0.7723034728873515, 0.7666162380390609],Nível: [Junior, Middle, Senior, Master],Total Fit: 0.24
Cromossomo: 22,IDs: [326, 28, 94, 136],Nomes: [Dev326, Dev28, Dev94, Dev136],Fit: [0.80, 0.8131517332692302, 1.00, 0.80],Nível: [Junior, Middle, Senior, Master],Total Fit: 0.03
Cromossomo: 23,IDs: [81, 8, 27, 89],Nomes: [Dev81, Dev8, Dev27, Dev89],Fit: [0.80, 0.70, 0.70, 0.80],Nível: [Junior, Middle, Senior, Master],Total Fit: 0.03
Cromossomo: 24,IDs: [45, 181, 351, 62],Nomes: [Dev45, Dev181, Dev351, Dev62],Fit: [0.6896265838270722, 0.8084662726470588, 0.90, 0.6552784232200912],Nível: [Junior, Middle, Senior, Master],Total Fit: 0.46
Cromossomo: 25,IDs: [56, 137, 38, 46],Nomes: [Dev56, Dev137, Dev38, Dev46],Fit: [0.80, 0.80, 0.80, 0.7686968602961048],Nível: [Junior, Middle, Senior, Master],Total Fit: 0.06
Cromossomo: 26,IDs: [82, 97, 27, 89],Nomes: [Dev82, Dev97, Dev27, Dev89],Fit: [0.7239677652695107, 0.747970382441405, 0.7278142900847782, 0.7854289342146915],Nível: [Junior, Middle, Senior, Master],Total Fit: 0.03
Cromossomo: 27,IDs: [47, 8, 94, 85],Nomes: [Dev47, Dev8, Dev94, Dev85],Fit: [0.80, 0.70, 0.60, 0.80],Nível: [Junior, Middle, Senior, Master],Total Fit: 0.03
Cromossomo: 28,IDs: [45, 181, 351, 62],Nomes: [Dev45, Dev181, Dev351, Dev62],Fit: [0.6896265838270722, 0.8084662726470588, 0.90, 0.6552784232200912],Nível: [Junior, Middle, Senior, Master],Total Fit: 0.46
Cromossomo: 29,IDs: [29, 82, 89, 48],Nomes: [Dev29, Dev82, Dev89, Dev48],Fit: [0.80, 0.70, 0.80, 0.90],Nível: [Senior, Junior, Master, Middle],Total Fit: 0.19
Cromossomo: 30,IDs: [425, 8, 94, 46],Nomes: [Dev425, Dev8, Dev94, Dev46],Fit: [0.80, 0.7055571461495886, 0.6605441591416938, 0.7756796654449089],Nível: [Junior, Middle, Senior, Master],Total Fit: 0.18
Cromossomo: 31,IDs: [47, 137, 38, 85],Nomes: [Dev47, Dev137, Dev38, Dev85],Fit: [0.8, 0.7855711420924574, 0.7528703592240794, 0.7864170136987607],Nível: [Junior, Middle, Senior, Master],Total Fit: 0.06
Cromossomo: 32,IDs: [45, 181, 351, 62],Nomes: [Dev45, Dev181, Dev351, Dev62],Fit: [0.6896265838270722, 0.8084662726470588, 0.90, 0.6552784232200912],Nível: [Junior, Middle, Senior, Master],Total Fit: 0.46
Cromossomo: 33,IDs: [446, 8, 392, 85],Nomes: [Dev446, Dev8, Dev392, Dev85],Fit: [0.80, 0.7068313949092173, 0.70, 0.7829485060340092],Nível: [Junior, Middle, Senior, Master],Total Fit: 0.18
Cromossomo: 34,IDs: [47, 137, 94, 46],Nomes: [Dev47, Dev137, Dev94, Dev46],Fit: [0.8, 0.7533219296501028, 0.690961423674282, 0.780218567863774],Nível: [Junior, Middle, Senior, Master],Total Fit: 0.03
Cromossomo: 35,IDs: [82, 16, 17, 89],Nomes: [Dev82, Dev16, Dev17, Dev89],Fit: [0.70, 0.60, 0.70, 0.80],Nível: [Junior, Middle, Senior, Master],Total Fit: 0.03
Cromossomo: 36,IDs: [45, 181, 351, 62],Nomes: [Dev45, Dev181, Dev351, Dev62],Fit: [0.6896265838270722, 0.8084662726470588, 0.90, 0.6552784232200912],Nível: [Junior, Middle, Senior, Master],Total Fit: 0.46
Cromossomo: 37,IDs: [446, 16, 65, 46],Nomes: [Dev446, Dev16, Dev65, Dev46],Fit: [0.782901411644669, 0.613745944834116, 0.70, 0.80],Nível: [Junior, Middle, Senior, Master],Total Fit: 0.14
Cromossomo: 38,IDs: [56, 38, 89, 28],Nomes: [Dev56, Dev38, Dev89, Dev28],Fit: [0.80, 0.80, 0.80, 0.80],Nível: [Junior, Senior, Master, Middle],Total Fit: 0.03
Cromossomo: 39,IDs: [82, 8, 17, 85],Nomes: [Dev82, Dev8, Dev17, Dev85],Fit: [0.7158511972819643, 0.6974115586095964, 0.7, 0.7872070573909384],Nível: [Junior, Middle, Senior, Master],Total Fit: 0.03
Cromossomo: 40,IDs: [53, 7, 29, 46],Nomes: [Dev53, Dev7, Dev29, Dev46],Fit: [0.60, 0.90, 0.80, 0.80],Nível: [Junior, Middle, Senior, Master],Total Fit: 0.74
Cromossomo: 41,IDs: [45, 181, 351, 62],Nomes: [Dev45, Dev181, Dev351, Dev62],Fit: [0.6896265838270722, 0.8084662726470588, 0.90, 0.6552784232200912],Nível: [Junior, Middle, Senior, Master],Total Fit: 0.46
Cromossomo: 42,IDs: [446, 16, 389, 136],Nomes: [Dev446, Dev16, Dev389, Dev136],Fit: [0.7642523189827354, 0.6472287203590761, 0.70, 0.80],Nível: [Junior, Middle, Senior, Master],Total Fit: 0.26
Cromossomo: 43,IDs: [82, 8, 17, 85],Nomes: [Dev82, Dev8, Dev17, Dev85],Fit: [0.7224507085884063, 0.6963979396457435, 0.7, 0.7912093033732222],Nível: [Junior, Middle, Senior, Master],Total Fit: 0.03
Cromossomo: 44,IDs: [53, 7, 29, 46],Nomes: [Dev53, Dev7, Dev29, Dev46],Fit: [0.60, 0.90, 0.80, 0.80],Nível: [Junior, Middle, Senior, Master],Total Fit: 0.74
Cromossomo: 45,IDs: [437, 269, 161, 46],Nomes: [Dev437, Dev269, Dev161, Dev46],Fit: [0.80, 0.80, 0.80, 0.80],Nível: [Junior, Middle, Senior, Master],Total Fit: 0.29
Cromossomo: 46,IDs: [56, 8, 38, 85],Nomes: [Dev56, Dev8, Dev38, Dev85],Fit: [0.80, 0.70, 0.80, 0.80],Nível: [Junior, Middle, Senior, Master],Total Fit: 0.03
Cromossomo: 47,IDs: [446, 181, 389, 62],Nomes: [Dev446, Dev181, Dev389, Dev62],Fit: [0.7619768380065578, 0.7306798755182202, 0.7460416489629113, 0.6617756838234259],Nível: [Junior, Middle, Senior, Master],Total Fit: 0.03
Cromossomo: 48,IDs: [53, 7, 29, 46],Nomes: [Dev53, Dev7, Dev29, Dev46],Fit: [0.60, 0.90, 0.80, 0.80],Nível: [Junior, Middle, Senior, Master],Total Fit: 0.74
Cromossomo: 49,IDs: [56, 269, 38, 85],Nomes: [Dev56, Dev269, Dev38, Dev85],Fit: [0.8, 0.7917985425478107, 0.8, 0.8],Nível: [Junior, Middle, Senior, Master],Total Fit: 0.13
Cromossomo: 50,IDs: [362, 8, 27, 198],Nomes: [Dev362, Dev8, Dev27, Dev198],Fit: [0.80, 0.7144302454501261, 0.80, 0.80],Nível: [Junior, Middle, Senior, Master],Total Fit: 0.03
Cromossomo: 51,IDs: [97, 104, 65, 89],Nomes: [Dev97, Dev104, Dev65, Dev89],Fit: [0.70, 0.60, 0.60, 0.80],Nível: [Middle, Junior, Senior, Master],Total Fit: 0.03
Cromossomo: 52,IDs: [53, 7, 29, 46],Nomes: [Dev53, Dev7, Dev29, Dev46],Fit: [0.60, 0.90, 0.80, 0.80],Nível: [Junior, Middle, Senior, Master],Total Fit: 0.74
Cromossomo: 53,IDs: [362, 269, 27, 198],Nomes: [Dev362, Dev269, Dev27, Dev198],Fit: [0.8, 0.7551542098898892, 0.8, 0.8],Nível: [Junior, Middle, Senior, Master],Total Fit: 0.22
Cromossomo: 54,IDs: [453, 8, 161, 62],Nomes: [Dev453, Dev8, Dev161, Dev62],Fit: [0.80, 0.7242138597815657, 0.80, 0.80],Nível: [Junior, Middle, Senior, Master],Total Fit: 0.03
Cromossomo: 55,IDs: [81, 89, 65, 97],Nomes: [Dev81, Dev89, Dev65, Dev97],Fit: [0.80, 0.80, 0.60, 0.70],Nível: [Junior, Master, Senior, Middle],Total Fit: 0.03
Cromossomo: 56,IDs: [53, 7, 29, 46],Nomes: [Dev53, Dev7, Dev29, Dev46],Fit: [0.60, 0.90, 0.80, 0.80],Nível: [Junior, Middle, Senior, Master],Total Fit: 0.74
Cromossomo: 57,IDs: [229, 8, 94, 327],Nomes: [Dev229, Dev8, Dev94, Dev327],Fit: [0.80, 0.7270923155652868, 1.00, 0.80],Nível: [Junior, Middle, Senior, Master],Total Fit: 0.17
Cromossomo: 58,IDs: [453, 269, 161, 62],Nomes: [Dev453, Dev269, Dev161, Dev62],Fit: [0.8, 0.7484274201674568, 0.8, 0.8],Nível: [Junior, Middle, Senior, Master],Total Fit: 0.03
Cromossomo: 59,IDs: [],Nomes: [],Fit: [],Nível: [],Total Fit: 0.00
Cromossomo: 60,IDs: [53, 7, 29, 46],Nomes: [Dev53, Dev7, Dev29, Dev46],Fit: [0.60, 0.90, 0.80, 0.80],Nível: [Junior, Middle, Senior, Master],Total Fit: 0.74
Cromossomo: 61,IDs: [53, 137, 94, 211],Nomes: [Dev53, Dev137, Dev94, Dev211],Fit: [0.80, 0.80, 0.9909182925738966, 1.00],Nível: [Junior, Middle, Senior, Master],Total Fit: 0.43
Cromossomo: 62,IDs: [453, 269, 161, 62],Nomes: [Dev453, Dev269, Dev161, Dev62],Fit: [0.8, 0.7402326654759124, 0.8561857365181748, 0.8],Nível: [Junior, Middle, Senior, Master],Total Fit: 0.03
Cromossomo: 63,IDs: [97, 89, 27, 82],Nomes: [Dev97, Dev89, Dev27, Dev82],Fit: [0.70, 0.80, 0.70, 0.70],Nível: [Middle, Master, Senior, Junior],Total Fit: 0.03
Cromossomo: 64,IDs: [53, 7, 29, 46],Nomes: [Dev53, Dev7, Dev29, Dev46],Fit: [0.60, 0.90, 0.80, 0.80],Nível: [Junior, Middle, Senior, Master],Total Fit: 0.74
Cromossomo: 65,IDs: [411, 181, 94, 211],Nomes: [Dev411, Dev181, Dev94, Dev211],Fit: [0.80, 0.90, 0.9865377410107877, 0.9047289563515934],Nível: [Junior, Middle, Senior, Master],Total Fit: 0.47
Cromossomo: 66,IDs: [453, 137, 161, 62],Nomes: [Dev453, Dev137, Dev161, Dev62],Fit: [0.8, 0.799156486616787, 0.8946541302612303, 0.8430190684640066],Nível: [Junior, Middle, Senior, Master],Total Fit: 0.03
Cromossomo: 67,IDs: [45, 8, 38, 89],Nomes: [Dev45, Dev8, Dev38, Dev89],Fit: [0.70, 0.70, 0.80, 0.80],Nível: [Junior, Middle, Senior, Master],Total Fit: 0.03
Cromossomo: 68,IDs: [53, 7, 29, 46],Nomes: [Dev53, Dev7, Dev29, Dev46],Fit: [0.60, 0.90, 0.80, 0.80],Nível: [Junior, Middle, Senior, Master],Total Fit: 0.74
Cromossomo: 69,IDs: [414, 8, 94, 211],Nomes: [Dev414, Dev8, Dev94, Dev211],Fit: [0.80, 0.725194454041025, 0.9719728204680048, 1.00],Nível: [Junior, Middle, Senior, Master],Total Fit: 0.52
Cromossomo: 70,IDs: [411, 181, 38, 89],Nomes: [Dev411, Dev181, Dev38, Dev89],Fit: [0.7591164027470824, 0.8490720495798982, 0.8518099805303102, 0.8000441829255421],Nível: [Junior, Middle, Senior, Master],Total Fit: 0.07
Cromossomo: 71,IDs: [28, 104, 27, 85],Nomes: [Dev28, Dev104, Dev27, Dev85],Fit: [0.80, 0.60, 0.70, 0.80],Nível: [Middle, Junior, Senior, Master],Total Fit: 0.03
Cromossomo: 72,IDs: [53, 7, 29, 46],Nomes: [Dev53, Dev7, Dev29, Dev46],Fit: [0.60, 0.90, 0.80, 0.80],Nível: [Junior, Middle, Senior, Master],Total Fit: 0.74
Cromossomo: 73,IDs: [414, 181, 94, 89],Nomes: [Dev414, Dev181, Dev94, Dev89],Fit: [0.7842970273496428, 0.8087138706954444, 0.9164700962139449, 0.8026500431714034],Nível: [Junior, Middle, Senior, Master],Total Fit: 0.17
Cromossomo: 74,IDs: [324, 8, 38, 211],Nomes: [Dev324, Dev8, Dev38, Dev211],Fit: [0.80, 0.773851013444617, 0.8911910190506107, 0.9025867250137425],Nível: [Junior, Middle, Senior, Master],Total Fit: 0.07
Cromossomo: 75,IDs: [47, 65, 48, 62],Nomes: [Dev47, Dev65, Dev48, Dev62],Fit: [0.80, 0.60, 0.90, 0.60],Nível: [Junior, Senior, Middle, Master],Total Fit: 0.03
Cromossomo: 76,IDs: [53, 7, 29, 46],Nomes: [Dev53, Dev7, Dev29, Dev46],Fit: [0.60, 0.90, 0.80, 0.80],Nível: [Junior, Middle, Senior, Master],Total Fit: 0.74
Cromossomo: 77,IDs: [414, 8, 38, 211],Nomes: [Dev414, Dev8, Dev38, Dev211],Fit: [0.7874661922510386, 0.7743252318644672, 0.895414250305035, 0.8584823723431161],Nível: [Junior, Middle, Senior, Master],Total Fit: 0.17
Cromossomo: 78,IDs: [324, 181, 94, 89],Nomes: [Dev324, Dev181, Dev94, Dev89],Fit: [0.7923639465007852, 0.7918763161186491, 0.9127056584969915, 0.8135854457269056],Nível: [Junior, Middle, Senior, Master],Total Fit: 0.03
Cromossomo: 79,IDs: [56, 16, 65, 85],Nomes: [Dev56, Dev16, Dev65, Dev85],Fit: [0.80, 0.60, 0.60, 0.80],Nível: [Junior, Middle, Senior, Master],Total Fit: 0.03
Cromossomo: 80,IDs: [53, 7, 29, 46],Nomes: [Dev53, Dev7, Dev29, Dev46],Fit: [0.60, 0.90, 0.80, 0.80],Nível: [Junior, Middle, Senior, Master],Total Fit: 0.74
Cromossomo: 81,IDs: [414, 270, 65, 85],Nomes: [Dev414, Dev270, Dev65, Dev85],Fit: [0.7906413686638913, 0.80, 0.7234661481541662, 0.8183529088549187],Nível: [Junior, Middle, Senior, Master],Total Fit: 0.03
Cromossomo: 82,IDs: [56, 8, 38, 211],Nomes: [Dev56, Dev8, Dev38, Dev211],Fit: [0.7984277032255663, 0.6967145828588335, 0.7915038341221433, 0.8398572438092309],Nível: [Junior, Middle, Senior, Master],Total Fit: 0.03
Cromossomo: 83,IDs: [16, 55, 17, 62],Nomes: [Dev16, Dev55, Dev17, Dev62],Fit: [0.60, 0.70, 0.70, 0.60],Nível: [Middle, Junior, Senior, Master],Total Fit: 0.03
Cromossomo: 84,IDs: [53, 7, 29, 46],Nomes: [Dev53, Dev7, Dev29, Dev46],Fit: [0.60, 0.90, 0.80, 0.80],Nível: [Junior, Middle, Senior, Master],Total Fit: 0.74
Cromossomo: 85,IDs: [56, 8, 38, 402],Nomes: [Dev56, Dev8, Dev38, Dev402],Fit: [0.795188810120657, 0.7231854961096195, 0.7691460185969856, 0.80],Nível: [Junior, Middle, Senior, Master],Total Fit: 0.19
Cromossomo: 86,IDs: [414, 270, 448, 85],Nomes: [Dev414, Dev270, Dev448, Dev85],Fit: [0.7927174117787328, 0.80, 0.80, 0.8268066207201732],Nível: [Junior, Middle, Senior, Master],Total Fit: 0.03
Cromossomo: 87,IDs: [],Nomes: [],Fit: [],Nível: [],Total Fit: 0.00
Cromossomo: 88,IDs: [53, 7, 29, 46],Nomes: [Dev53, Dev7, Dev29, Dev46],Fit: [0.60, 0.90, 0.80, 0.80],Nível: [Junior, Middle, Senior, Master],Total Fit: 0.74
Cromossomo: 89,IDs: [56, 7, 448, 211],Nomes: [Dev56, Dev7, Dev448, Dev211],Fit: [0.794979138013561, 0.90, 0.7928383333274485, 1.00],Nível: [Junior, Middle, Senior, Master],Total Fit: 0.63
Cromossomo: 90,IDs: [414, 8, 38, 85],Nomes: [Dev414, Dev8, Dev38, Dev85],Fit: [0.7927182349008596, 0.7263443955062019, 0.7835333537020814, 0.8163793386400663],Nível: [Junior, Middle, Senior, Master],Total Fit: 0.03
Cromossomo: 91,IDs: [47, 16, 94, 62],Nomes: [Dev47, Dev16, Dev94, Dev62],Fit: [0.80, 0.60, 0.60, 0.60],Nível: [Junior, Middle, Senior, Master],Total Fit: 0.03
Cromossomo: 92,IDs: [53, 7, 29, 46],Nomes: [Dev53, Dev7, Dev29, Dev46],Fit: [0.60, 0.90, 0.80, 0.80],Nível: [Junior, Middle, Senior, Master],Total Fit: 0.74
Cromossomo: 93,IDs: [47, 7, 94, 211],Nomes: [Dev47, Dev7, Dev94, Dev211],Fit: [0.7982928249361299, 0.8448491493422953, 0.6334174556983303, 0.9974809651843711],Nível: [Junior, Middle, Senior, Master],Total Fit: 0.16
Cromossomo: 94,IDs: [55, 85, 27, 48],Nomes: [Dev55, Dev85, Dev27, Dev48],Fit: [0.70, 0.80, 0.70, 0.90],Nível: [Junior, Master, Senior, Middle],Total Fit: 0.12
Cromossomo: 95,IDs: [365, 16, 448, 211],Nomes: [Dev365, Dev16, Dev448, Dev211],Fit: [0.80, 0.6709208082152591, 0.7207932837317741, 0.8150499860747937],Nível: [Junior, Middle, Senior, Master],Total Fit: 0.03
Cromossomo: 96,IDs: [53, 7, 29, 46],Nomes: [Dev53, Dev7, Dev29, Dev46],Fit: [0.60, 0.90, 0.80, 0.80],Nível: [Junior, Middle, Senior, Master],Total Fit: 0.74
Cromossomo: 97,IDs: [56, 28, 38, 62],Nomes: [Dev56, Dev28, Dev38, Dev62],Fit: [0.80, 0.80, 0.80, 0.60],Nível: [Junior, Middle, Senior, Master],Total Fit: 0.18
Cromossomo: 98,IDs: [308, 7, 94, 211],Nomes: [Dev308, Dev7, Dev94, Dev211],Fit: [0.80, 0.7895218496919179, 0.6554969776355444, 0.879230857370896],Nível: [Junior, Middle, Senior, Master],Total Fit: 0.16
Cromossomo: 99,IDs: [365, 16, 448, 211],Nomes: [Dev365, Dev16, Dev448, Dev211],Fit: [0.7991622328787016, 0.7342062507614222, 0.7144450150121878, 0.9335970159012276],Nível: [Junior, Middle, Senior, Master],Total Fit: 0.03
Cromossomo: 100,IDs: [447, 28, 27, 211],Nomes: [Dev447, Dev28, Dev27, Dev211],Fit: [0.80, 0.7968567367706335, 0.80, 0.8678017522375787],Nível: [Junior, Middle, Senior, Master],Total Fit: 2.29
Cromossomo: 101,IDs: [56, 7, 38, 62],Nomes: [Dev56, Dev7, Dev38, Dev62],Fit: [0.8, 0.7921568493358662, 0.7293858115543685, 0.6466476098305911],Nível: [Junior, Middle, Senior, Master],Total Fit: 1.25
Cromossomo: 102,IDs: [53, 7, 29, 46],Nomes: [Dev53, Dev7, Dev29, Dev46],Fit: [0.60, 0.90, 0.80, 0.80],Nível: [Junior, Middle, Senior, Master],Total Fit: 0.74
Cromossomo: 103,IDs: [81, 8, 94, 89],Nomes: [Dev81, Dev8, Dev94, Dev89],Fit: [0.80, 0.70, 0.60, 0.80],Nível: [Junior, Middle, Senior, Master],Total Fit: 0.03
Cromossomo: 104,IDs: [447, 28, 27, 211],Nomes: [Dev447, Dev28, Dev27, Dev211],Fit: [0.80, 0.7968567367706335, 0.80, 0.8678017522375787],Nível: [Junior, Middle, Senior, Master],Total Fit: 2.29
Cromossomo: 105,IDs: [56, 7, 29, 46],Nomes: [Dev56, Dev7, Dev29, Dev46],Fit: [0.7730855750255458, 0.825823797621231, 0.7784463359726633, 0.729034331770149],Nível: [Junior, Middle, Senior, Master],Total Fit: 1.30
Cromossomo: 106,IDs: [55, 97, 38, 85],Nomes: [Dev55, Dev97, Dev38, Dev85],Fit: [0.70, 0.70, 0.80, 0.80],Nível: [Junior, Middle, Senior, Master],Total Fit: 0.24
Cromossomo: 107,IDs: [53, 181, 27, 62],Nomes: [Dev53, Dev181, Dev27, Dev62],Fit: [0.6193297655240956, 0.90, 0.80, 0.6992133942712577],Nível: [Junior, Middle, Senior, Master],Total Fit: 0.06
Cromossomo: 108,IDs: [447, 28, 27, 211],Nomes: [Dev447, Dev28, Dev27, Dev211],Fit: [0.80, 0.7968567367706335, 0.80, 0.8678017522375787],Nível: [Junior, Middle, Senior, Master],Total Fit: 2.29
Cromossomo: 109,IDs: [242, 7, 161, 402],Nomes: [Dev242, Dev7, Dev161, Dev402],Fit: [0.80, 0.8170244934868044, 0.80, 0.80],Nível: [Junior, Middle, Senior, Master],Total Fit: 0.39
Cromossomo: 110,IDs: [56, 97, 38, 46],Nomes: [Dev56, Dev97, Dev38, Dev46],Fit: [0.7556029148853923, 0.747851715289605, 0.7939295326328251, 0.7316068971816626],Nível: [Junior, Middle, Senior, Master],Total Fit: 0.24
Cromossomo: 111,IDs: [81, 48, 17, 62],Nomes: [Dev81, Dev48, Dev17, Dev62],Fit: [0.80, 0.90, 0.70, 0.60],Nível: [Junior, Middle, Senior, Master],Total Fit: 0.03
Cromossomo: 112,IDs: [447, 28, 27, 211],Nomes: [Dev447, Dev28, Dev27, Dev211],Fit: [0.80, 0.7968567367706335, 0.80, 0.8678017522375787],Nível: [Junior, Middle, Senior, Master],Total Fit: 2.29
Cromossomo: 113,IDs: [56, 8, 29, 89],Nomes: [Dev56, Dev8, Dev29, Dev89],Fit: [0.80, 0.70, 0.80, 0.80],Nível: [Junior, Middle, Senior, Master],Total Fit: 0.19
Cromossomo: 114,IDs: [453, 7, 38, 327],Nomes: [Dev453, Dev7, Dev38, Dev327],Fit: [0.80, 0.90, 0.80, 0.80],Nível: [Junior, Middle, Senior, Master],Total Fit: 0.03
Cromossomo: 115,IDs: [81, 48, 161, 62],Nomes: [Dev81, Dev48, Dev161, Dev62],Fit: [0.8, 0.8850989162161316, 0.795727930461875, 0.6432719692159701],Nível: [Junior, Middle, Senior, Master],Total Fit: 0.03
Cromossomo: 116,IDs: [447, 28, 27, 211],Nomes: [Dev447, Dev28, Dev27, Dev211],Fit: [0.80, 0.7968567367706335, 0.80, 0.8678017522375787],Nível: [Junior, Middle, Senior, Master],Total Fit: 2.29
Cromossomo: 117,IDs: [104, 8, 29, 62],Nomes: [Dev104, Dev8, Dev29, Dev62],Fit: [0.60, 0.70, 0.80, 0.60],Nível: [Junior, Middle, Senior, Master],Total Fit: 0.32
Cromossomo: 118,IDs: [326, 181, 94, 211],Nomes: [Dev326, Dev181, Dev94, Dev211],Fit: [0.80, 0.90, 1.00, 1.00],Nível: [Junior, Middle, Senior, Master],Total Fit: 0.19
Cromossomo: 119,IDs: [453, 7, 38, 327],Nomes: [Dev453, Dev7, Dev38, Dev327],Fit: [0.8, 0.8438571868693597, 0.8, 0.8],Nível: [Junior, Middle, Senior, Master],Total Fit: 0.03
Cromossomo: 120,IDs: [447, 28, 27, 211],Nomes: [Dev447, Dev28, Dev27, Dev211],Fit: [0.80, 0.7968567367706335, 0.80, 0.8678017522375787],Nível: [Junior, Middle, Senior, Master],Total Fit: 2.29
Cromossomo: 121,IDs: [326, 8, 94, 211],Nomes: [Dev326, Dev8, Dev94, Dev211],Fit: [0.7588648396861982, 0.7492265169896628, 0.9022429815045596, 0.9858693262860329],Nível: [Junior, Middle, Senior, Master],Total Fit: 0.17
Cromossomo: 122,IDs: [104, 181, 94, 62],Nomes: [Dev104, Dev181, Dev94, Dev62],Fit: [0.6163145838116884, 0.8018207941854117, 0.9322249471713435, 0.6768599559287016],Nível: [Junior, Middle, Senior, Master],Total Fit: 0.03
Cromossomo: 123,IDs: [55, 97, 17, 89],Nomes: [Dev55, Dev97, Dev17, Dev89],Fit: [0.70, 0.70, 0.70, 0.80],Nível: [Junior, Middle, Senior, Master],Total Fit: 0.03
Cromossomo: 124,IDs: [447, 28, 27, 211],Nomes: [Dev447, Dev28, Dev27, Dev211],Fit: [0.80, 0.7968567367706335, 0.80, 0.8678017522375787],Nível: [Junior, Middle, Senior, Master],Total Fit: 2.29
Cromossomo: 125,IDs: [326, 8, 94, 211],Nomes: [Dev326, Dev8, Dev94, Dev211],Fit: [0.752618675341652, 0.7442278249926062, 0.8418985915263548, 0.9589706034384025],Nível: [Junior, Middle, Senior, Master],Total Fit: 0.16
Cromossomo: 126,IDs: [362, 7, 17, 211],Nomes: [Dev362, Dev7, Dev17, Dev211],Fit: [0.80, 0.90, 0.7226974803367295, 0.9004649093578989],Nível: [Junior, Middle, Senior, Master],Total Fit: 0.03
Cromossomo: 127,IDs: [55, 16, 65, 62],Nomes: [Dev55, Dev16, Dev65, Dev62],Fit: [0.70, 0.60, 0.60, 0.60],Nível: [Junior, Middle, Senior, Master],Total Fit: 0.03
Cromossomo: 128,IDs: [447, 28, 27, 211],Nomes: [Dev447, Dev28, Dev27, Dev211],Fit: [0.80, 0.7968567367706335, 0.80, 0.8678017522375787],Nível: [Junior, Middle, Senior, Master],Total Fit: 2.29
Cromossomo: 129,IDs: [326, 16, 94, 211],Nomes: [Dev326, Dev16, Dev94, Dev211],Fit: [0.7361784651931033, 0.6192444996518481, 0.8016970044359575, 0.8744107480900691],Nível: [Junior, Middle, Senior, Master],Total Fit: 0.15
Cromossomo: 130,IDs: [119, 183, 65, 211],Nomes: [Dev119, Dev183, Dev65, Dev211],Fit: [0.80, 0.80, 0.6325887935509384, 0.905789022695483],Nível: [Junior, Middle, Senior, Master],Total Fit: 0.03
Cromossomo: 131,IDs: [55, 8, 17, 89],Nomes: [Dev55, Dev8, Dev17, Dev89],Fit: [0.70, 0.70, 0.70, 0.80],Nível: [Junior, Middle, Senior, Master],Total Fit: 0.03
Cromossomo: 132,IDs: [447, 28, 27, 211],Nomes: [Dev447, Dev28, Dev27, Dev211],Fit: [0.80, 0.7968567367706335, 0.80, 0.8678017522375787],Nível: [Junior, Middle, Senior, Master],Total Fit: 2.29
Cromossomo: 133,IDs: [335, 8, 94, 211],Nomes: [Dev335, Dev8, Dev94, Dev211],Fit: [0.90, 0.6670568989828585, 0.7820632869397758, 1.00],Nível: [Junior, Middle, Senior, Master],Total Fit: 0.17
Cromossomo: 134,IDs: [53, 97, 65, 46],Nomes: [Dev53, Dev97, Dev65, Dev46],Fit: [0.60, 0.70, 0.60, 0.80],Nível: [Junior, Middle, Senior, Master],Total Fit: 0.16
Cromossomo: 135,IDs: [326, 16, 17, 89],Nomes: [Dev326, Dev16, Dev17, Dev89],Fit: [0.7289255954310069, 0.6415731291777997, 0.7217796119978557, 0.825045499308414],Nível: [Junior, Middle, Senior, Master],Total Fit: 0.03
Cromossomo: 136,IDs: [447, 28, 27, 211],Nomes: [Dev447, Dev28, Dev27, Dev211],Fit: [0.80, 0.7968567367706335, 0.80, 0.8678017522375787],Nível: [Junior, Middle, Senior, Master],Total Fit: 2.29
Cromossomo: 137,IDs: [53, 7, 29, 46],Nomes: [Dev53, Dev7, Dev29, Dev46],Fit: [0.6739074941423555, 0.90, 0.80, 0.8548222038013212],Nível: [Junior, Middle, Senior, Master],Total Fit: 0.77
Cromossomo: 138,IDs: [335, 97, 94, 211],Nomes: [Dev335, Dev97, Dev94, Dev211],Fit: [0.8058238305658179, 0.6942317030936801, 0.7232389520120781, 0.9501329006343043],Nível: [Junior, Middle, Senior, Master],Total Fit: 0.16
Cromossomo: 139,IDs: [55, 8, 65, 62],Nomes: [Dev55, Dev8, Dev65, Dev62],Fit: [0.70, 0.70, 0.60, 0.60],Nível: [Junior, Middle, Senior, Master],Total Fit: 0.03
Cromossomo: 140,IDs: [447, 28, 27, 211],Nomes: [Dev447, Dev28, Dev27, Dev211],Fit: [0.80, 0.7968567367706335, 0.80, 0.8678017522375787],Nível: [Junior, Middle, Senior, Master],Total Fit: 2.29
Cromossomo: 141,IDs: [53, 270, 38, 136],Nomes: [Dev53, Dev270, Dev38, Dev136],Fit: [0.6800074978048862, 0.80, 0.80, 0.80],Nível: [Junior, Middle, Senior, Master],Total Fit: 0.34
Cromossomo: 142,IDs: [55, 8, 29, 46],Nomes: [Dev55, Dev8, Dev29, Dev46],Fit: [0.6919009214442019, 0.7102220202291872, 0.7760903033452001, 0.8401158275962064],Nível: [Junior, Middle, Senior, Master],Total Fit: 0.03
Cromossomo: 143,IDs: [82, 97, 65, 85],Nomes: [Dev82, Dev97, Dev65, Dev85],Fit: [0.70, 0.70, 0.60, 0.80],Nível: [Junior, Middle, Senior, Master],Total Fit: 0.03
Cromossomo: 144,IDs: [447, 28, 27, 211],Nomes: [Dev447, Dev28, Dev27, Dev211],Fit: [0.80, 0.7968567367706335, 0.80, 0.8678017522375787],Nível: [Junior, Middle, Senior, Master],Total Fit: 2.29
Cromossomo: 145,IDs: [53, 270, 448, 46],Nomes: [Dev53, Dev270, Dev448, Dev46],Fit: [0.686922716569204, 0.7607384196694403, 0.80, 0.80],Nível: [Junior, Middle, Senior, Master],Total Fit: 0.18
Cromossomo: 146,IDs: [45, 7, 38, 89],Nomes: [Dev45, Dev7, Dev38, Dev89],Fit: [0.70, 0.90, 0.80, 0.80],Nível: [Junior, Middle, Senior, Master],Total Fit: 0.03
Cromossomo: 147,IDs: [82, 97, 65, 85],Nomes: [Dev82, Dev97, Dev65, Dev85],Fit: [0.6953485032350756, 0.7459741680409179, 0.6387930273636941, 0.8],Nível: [Junior, Middle, Senior, Master],Total Fit: 0.03
Cromossomo: 148,IDs: [447, 28, 27, 211],Nomes: [Dev447, Dev28, Dev27, Dev211],Fit: [0.80, 0.7968567367706335, 0.80, 0.8678017522375787],Nível: [Junior, Middle, Senior, Master],Total Fit: 2.29
Cromossomo: 149,IDs: [81, 7, 29, 85],Nomes: [Dev81, Dev7, Dev29, Dev85],Fit: [0.80, 0.90, 0.80, 0.80],Nível: [Junior, Middle, Senior, Master],Total Fit: 0.59
Cromossomo: 150,IDs: [453, 269, 94, 62],Nomes: [Dev453, Dev269, Dev94, Dev62],Fit: [0.80, 0.80, 1.00, 0.80],Nível: [Junior, Middle, Senior, Master],Total Fit: 0.03
Cromossomo: 151,IDs: [45, 270, 38, 89],Nomes: [Dev45, Dev270, Dev38, Dev89],Fit: [0.6936313412478964, 0.810422428423583, 0.8, 0.8],Nível: [Junior, Middle, Senior, Master],Total Fit: 0.03
Cromossomo: 152,IDs: [447, 28, 27, 211],Nomes: [Dev447, Dev28, Dev27, Dev211],Fit: [0.80, 0.7968567367706335, 0.80, 0.8678017522375787],Nível: [Junior, Middle, Senior, Master],Total Fit: 2.29
Cromossomo: 153,IDs: [445, 181, 29, 311],Nomes: [Dev445, Dev181, Dev29, Dev311],Fit: [0.90, 0.90, 0.8492449800372222, 0.80],Nível: [Junior, Middle, Senior, Master],Total Fit: 0.41
Cromossomo: 154,IDs: [453, 269, 94, 62],Nomes: [Dev453, Dev269, Dev94, Dev62],Fit: [0.8, 0.821045251706592, 0.9213859498790185, 0.8],Nível: [Junior, Middle, Senior, Master],Total Fit: 0.03
Cromossomo: 155,IDs: [45, 8, 65, 89],Nomes: [Dev45, Dev8, Dev65, Dev89],Fit: [0.70, 0.70, 0.60, 0.80],Nível: [Junior, Middle, Senior, Master],Total Fit: 0.03
Cromossomo: 156,IDs: [447, 28, 27, 211],Nomes: [Dev447, Dev28, Dev27, Dev211],Fit: [0.80, 0.7968567367706335, 0.80, 0.8678017522375787],Nível: [Junior, Middle, Senior, Master],Total Fit: 2.29
Cromossomo: 157,IDs: [359, 137, 29, 46],Nomes: [Dev359, Dev137, Dev29, Dev46],Fit: [0.90, 0.80, 0.7261704818411854, 0.80],Nível: [Junior, Middle, Senior, Master],Total Fit: 0.03
Cromossomo: 158,IDs: [445, 8, 65, 89],Nomes: [Dev445, Dev8, Dev65, Dev89],Fit: [0.8489308205881425, 0.7880438373555485, 0.6976176979654498, 0.8],Nível: [Junior, Middle, Senior, Master],Total Fit: 0.03
Cromossomo: 159,IDs: [97, 94, 104, 85],Nomes: [Dev97, Dev94, Dev104, Dev85],Fit: [0.70, 0.60, 0.60, 0.80],Nível: [Middle, Senior, Junior, Master],Total Fit: 0.03
Cromossomo: 160,IDs: [447, 28, 27, 211],Nomes: [Dev447, Dev28, Dev27, Dev211],Fit: [0.80, 0.7968567367706335, 0.80, 0.8678017522375787],Nível: [Junior, Middle, Senior, Master],Total Fit: 2.29
Cromossomo: 161,IDs: [445, 8, 65, 62],Nomes: [Dev445, Dev8, Dev65, Dev62],Fit: [0.869235211418514, 0.7881853462864137, 0.7024365068214351, 0.80],Nível: [Junior, Middle, Senior, Master],Total Fit: 0.57
Cromossomo: 162,IDs: [359, 137, 29, 46],Nomes: [Dev359, Dev137, Dev29, Dev46],Fit: [0.8779192835194487, 0.7970737627149226, 0.7122439308637094, 0.8],Nível: [Junior, Middle, Senior, Master],Total Fit: 0.03
Cromossomo: 163,IDs: [82, 97, 17, 85],Nomes: [Dev82, Dev97, Dev17, Dev85],Fit: [0.70, 0.70, 0.70, 0.80],Nível: [Junior, Middle, Senior, Master],Total Fit: 0.03
Cromossomo: 164,IDs: [447, 28, 27, 211],Nomes: [Dev447, Dev28, Dev27, Dev211],Fit: [0.80, 0.7968567367706335, 0.80, 0.8678017522375787],Nível: [Junior, Middle, Senior, Master],Total Fit: 2.29
Cromossomo: 165,IDs: [445, 8, 29, 327],Nomes: [Dev445, Dev8, Dev29, Dev327],Fit: [0.7926435954502964, 0.7767445936301779, 0.80, 0.80],Nível: [Junior, Middle, Senior, Master],Total Fit: 0.38
Cromossomo: 166,IDs: [82, 97, 17, 62],Nomes: [Dev82, Dev97, Dev17, Dev62],Fit: [0.7062597754037753, 0.706554066845212, 0.7009565873898926, 0.8],Nível: [Junior, Middle, Senior, Master],Total Fit: 0.17
Cromossomo: 167,IDs: [81, 48, 65, 46],Nomes: [Dev81, Dev48, Dev65, Dev46],Fit: [0.80, 0.90, 0.60, 0.80],Nível: [Junior, Middle, Senior, Master],Total Fit: 0.03
Cromossomo: 168,IDs: [447, 28, 27, 211],Nomes: [Dev447, Dev28, Dev27, Dev211],Fit: [0.80, 0.7968567367706335, 0.80, 0.8678017522375787],Nível: [Junior, Middle, Senior, Master],Total Fit: 2.29
Cromossomo: 169,IDs: [308, 48, 161, 62],Nomes: [Dev308, Dev48, Dev161, Dev62],Fit: [0.80, 0.8967056708403918, 0.80, 0.80],Nível: [Junior, Middle, Senior, Master],Total Fit: 0.03
Cromossomo: 170,IDs: [445, 8, 65, 327],Nomes: [Dev445, Dev8, Dev65, Dev327],Fit: [0.7933465631924392, 0.807233981074342, 0.6349690209984262, 0.8],Nível: [Junior, Middle, Senior, Master],Total Fit: 0.03
Cromossomo: 171,IDs: [81, 16, 17, 89],Nomes: [Dev81, Dev16, Dev17, Dev89],Fit: [0.80, 0.60, 0.70, 0.80],Nível: [Junior, Middle, Senior, Master],Total Fit: 0.03
Cromossomo: 172,IDs: [447, 28, 27, 211],Nomes: [Dev447, Dev28, Dev27, Dev211],Fit: [0.80, 0.7968567367706335, 0.80, 0.8678017522375787],Nível: [Junior, Middle, Senior, Master],Total Fit: 2.29
Cromossomo: 173,IDs: [445, 181, 65, 402],Nomes: [Dev445, Dev181, Dev65, Dev402],Fit: [0.7954639425217033, 0.90, 0.6669403162483033, 0.80],Nível: [Junior, Middle, Senior, Master],Total Fit: 0.38
Cromossomo: 174,IDs: [82, 48, 29, 89],Nomes: [Dev82, Dev48, Dev29, Dev89],Fit: [0.70, 0.90, 0.80, 0.80],Nível: [Junior, Middle, Senior, Master],Total Fit: 0.19
Cromossomo: 175,IDs: [81, 8, 17, 327],Nomes: [Dev81, Dev8, Dev17, Dev327],Fit: [0.7973433917385997, 0.7248437529505716, 0.6803484881456427, 0.8],Nível: [Junior, Middle, Senior, Master],Total Fit: 0.03
Cromossomo: 176,IDs: [447, 28, 27, 211],Nomes: [Dev447, Dev28, Dev27, Dev211],Fit: [0.80, 0.7968567367706335, 0.80, 0.8678017522375787],Nível: [Junior, Middle, Senior, Master],Total Fit: 2.29
Cromossomo: 177,IDs: [445, 7, 38, 46],Nomes: [Dev445, Dev7, Dev38, Dev46],Fit: [0.7704647755435231, 0.90, 0.80, 0.80],Nível: [Junior, Middle, Senior, Master],Total Fit: 0.59
Cromossomo: 178,IDs: [82, 48, 29, 89],Nomes: [Dev82, Dev48, Dev29, Dev89],Fit: [0.7000534824653042, 0.9, 0.7651879741911783, 0.8],Nível: [Junior, Middle, Senior, Master],Total Fit: 0.19
Cromossomo: 179,IDs: [45, 62, 94, 16],Nomes: [Dev45, Dev62, Dev94, Dev16],Fit: [0.70, 0.60, 0.60, 0.60],Nível: [Junior, Master, Senior, Middle],Total Fit: 0.18
Cromossomo: 180,IDs: [447, 28, 27, 211],Nomes: [Dev447, Dev28, Dev27, Dev211],Fit: [0.80, 0.7968567367706335, 0.80, 0.8678017522375787],Nível: [Junior, Middle, Senior, Master],Total Fit: 2.29
Cromossomo: 181,IDs: [445, 48, 29, 89],Nomes: [Dev445, Dev48, Dev29, Dev89],Fit: [0.7434955371809597, 0.9, 0.7805375842363071, 0.8],Nível: [Junior, Middle, Senior, Master],Total Fit: 0.39
Cromossomo: 182,IDs: [220, 48, 161, 402],Nomes: [Dev220, Dev48, Dev161, Dev402],Fit: [0.90, 0.9000000000000001, 0.80, 0.80],Nível: [Junior, Middle, Senior, Master],Total Fit: 0.03
Cromossomo: 183,IDs: [],Nomes: [],Fit: [],Nível: [],Total Fit: 0.00
Cromossomo: 184,IDs: [447, 28, 27, 211],Nomes: [Dev447, Dev28, Dev27, Dev211],Fit: [0.80, 0.7968567367706335, 0.80, 0.8678017522375787],Nível: [Junior, Middle, Senior, Master],Total Fit: 2.29
Cromossomo: 185,IDs: [220, 48, 29, 402],Nomes: [Dev220, Dev48, Dev29, Dev402],Fit: [0.8913454662891493, 0.9000000000000001, 0.7836914642518822, 0.8],Nível: [Junior, Middle, Senior, Master],Total Fit: 0.41
Cromossomo: 186,IDs: [336, 48, 38, 198],Nomes: [Dev336, Dev48, Dev38, Dev198],Fit: [0.90, 0.9000000000000001, 0.80, 0.80],Nível: [Junior, Middle, Senior, Master],Total Fit: 0.03
Cromossomo: 187,IDs: [82, 8, 85, 94],Nomes: [Dev82, Dev8, Dev85, Dev94],Fit: [0.70, 0.70, 0.80, 0.60],Nível: [Junior, Middle, Master, Senior],Total Fit: 0.03
Cromossomo: 188,IDs: [447, 28, 27, 211],Nomes: [Dev447, Dev28, Dev27, Dev211],Fit: [0.80, 0.7968567367706335, 0.80, 0.8678017522375787],Nível: [Junior, Middle, Senior, Master],Total Fit: 2.29
Cromossomo: 189,IDs: [445, 48, 448, 62],Nomes: [Dev445, Dev48, Dev448, Dev62],Fit: [0.90, 0.9000000000000001, 0.80, 0.80],Nível: [Junior, Middle, Senior, Master],Total Fit: 0.61
Cromossomo: 190,IDs: [336, 48, 38, 198],Nomes: [Dev336, Dev48, Dev38, Dev198],Fit: [0.8977436268195023, 0.9000000000000001, 0.7960071208167891, 0.8],Nível: [Junior, Middle, Senior, Master],Total Fit: 0.03
Cromossomo: 191,IDs: [47, 97, 94, 89],Nomes: [Dev47, Dev97, Dev94, Dev89],Fit: [0.80, 0.70, 0.60, 0.80],Nível: [Junior, Middle, Senior, Master],Total Fit: 0.03
Cromossomo: 192,IDs: [447, 28, 27, 211],Nomes: [Dev447, Dev28, Dev27, Dev211],Fit: [0.80, 0.7968567367706335, 0.80, 0.8678017522375787],Nível: [Junior, Middle, Senior, Master],Total Fit: 2.29
Cromossomo: 193,IDs: [445, 97, 94, 211],Nomes: [Dev445, Dev97, Dev94, Dev211],Fit: [0.8509229687949365, 0.7356758526147733, 1.00, 1.00],Nível: [Junior, Middle, Senior, Master],Total Fit: 0.18
Cromossomo: 194,IDs: [53, 16, 29, 46],Nomes: [Dev53, Dev16, Dev29, Dev46],Fit: [0.60, 0.60, 0.80, 0.80],Nível: [Junior, Middle, Senior, Master],Total Fit: 0.17
Cromossomo: 195,IDs: [47, 48, 448, 89],Nomes: [Dev47, Dev48, Dev448, Dev89],Fit: [0.82311975984666, 0.8591238510747233, 0.725632293550451, 0.8],Nível: [Junior, Middle, Senior, Master],Total Fit: 0.03
Cromossomo: 196,IDs: [447, 28, 27, 211],Nomes: [Dev447, Dev28, Dev27, Dev211],Fit: [0.80, 0.7968567367706335, 0.80, 0.8678017522375787],Nível: [Junior, Middle, Senior, Master],Total Fit: 2.29
Cromossomo: 197,IDs: [317, 181, 29, 211],Nomes: [Dev317, Dev181, Dev29, Dev211],Fit: [0.80, 0.90, 0.8459660461457084, 0.9454039729706063],Nível: [Junior, Middle, Senior, Master],Total Fit: 0.03
Cromossomo: 198,IDs: [445, 16, 94, 46],Nomes: [Dev445, Dev16, Dev94, Dev46],Fit: [0.7764572283201046, 0.667674091115797, 0.9108387535816571, 0.835569307199456],Nível: [Junior, Middle, Senior, Master],Total Fit: 0.03
Cromossomo: 199,IDs: [53, 7, 65, 89],Nomes: [Dev53, Dev7, Dev65, Dev89],Fit: [0.60, 0.90, 0.60, 0.80],Nível: [Junior, Middle, Senior, Master],Total Fit: 0.03
Cromossomo: 200,IDs: [447, 28, 27, 211],Nomes: [Dev447, Dev28, Dev27, Dev211],Fit: [0.80, 0.7968567367706335, 0.80, 0.8678017522375787],Nível: [Junior, Middle, Senior, Master],Total Fit: 2.29
Cromossomo: 201,IDs: [317, 7, 29, 211],Nomes: [Dev317, Dev7, Dev29, Dev211],Fit: [0.7544849214616808, 0.90, 0.749684878706986, 0.8939635005565377],Nível: [Junior, Middle, Senior, Master],Total Fit: 0.59
Cromossomo: 202,IDs: [82, 48, 94, 62],Nomes: [Dev82, Dev48, Dev94, Dev62],Fit: [0.70, 0.90, 0.60, 0.60],Nível: [Junior, Middle, Senior, Master],Total Fit: 0.17
Cromossomo: 203,IDs: [53, 181, 65, 211],Nomes: [Dev53, Dev181, Dev65, Dev211],Fit: [0.670414917923874, 0.9, 0.6093547828540232, 0.9371694970806441],Nível: [Junior, Middle, Senior, Master],Total Fit: 0.06
Cromossomo: 204,IDs: [447, 28, 27, 211],Nomes: [Dev447, Dev28, Dev27, Dev211],Fit: [0.80, 0.7968567367706335, 0.80, 0.8678017522375787],Nível: [Junior, Middle, Senior, Master],Total Fit: 2.29
Cromossomo: 205,IDs: [82, 48, 94, 62],Nomes: [Dev82, Dev48, Dev94, Dev62],Fit: [0.7160010371859225, 0.9, 0.6149850994073125, 0.6006173894944857],Nível: [Junior, Middle, Senior, Master],Total Fit: 0.17
Cromossomo: 206,IDs: [317, 48, 161, 211],Nomes: [Dev317, Dev48, Dev161, Dev211],Fit: [0.7409045898091546, 0.9000000000000001, 0.80, 0.8622995801576346],Nível: [Junior, Middle, Senior, Master],Total Fit: 0.07
Cromossomo: 207,IDs: [85, 8, 47, 65],Nomes: [Dev85, Dev8, Dev47, Dev65],Fit: [0.80, 0.70, 0.80, 0.60],Nível: [Master, Middle, Junior, Senior],Total Fit: 0.03
Cromossomo: 208,IDs: [447, 28, 27, 211],Nomes: [Dev447, Dev28, Dev27, Dev211],Fit: [0.80, 0.7968567367706335, 0.80, 0.8678017522375787],Nível: [Junior, Middle, Senior, Master],Total Fit: 2.29
Cromossomo: 209,IDs: [82, 48, 38, 211],Nomes: [Dev82, Dev48, Dev38, Dev211],Fit: [0.7171188641684394, 0.9000000000000001, 0.80, 0.747721226031966],Nível: [Junior, Middle, Senior, Master],Total Fit: 0.06
Cromossomo: 210,IDs: [45, 97, 29, 85],Nomes: [Dev45, Dev97, Dev29, Dev85],Fit: [0.70, 0.70, 0.80, 0.80],Nível: [Junior, Middle, Senior, Master],Total Fit: 0.03
Cromossomo: 211,IDs: [317, 48, 94, 62],Nomes: [Dev317, Dev48, Dev94, Dev62],Fit: [0.7401828442723247, 0.9000000000000001, 0.6644133036081762, 0.6841110040583325],Nível: [Junior, Middle, Senior, Master],Total Fit: 0.03
Cromossomo: 212,IDs: [447, 28, 27, 211],Nomes: [Dev447, Dev28, Dev27, Dev211],Fit: [0.80, 0.7968567367706335, 0.80, 0.8678017522375787],Nível: [Junior, Middle, Senior, Master],Total Fit: 2.29
Cromossomo: 213,IDs: [82, 48, 29, 211],Nomes: [Dev82, Dev48, Dev29, Dev211],Fit: [0.7163533608317947, 0.8115947232955192, 0.8, 0.7524474579865681],Nível: [Junior, Middle, Senior, Master],Total Fit: 0.25
Cromossomo: 214,IDs: [356, 97, 448, 198],Nomes: [Dev356, Dev97, Dev448, Dev198],Fit: [0.80, 0.7034495841415705, 0.80, 0.80],Nível: [Junior, Middle, Senior, Master],Total Fit: 0.12
Cromossomo: 215,IDs: [55, 7, 17, 89],Nomes: [Dev55, Dev7, Dev17, Dev89],Fit: [0.70, 0.90, 0.70, 0.80],Nível: [Junior, Middle, Senior, Master],Total Fit: 0.03
Cromossomo: 216,IDs: [447, 28, 27, 211],Nomes: [Dev447, Dev28, Dev27, Dev211],Fit: [0.80, 0.7968567367706335, 0.80, 0.8678017522375787],Nível: [Junior, Middle, Senior, Master],Total Fit: 2.29
Cromossomo: 217,IDs: [56, 97, 38, 85],Nomes: [Dev56, Dev97, Dev38, Dev85],Fit: [0.80, 0.70, 0.80, 0.80],Nível: [Junior, Middle, Senior, Master],Total Fit: 0.25
Cromossomo: 218,IDs: [356, 7, 17, 89],Nomes: [Dev356, Dev7, Dev17, Dev89],Fit: [0.7774337629209909, 0.8818096461679977, 0.7318169057820626, 0.8],Nível: [Junior, Middle, Senior, Master],Total Fit: 0.13
Cromossomo: 219,IDs: [55, 181, 448, 136],Nomes: [Dev55, Dev181, Dev448, Dev136],Fit: [0.7345862604580958, 0.90, 0.7943054543370998, 0.80],Nível: [Junior, Middle, Senior, Master],Total Fit: 0.03
Cromossomo: 220,IDs: [447, 28, 27, 211],Nomes: [Dev447, Dev28, Dev27, Dev211],Fit: [0.80, 0.7968567367706335, 0.80, 0.8678017522375787],Nível: [Junior, Middle, Senior, Master],Total Fit: 2.29
Cromossomo: 221,IDs: [56, 7, 38, 85],Nomes: [Dev56, Dev7, Dev38, Dev85],Fit: [0.7999297383063501, 0.8783448609920586, 0.7977250300580595, 0.8],Nível: [Junior, Middle, Senior, Master],Total Fit: 0.59
Cromossomo: 222,IDs: [365, 181, 94, 311],Nomes: [Dev365, Dev181, Dev94, Dev311],Fit: [0.80, 0.90, 1.00, 0.80],Nível: [Junior, Middle, Senior, Master],Total Fit: 0.04
Cromossomo: 223,IDs: [55, 65, 46, 48],Nomes: [Dev55, Dev65, Dev46, Dev48],Fit: [0.70, 0.60, 0.80, 0.90],Nível: [Junior, Senior, Master, Middle],Total Fit: 0.03
Cromossomo: 224,IDs: [447, 28, 27, 211],Nomes: [Dev447, Dev28, Dev27, Dev211],Fit: [0.80, 0.7968567367706335, 0.80, 0.8678017522375787],Nível: [Junior, Middle, Senior, Master],Total Fit: 2.29
Cromossomo: 225,IDs: [56, 7, 38, 311],Nomes: [Dev56, Dev7, Dev38, Dev311],Fit: [0.7999344358943005, 0.8827711423179156, 0.8544021493001965, 0.8],Nível: [Junior, Middle, Senior, Master],Total Fit: 0.60
Cromossomo: 226,IDs: [365, 181, 94, 136],Nomes: [Dev365, Dev181, Dev94, Dev136],Fit: [0.799999854583025, 0.90, 1.00, 0.80],Nível: [Junior, Middle, Senior, Master],Total Fit: 0.03
Cromossomo: 227,IDs: [97, 82, 85, 17],Nomes: [Dev97, Dev82, Dev85, Dev17],Fit: [0.70, 0.70, 0.80, 0.70],Nível: [Middle, Junior, Master, Senior],Total Fit: 0.03
Cromossomo: 228,IDs: [447, 28, 27, 211],Nomes: [Dev447, Dev28, Dev27, Dev211],Fit: [0.80, 0.7968567367706335, 0.80, 0.8678017522375787],Nível: [Junior, Middle, Senior, Master],Total Fit: 2.29
Cromossomo: 229,IDs: [335, 7, 94, 62],Nomes: [Dev335, Dev7, Dev94, Dev62],Fit: [0.90, 0.8913374105204999, 0.998687788171682, 0.80],Nível: [Junior, Middle, Senior, Master],Total Fit: 0.65
Cromossomo: 230,IDs: [53, 48, 65, 46],Nomes: [Dev53, Dev48, Dev65, Dev46],Fit: [0.60, 0.90, 0.60, 0.80],Nível: [Junior, Middle, Senior, Master],Total Fit: 0.17
Cromossomo: 231,IDs: [365, 181, 94, 136],Nomes: [Dev365, Dev181, Dev94, Dev136],Fit: [0.7999806406781529, 0.8964800766478749, 0.9357433579658789, 0.8],Nível: [Junior, Middle, Senior, Master],Total Fit: 0.03
Cromossomo: 232,IDs: [447, 28, 27, 211],Nomes: [Dev447, Dev28, Dev27, Dev211],Fit: [0.80, 0.7968567367706335, 0.80, 0.8678017522375787],Nível: [Junior, Middle, Senior, Master],Total Fit: 2.29
Cromossomo: 233,IDs: [53, 7, 94, 46],Nomes: [Dev53, Dev7, Dev94, Dev46],Fit: [0.6467347628973398, 0.8947866655416654, 0.9337656753544541, 0.8],Nível: [Junior, Middle, Senior, Master],Total Fit: 0.20
Cromossomo: 234,IDs: [335, 181, 65, 136],Nomes: [Dev335, Dev181, Dev65, Dev136],Fit: [0.7843341080321049, 0.90, 0.7170604248792922, 0.80],Nível: [Junior, Middle, Senior, Master],Total Fit: 0.16
Cromossomo: 235,IDs: [17, 104, 85, 97],Nomes: [Dev17, Dev104, Dev85, Dev97],Fit: [0.70, 0.60, 0.80, 0.70],Nível: [Senior, Junior, Master, Middle],Total Fit: 0.03
Cromossomo: 236,IDs: [447, 28, 27, 211],Nomes: [Dev447, Dev28, Dev27, Dev211],Fit: [0.80, 0.7968567367706335, 0.80, 0.8678017522375787],Nível: [Junior, Middle, Senior, Master],Total Fit: 2.29
Cromossomo: 237,IDs: [335, 181, 94, 46],Nomes: [Dev335, Dev181, Dev94, Dev46],Fit: [0.7444463828914014, 0.8974125390966166, 0.9250703164184666, 0.8],Nível: [Junior, Middle, Senior, Master],Total Fit: 0.37
Cromossomo: 238,IDs: [82, 97, 29, 89],Nomes: [Dev82, Dev97, Dev29, Dev89],Fit: [0.70, 0.70, 0.80, 0.80],Nível: [Junior, Middle, Senior, Master],Total Fit: 0.18
Cromossomo: 239,IDs: [362, 7, 65, 327],Nomes: [Dev362, Dev7, Dev65, Dev327],Fit: [0.80, 0.8948567565350477, 0.7251240948024237, 0.80],Nível: [Junior, Middle, Senior, Master],Total Fit: 0.03
Cromossomo: 240,IDs: [447, 28, 27, 211],Nomes: [Dev447, Dev28, Dev27, Dev211],Fit: [0.80, 0.7968567367706335, 0.80, 0.8678017522375787],Nível: [Junior, Middle, Senior, Master],Total Fit: 2.29
Cromossomo: 241,IDs: [82, 181, 94, 136],Nomes: [Dev82, Dev181, Dev94, Dev136],Fit: [0.7009181456462324, 0.8702415452911616, 0.9211313369920481, 0.80],Nível: [Junior, Middle, Senior, Master],Total Fit: 0.03
Cromossomo: 242,IDs: [335, 97, 94, 89],Nomes: [Dev335, Dev97, Dev94, Dev89],Fit: [0.731752196221134, 0.7797394021867088, 0.8762997428080707, 0.8],Nível: [Junior, Middle, Senior, Master],Total Fit: 0.03
Cromossomo: 243,IDs: [7, 81, 65, 85],Nomes: [Dev7, Dev81, Dev65, Dev85],Fit: [0.90, 0.80, 0.60, 0.80],Nível: [Middle, Junior, Senior, Master],Total Fit: 0.03
Cromossomo: 244,IDs: [447, 28, 27, 211],Nomes: [Dev447, Dev28, Dev27, Dev211],Fit: [0.80, 0.7968567367706335, 0.80, 0.8678017522375787],Nível: [Junior, Middle, Senior, Master],Total Fit: 2.29
Cromossomo: 245,IDs: [82, 181, 94, 136],Nomes: [Dev82, Dev181, Dev94, Dev136],Fit: [0.7087551570564287, 0.8482630045660997, 0.8771149126047213, 0.8],Nível: [Junior, Middle, Senior, Master],Total Fit: 0.03
Cromossomo: 246,IDs: [335, 97, 351, 198],Nomes: [Dev335, Dev97, Dev351, Dev198],Fit: [0.7221225170929754, 0.7932895429074612, 0.90, 0.80],Nível: [Junior, Middle, Senior, Master],Total Fit: 0.03
Cromossomo: 247,IDs: [45, 8, 46, 17],Nomes: [Dev45, Dev8, Dev46, Dev17],Fit: [0.70, 0.70, 0.80, 0.70],Nível: [Junior, Middle, Master, Senior],Total Fit: 0.03
Cromossomo: 248,IDs: [447, 28, 27, 211],Nomes: [Dev447, Dev28, Dev27, Dev211],Fit: [0.80, 0.7968567367706335, 0.80, 0.8678017522375787],Nível: [Junior, Middle, Senior, Master],Total Fit: 2.29
Cromossomo: 249,IDs: [363, 97, 351, 402],Nomes: [Dev363, Dev97, Dev351, Dev402],Fit: [0.80, 0.8172036996084163, 0.90, 0.80],Nível: [Junior, Middle, Senior, Master],Total Fit: 0.40
Cromossomo: 250,IDs: [335, 181, 94, 136],Nomes: [Dev335, Dev181, Dev94, Dev136],Fit: [0.7177190449119848, 0.8254215877714122, 0.8819370276279143, 0.8],Nível: [Junior, Middle, Senior, Master],Total Fit: 0.16
Cromossomo: 251,IDs: [47, 8, 17, 62],Nomes: [Dev47, Dev8, Dev17, Dev62],Fit: [0.80, 0.70, 0.70, 0.60],Nível: [Junior, Middle, Senior, Master],Total Fit: 0.03
Cromossomo: 252,IDs: [447, 28, 27, 211],Nomes: [Dev447, Dev28, Dev27, Dev211],Fit: [0.80, 0.7968567367706335, 0.80, 0.8678017522375787],Nível: [Junior, Middle, Senior, Master],Total Fit: 2.29
Cromossomo: 253,IDs: [47, 97, 351, 402],Nomes: [Dev47, Dev97, Dev351, Dev402],Fit: [0.8, 0.7811314481416963, 0.8359042134176111, 0.7528833120539009],Nível: [Junior, Middle, Senior, Master],Total Fit: 0.38
Cromossomo: 254,IDs: [82, 16, 29, 46],Nomes: [Dev82, Dev16, Dev29, Dev46],Fit: [0.70, 0.60, 0.80, 0.80],Nível: [Junior, Middle, Senior, Master],Total Fit: 0.17
Cromossomo: 255,IDs: [362, 8, 94, 62],Nomes: [Dev362, Dev8, Dev94, Dev62],Fit: [0.80, 0.7479516590487428, 1.00, 0.6926221317342134],Nível: [Junior, Middle, Senior, Master],Total Fit: 0.03
Cromossomo: 256,IDs: [447, 28, 27, 211],Nomes: [Dev447, Dev28, Dev27, Dev211],Fit: [0.80, 0.7968567367706335, 0.80, 0.8678017522375787],Nível: [Junior, Middle, Senior, Master],Total Fit: 2.29
Cromossomo: 257,IDs: [104, 7, 38, 62],Nomes: [Dev104, Dev7, Dev38, Dev62],Fit: [0.60, 0.90, 0.80, 0.60],Nível: [Junior, Middle, Senior, Master],Total Fit: 0.52
Cromossomo: 258,IDs: [359, 16, 29, 211],Nomes: [Dev359, Dev16, Dev29, Dev211],Fit: [0.90, 0.6200502728619809, 0.809375822895786, 1.00],Nível: [Junior, Middle, Senior, Master],Total Fit: 0.03
Cromossomo: 259,IDs: [47, 97, 351, 46],Nomes: [Dev47, Dev97, Dev351, Dev46],Fit: [0.7629700084584132, 0.7248837531016982, 0.8314511079633234, 0.7972913217462346],Nível: [Junior, Middle, Senior, Master],Total Fit: 0.03
Cromossomo: 260,IDs: [447, 28, 27, 211],Nomes: [Dev447, Dev28, Dev27, Dev211],Fit: [0.80, 0.7968567367706335, 0.80, 0.8678017522375787],Nível: [Junior, Middle, Senior, Master],Total Fit: 2.29
Cromossomo: 261,IDs: [47, 97, 351, 62],Nomes: [Dev47, Dev97, Dev351, Dev62],Fit: [0.6952359934697806, 0.8035398942001702, 0.8294021461858441, 0.6445209731342394],Nível: [Junior, Middle, Senior, Master],Total Fit: 0.36
Cromossomo: 262,IDs: [104, 174, 38, 89],Nomes: [Dev104, Dev174, Dev38, Dev89],Fit: [0.6598932672538775, 0.80, 0.8091180400717612, 0.70],Nível: [Junior, Middle, Senior, Master],Total Fit: 0.03
Cromossomo: 263,IDs: [55, 8, 65, 46],Nomes: [Dev55, Dev8, Dev65, Dev46],Fit: [0.70, 0.70, 0.60, 0.80],Nível: [Junior, Middle, Senior, Master],Total Fit: 0.03
Cromossomo: 264,IDs: [447, 28, 27, 211],Nomes: [Dev447, Dev28, Dev27, Dev211],Fit: [0.80, 0.7968567367706335, 0.80, 0.8678017522375787],Nível: [Junior, Middle, Senior, Master],Total Fit: 2.29
Cromossomo: 265,IDs: [47, 8, 351, 62],Nomes: [Dev47, Dev8, Dev351, Dev62],Fit: [0.6971776738337481, 0.7466201377880097, 0.7244300335700574, 0.7186374931101367],Nível: [Junior, Middle, Senior, Master],Total Fit: 0.35
Cromossomo: 266,IDs: [7, 45, 94, 89],Nomes: [Dev7, Dev45, Dev94, Dev89],Fit: [0.90, 0.70, 0.60, 0.80],Nível: [Middle, Junior, Senior, Master],Total Fit: 0.03
Cromossomo: 267,IDs: [55, 183, 65, 46],Nomes: [Dev55, Dev183, Dev65, Dev46],Fit: [0.6978316138416916, 0.80, 0.684517385434916, 0.7839284682102352],Nível: [Junior, Middle, Senior, Master],Total Fit: 0.03
Cromossomo: 268,IDs: [447, 28, 27, 211],Nomes: [Dev447, Dev28, Dev27, Dev211],Fit: [0.80, 0.7968567367706335, 0.80, 0.8678017522375787],Nível: [Junior, Middle, Senior, Master],Total Fit: 2.29
Cromossomo: 269,IDs: [56, 7, 94, 85],Nomes: [Dev56, Dev7, Dev94, Dev85],Fit: [0.80, 0.90, 0.60, 0.80],Nível: [Junior, Middle, Senior, Master],Total Fit: 0.56
Cromossomo: 270,IDs: [395, 183, 351, 46],Nomes: [Dev395, Dev183, Dev351, Dev46],Fit: [0.70, 0.7893623040847931, 0.704725101761505, 0.7665023031512541],Nível: [Junior, Middle, Senior, Master],Total Fit: 0.09
Cromossomo: 271,IDs: [47, 8, 65, 62],Nomes: [Dev47, Dev8, Dev65, Dev62],Fit: [0.6974470938145394, 0.7614678311192533, 0.6845907635285252, 0.7307161998543517],Nível: [Junior, Middle, Senior, Master],Total Fit: 0.03
Cromossomo: 272,IDs: [447, 28, 27, 211],Nomes: [Dev447, Dev28, Dev27, Dev211],Fit: [0.80, 0.7968567367706335, 0.80, 0.8678017522375787],Nível: [Junior, Middle, Senior, Master],Total Fit: 2.29
Cromossomo: 273,IDs: [47, 7, 94, 62],Nomes: [Dev47, Dev7, Dev94, Dev62],Fit: [0.7175030401939804, 0.8923177229662184, 0.6192291280532736, 0.7532190501795719],Nível: [Junior, Middle, Senior, Master],Total Fit: 0.54
Cromossomo: 274,IDs: [305, 181, 65, 85],Nomes: [Dev305, Dev181, Dev65, Dev85],Fit: [0.80, 0.90, 0.6736929532528726, 0.7705486083282307],Nível: [Junior, Middle, Senior, Master],Total Fit: 0.03
Cromossomo: 275,IDs: [48, 82, 46, 17],Nomes: [Dev48, Dev82, Dev46, Dev17],Fit: [0.90, 0.70, 0.80, 0.70],Nível: [Middle, Junior, Master, Senior],Total Fit: 0.03
Cromossomo: 276,IDs: [447, 28, 27, 211],Nomes: [Dev447, Dev28, Dev27, Dev211],Fit: [0.80, 0.7968567367706335, 0.80, 0.8678017522375787],Nível: [Junior, Middle, Senior, Master],Total Fit: 2.29
Cromossomo: 277,IDs: [305, 7, 351, 62],Nomes: [Dev305, Dev7, Dev351, Dev62],Fit: [0.7842941924453218, 0.8951750464602001, 0.90, 0.7594862744085211],Nível: [Junior, Middle, Senior, Master],Total Fit: 1.40
Cromossomo: 278,IDs: [47, 181, 94, 85],Nomes: [Dev47, Dev181, Dev94, Dev85],Fit: [0.7516861724441014, 0.8968841932483944, 0.6407114110743026, 0.7656260903140917],Nível: [Junior, Middle, Senior, Master],Total Fit: 0.03
Cromossomo: 279,IDs: [97, 82, 17, 46],Nomes: [Dev97, Dev82, Dev17, Dev46],Fit: [0.70, 0.70, 0.70, 0.80],Nível: [Middle, Junior, Senior, Master],Total Fit: 0.03
Cromossomo: 280,IDs: [447, 28, 27, 211],Nomes: [Dev447, Dev28, Dev27, Dev211],Fit: [0.80, 0.7968567367706335, 0.80, 0.8678017522375787],Nível: [Junior, Middle, Senior, Master],Total Fit: 2.29
Cromossomo: 281,IDs: [305, 7, 351, 62],Nomes: [Dev305, Dev7, Dev351, Dev62],Fit: [0.7729073432000637, 0.8953908598059014, 0.8160128702024819, 0.760138284243452],Nível: [Junior, Middle, Senior, Master],Total Fit: 1.36
Cromossomo: 282,IDs: [447, 181, 94, 85],Nomes: [Dev447, Dev181, Dev94, Dev85],Fit: [0.80, 0.8966622481664328, 1.00, 0.7629007418322808],Nível: [Junior, Middle, Senior, Master],Total Fit: 0.21
Cromossomo: 283,IDs: [48, 45, 89, 17],Nomes: [Dev48, Dev45, Dev89, Dev17],Fit: [0.90, 0.70, 0.80, 0.70],Nível: [Middle, Junior, Master, Senior],Total Fit: 0.03
Cromossomo: 284,IDs: [447, 28, 27, 211],Nomes: [Dev447, Dev28, Dev27, Dev211],Fit: [0.80, 0.7968567367706335, 0.80, 0.8678017522375787],Nível: [Junior, Middle, Senior, Master],Total Fit: 2.29
Cromossomo: 285,IDs: [445, 7, 94, 311],Nomes: [Dev445, Dev7, Dev94, Dev311],Fit: [0.90, 0.8954758861942833, 0.9639818575420231, 0.80],Nível: [Junior, Middle, Senior, Master],Total Fit: 0.64
Cromossomo: 286,IDs: [305, 181, 351, 62],Nomes: [Dev305, Dev181, Dev351, Dev62],Fit: [0.7820957219747664, 0.8960899332541571, 0.8511098176294289, 0.7603704810409764],Nível: [Junior, Middle, Senior, Master],Total Fit: 0.39
Cromossomo: 287,IDs: [65, 16, 85, 82],Nomes: [Dev65, Dev16, Dev85, Dev82],Fit: [0.60, 0.60, 0.80, 0.70],Nível: [Senior, Middle, Master, Junior],Total Fit: 0.03
Cromossomo: 288,IDs: [447, 28, 27, 211],Nomes: [Dev447, Dev28, Dev27, Dev211],Fit: [0.80, 0.7968567367706335, 0.80, 0.8678017522375787],Nível: [Junior, Middle, Senior, Master],Total Fit: 2.29
Cromossomo: 289,IDs: [305, 7, 351, 311],Nomes: [Dev305, Dev7, Dev351, Dev311],Fit: [0.8400753216334793, 0.8956809399522909, 0.8580890754858925, 0.799826042225511],Nível: [Junior, Middle, Senior, Master],Total Fit: 0.78
Cromossomo: 290,IDs: [359, 181, 94, 62],Nomes: [Dev359, Dev181, Dev94, Dev62],Fit: [0.90, 0.8959549529960473, 1.00, 0.80],Nível: [Junior, Middle, Senior, Master],Total Fit: 0.04
Cromossomo: 291,IDs: [81, 48, 29, 46],Nomes: [Dev81, Dev48, Dev29, Dev46],Fit: [0.80, 0.90, 0.80, 0.80],Nível: [Junior, Middle, Senior, Master],Total Fit: 0.03
Cromossomo: 292,IDs: [447, 28, 27, 211],Nomes: [Dev447, Dev28, Dev27, Dev211],Fit: [0.80, 0.7968567367706335, 0.80, 0.8678017522375787],Nível: [Junior, Middle, Senior, Master],Total Fit: 2.29
Cromossomo: 293,IDs: [81, 7, 351, 136],Nomes: [Dev81, Dev7, Dev351, Dev136],Fit: [0.8075664422324218, 0.89680651600706, 0.8357378771372646, 0.80],Nível: [Junior, Middle, Senior, Master],Total Fit: 0.40
Cromossomo: 294,IDs: [305, 48, 29, 311],Nomes: [Dev305, Dev48, Dev29, Dev311],Fit: [0.8321664676038496, 0.8991311162912348, 0.8201625159823611, 0.7998436734686388],Nível: [Junior, Middle, Senior, Master],Total Fit: 0.13
Cromossomo: 295,IDs: [8, 65, 62, 104],Nomes: [Dev8, Dev65, Dev62, Dev104],Fit: [0.70, 0.60, 0.60, 0.60],Nível: [Middle, Senior, Master, Junior],Total Fit: 0.03
Cromossomo: 296,IDs: [447, 28, 27, 211],Nomes: [Dev447, Dev28, Dev27, Dev211],Fit: [0.80, 0.7968567367706335, 0.80, 0.8678017522375787],Nível: [Junior, Middle, Senior, Master],Total Fit: 2.29
Cromossomo: 297,IDs: [81, 7, 351, 311],Nomes: [Dev81, Dev7, Dev351, Dev311],Fit: [0.8101953588731049, 0.8974356168150506, 0.834976248676897, 0.7998531561673254],Nível: [Junior, Middle, Senior, Master],Total Fit: 0.77
Cromossomo: 298,IDs: [305, 48, 29, 136],Nomes: [Dev305, Dev48, Dev29, Dev136],Fit: [0.8237440690922809, 0.8989063321935229, 0.8203297984325693, 0.799984861167035],Nível: [Junior, Middle, Senior, Master],Total Fit: 0.13
Cromossomo: 299,IDs: [55, 8, 17, 89],Nomes: [Dev55, Dev8, Dev17, Dev89],Fit: [0.70, 0.70, 0.70, 0.80],Nível: [Junior, Middle, Senior, Master],Total Fit: 0.03
Cromossomo: 300,IDs: [447, 28, 27, 211],Nomes: [Dev447, Dev28, Dev27, Dev211],Fit: [0.80, 0.7968567367706335, 0.80, 0.8678017522375787],Nível: [Junior, Middle, Senior, Master],Total Fit: 2.29
Cromossomo: 301,IDs: [356, 7, 351, 89],Nomes: [Dev356, Dev7, Dev351, Dev89],Fit: [0.80, 0.7999063057614133, 0.7914060861109046, 0.7999898322525574],Nível: [Junior, Middle, Senior, Master],Total Fit: 0.51
Cromossomo: 302,IDs: [81, 8, 17, 311],Nomes: [Dev81, Dev8, Dev17, Dev311],Fit: [0.8071336318294527, 0.7532565194794149, 0.7218340210662544, 0.7998683508372619],Nível: [Junior, Middle, Senior, Master],Total Fit: 0.03
Cromossomo: 303,IDs: [],Nomes: [],Fit: [],Nível: [],Total Fit: 0.00
Cromossomo: 304,IDs: [447, 28, 27, 211],Nomes: [Dev447, Dev28, Dev27, Dev211],Fit: [0.80, 0.7968567367706335, 0.80, 0.8678017522375787],Nível: [Junior, Middle, Senior, Master],Total Fit: 2.29
Cromossomo: 305,IDs: [62, 65, 56, 48],Nomes: [Dev62, Dev65, Dev56, Dev48],Fit: [0.60, 0.60, 0.80, 0.90],Nível: [Master, Senior, Junior, Middle],Total Fit: 0.17
Cromossomo: 306,IDs: [356, 8, 17, 89],Nomes: [Dev356, Dev8, Dev17, Dev89],Fit: [0.8033073396772072, 0.7688068847483515, 0.729161007455363, 0.7999819187584414],Nível: [Junior, Middle, Senior, Master],Total Fit: 0.12
Cromossomo: 307,IDs: [81, 7, 161, 311],Nomes: [Dev81, Dev7, Dev161, Dev311],Fit: [0.8039283074043765, 0.7982196468132087, 0.80, 0.7998843520273103],Nível: [Junior, Middle, Senior, Master],Total Fit: 0.03
Cromossomo: 308,IDs: [447, 28, 27, 211],Nomes: [Dev447, Dev28, Dev27, Dev211],Fit: [0.80, 0.7968567367706335, 0.80, 0.8678017522375787],Nível: [Junior, Middle, Senior, Master],Total Fit: 2.29
Cromossomo: 309,IDs: [45, 16, 65, 46],Nomes: [Dev45, Dev16, Dev65, Dev46],Fit: [0.70, 0.60, 0.60, 0.80],Nível: [Junior, Middle, Senior, Master],Total Fit: 0.19
Cromossomo: 310,IDs: [356, 183, 161, 327],Nomes: [Dev356, Dev183, Dev161, Dev327],Fit: [0.8033744443265565, 0.80, 0.7906907779171958, 0.80],Nível: [Junior, Middle, Senior, Master],Total Fit: 0.13
Cromossomo: 311,IDs: [81, 7, 17, 311],Nomes: [Dev81, Dev7, Dev17, Dev311],Fit: [0.8038505752164615, 0.7929822861893844, 0.7413869172894837, 0.7998964919345124],Nível: [Junior, Middle, Senior, Master],Total Fit: 0.03
Cromossomo: 312,IDs: [447, 28, 27, 211],Nomes: [Dev447, Dev28, Dev27, Dev211],Fit: [0.80, 0.7968567367706335, 0.80, 0.8678017522375787],Nível: [Junior, Middle, Senior, Master],Total Fit: 2.29
Cromossomo: 313,IDs: [356, 16, 161, 85],Nomes: [Dev356, Dev16, Dev161, Dev85],Fit: [0.7889302971830098, 0.6485638029717551, 0.7131706942572689, 0.70],Nível: [Junior, Middle, Senior, Master],Total Fit: 0.11
Cromossomo: 314,IDs: [336, 48, 448, 62],Nomes: [Dev336, Dev48, Dev448, Dev62],Fit: [0.90, 0.70, 0.80, 0.80],Nível: [Junior, Middle, Senior, Master],Total Fit: 0.03
Cromossomo: 315,IDs: [56, 89, 65, 97],Nomes: [Dev56, Dev89, Dev65, Dev97],Fit: [0.80, 0.80, 0.60, 0.70],Nível: [Junior, Master, Senior, Middle],Total Fit: 0.03
Cromossomo: 316,IDs: [447, 28, 27, 211],Nomes: [Dev447, Dev28, Dev27, Dev211],Fit: [0.80, 0.7968567367706335, 0.80, 0.8678017522375787],Nível: [Junior, Middle, Senior, Master],Total Fit: 2.29
Cromossomo: 317,IDs: [356, 16, 161, 46],Nomes: [Dev356, Dev16, Dev161, Dev46],Fit: [0.7906315219473632, 0.6522336366992243, 0.7336018339724859, 0.80],Nível: [Junior, Middle, Senior, Master],Total Fit: 0.27
Cromossomo: 318,IDs: [336, 48, 448, 62],Nomes: [Dev336, Dev48, Dev448, Dev62],Fit: [0.8596759931309017, 0.6956764559557227, 0.7656832336004429, 0.7579224931486586],Nível: [Junior, Middle, Senior, Master],Total Fit: 0.03
Cromossomo: 319,IDs: [55, 8, 65, 85],Nomes: [Dev55, Dev8, Dev65, Dev85],Fit: [0.70, 0.70, 0.60, 0.80],Nível: [Junior, Middle, Senior, Master],Total Fit: 0.03
Cromossomo: 320,IDs: [447, 28, 27, 211],Nomes: [Dev447, Dev28, Dev27, Dev211],Fit: [0.80, 0.7968567367706335, 0.80, 0.8678017522375787],Nível: [Junior, Middle, Senior, Master],Total Fit: 2.29
Cromossomo: 321,IDs: [53, 7, 29, 89],Nomes: [Dev53, Dev7, Dev29, Dev89],Fit: [0.60, 0.90, 0.80, 0.80],Nível: [Junior, Middle, Senior, Master],Total Fit: 0.56
Cromossomo: 322,IDs: [220, 48, 448, 85],Nomes: [Dev220, Dev48, Dev448, Dev85],Fit: [0.90, 0.69613920216706, 0.7304397575647288, 0.7992405421935078],Nível: [Junior, Middle, Senior, Master],Total Fit: 0.19
Cromossomo: 323,IDs: [336, 8, 65, 62],Nomes: [Dev336, Dev8, Dev65, Dev62],Fit: [0.791151759499029, 0.6997948571124514, 0.645864874762901, 0.7775070656650507],Nível: [Junior, Middle, Senior, Master],Total Fit: 0.03
Cromossomo: 324,IDs: [447, 28, 27, 211],Nomes: [Dev447, Dev28, Dev27, Dev211],Fit: [0.80, 0.7968567367706335, 0.80, 0.8678017522375787],Nível: [Junior, Middle, Senior, Master],Total Fit: 2.29
Cromossomo: 325,IDs: [220, 7, 29, 89],Nomes: [Dev220, Dev7, Dev29, Dev89],Fit: [0.887809630272991, 0.8936643088678806, 0.7893407249107809, 0.799780286310517],Nível: [Junior, Middle, Senior, Master],Total Fit: 0.61
Cromossomo: 326,IDs: [336, 181, 161, 85],Nomes: [Dev336, Dev181, Dev161, Dev85],Fit: [0.90, 0.90, 0.80, 0.7993166502529194],Nível: [Junior, Middle, Senior, Master],Total Fit: 0.03
Cromossomo: 327,IDs: [55, 17, 46, 8],Nomes: [Dev55, Dev17, Dev46, Dev8],Fit: [0.70, 0.70, 0.80, 0.70],Nível: [Junior, Senior, Master, Middle],Total Fit: 0.03
Cromossomo: 328,IDs: [447, 28, 27, 211],Nomes: [Dev447, Dev28, Dev27, Dev211],Fit: [0.80, 0.7968567367706335, 0.80, 0.8678017522375787],Nível: [Junior, Middle, Senior, Master],Total Fit: 2.29
Cromossomo: 329,IDs: [29, 82, 8, 46],Nomes: [Dev29, Dev82, Dev8, Dev46],Fit: [0.80, 0.70, 0.70, 0.80],Nível: [Senior, Junior, Middle, Master],Total Fit: 0.18
Cromossomo: 330,IDs: [336, 181, 27, 62],Nomes: [Dev336, Dev181, Dev27, Dev62],Fit: [0.8955317482838715, 0.90, 0.80, 0.80],Nível: [Junior, Middle, Senior, Master],Total Fit: 0.03
Cromossomo: 331,IDs: [220, 7, 161, 89],Nomes: [Dev220, Dev7, Dev161, Dev89],Fit: [0.8889594664222152, 0.8961890743600109, 0.7954477710155612, 0.7996802451919518],Nível: [Junior, Middle, Senior, Master],Total Fit: 0.03
Cromossomo: 332,IDs: [447, 28, 27, 211],Nomes: [Dev447, Dev28, Dev27, Dev211],Fit: [0.80, 0.7968567367706335, 0.80, 0.8678017522375787],Nível: [Junior, Middle, Senior, Master],Total Fit: 2.29
Cromossomo: 333,IDs: [220, 181, 27, 290],Nomes: [Dev220, Dev181, Dev27, Dev290],Fit: [0.8908107768181046, 0.8994252626776169, 0.7978027699411898, 0.70],Nível: [Junior, Middle, Senior, Master],Total Fit: 0.79
Cromossomo: 334,IDs: [336, 7, 161, 402],Nomes: [Dev336, Dev7, Dev161, Dev402],Fit: [0.8936949485781824, 0.8964083020858706, 0.7960516365303771, 0.80],Nível: [Junior, Middle, Senior, Master],Total Fit: 0.41
Cromossomo: 335,IDs: [82, 94, 8, 46],Nomes: [Dev82, Dev94, Dev8, Dev46],Fit: [0.70, 0.60, 0.70, 0.80],Nível: [Junior, Senior, Middle, Master],Total Fit: 0.03
Cromossomo: 336,IDs: [447, 28, 27, 211],Nomes: [Dev447, Dev28, Dev27, Dev211],Fit: [0.80, 0.7968567367706335, 0.80, 0.8678017522375787],Nível: [Junior, Middle, Senior, Master],Total Fit: 2.29
Cromossomo: 337,IDs: [336, 7, 161, 402],Nomes: [Dev336, Dev7, Dev161, Dev402],Fit: [0.8924760041111424, 0.8973255490811738, 0.7967123284066595, 0.7616687260854852],Nível: [Junior, Middle, Senior, Master],Total Fit: 0.40
Cromossomo: 338,IDs: [82, 97, 17, 62],Nomes: [Dev82, Dev97, Dev17, Dev62],Fit: [0.70, 0.70, 0.70, 0.60],Nível: [Junior, Middle, Senior, Master],Total Fit: 0.16
Cromossomo: 339,IDs: [445, 181, 38, 290],Nomes: [Dev445, Dev181, Dev38, Dev290],Fit: [0.90, 0.90, 0.80, 0.7283162812371513],Nível: [Junior, Middle, Senior, Master],Total Fit: 0.07
Cromossomo: 340,IDs: [447, 28, 27, 211],Nomes: [Dev447, Dev28, Dev27, Dev211],Fit: [0.80, 0.7968567367706335, 0.80, 0.8678017522375787],Nível: [Junior, Middle, Senior, Master],Total Fit: 2.29
Cromossomo: 341,IDs: [53, 8, 38, 85],Nomes: [Dev53, Dev8, Dev38, Dev85],Fit: [0.60, 0.70, 0.80, 0.80],Nível: [Junior, Middle, Senior, Master],Total Fit: 0.20
Cromossomo: 342,IDs: [82, 28, 94, 46],Nomes: [Dev82, Dev28, Dev94, Dev46],Fit: [0.707544084542808, 0.80, 1.00, 0.80],Nível: [Junior, Middle, Senior, Master],Total Fit: 0.03
Cromossomo: 343,IDs: [336, 97, 17, 402],Nomes: [Dev336, Dev97, Dev17, Dev402],Fit: [0.8364567495186069, 0.757498405642016, 0.7368387039135211, 0.6967927832318083],Nível: [Junior, Middle, Senior, Master],Total Fit: 0.03
Cromossomo: 344,IDs: [447, 28, 27, 211],Nomes: [Dev447, Dev28, Dev27, Dev211],Fit: [0.80, 0.7968567367706335, 0.80, 0.8678017522375787],Nível: [Junior, Middle, Senior, Master],Total Fit: 2.29
Cromossomo: 345,IDs: [53, 8, 38, 85],Nomes: [Dev53, Dev8, Dev38, Dev85],Fit: [0.6242886162228085, 0.7164179313150317, 0.7713280384241445, 0.7948092895495559],Nível: [Junior, Middle, Senior, Master],Total Fit: 0.20
Cromossomo: 346,IDs: [397, 97, 17, 311],Nomes: [Dev397, Dev97, Dev17, Dev311],Fit: [0.70, 0.7373098465356281, 0.7375522586861284, 0.80],Nível: [Junior, Middle, Senior, Master],Total Fit: 0.03
Cromossomo: 347,IDs: [55, 62, 16, 65],Nomes: [Dev55, Dev62, Dev16, Dev65],Fit: [0.70, 0.60, 0.60, 0.60],Nível: [Junior, Master, Middle, Senior],Total Fit: 0.03
Cromossomo: 348,IDs: [447, 28, 27, 211],Nomes: [Dev447, Dev28, Dev27, Dev211],Fit: [0.80, 0.7968567367706335, 0.80, 0.8678017522375787],Nível: [Junior, Middle, Senior, Master],Total Fit: 2.29
Cromossomo: 349,IDs: [397, 8, 17, 85],Nomes: [Dev397, Dev8, Dev17, Dev85],Fit: [0.6840670620842284, 0.7244308176346766, 0.7437943479926596, 0.795876651664732],Nível: [Junior, Middle, Senior, Master],Total Fit: 0.77
Cromossomo: 350,IDs: [53, 97, 38, 311],Nomes: [Dev53, Dev97, Dev38, Dev311],Fit: [0.661775179945071, 0.7296259793969511, 0.7692138076916528, 0.7975088507011812],Nível: [Junior, Middle, Senior, Master],Total Fit: 0.44
Cromossomo: 351,IDs: [82, 89, 65, 7],Nomes: [Dev82, Dev89, Dev65, Dev7],Fit: [0.70, 0.80, 0.60, 0.90],Nível: [Junior, Master, Senior, Middle],Total Fit: 0.18
Cromossomo: 352,IDs: [447, 28, 27, 211],Nomes: [Dev447, Dev28, Dev27, Dev211],Fit: [0.80, 0.7968567367706335, 0.80, 0.8678017522375787],Nível: [Junior, Middle, Senior, Master],Total Fit: 2.29
Cromossomo: 353,IDs: [56, 7, 29, 89],Nomes: [Dev56, Dev7, Dev29, Dev89],Fit: [0.80, 0.90, 0.80, 0.80],Nível: [Junior, Middle, Senior, Master],Total Fit: 1.39
Cromossomo: 354,IDs: [53, 97, 38, 311],Nomes: [Dev53, Dev97, Dev38, Dev311],Fit: [0.6650262196989203, 0.7277686913196093, 0.7654969891528777, 0.7972749416309312],Nível: [Junior, Middle, Senior, Master],Total Fit: 0.44
Cromossomo: 355,IDs: [205, 8, 94, 85],Nomes: [Dev205, Dev8, Dev94, Dev85],Fit: [0.70, 0.725863011569068, 1.00, 0.7966208767689177],Nível: [Junior, Middle, Senior, Master],Total Fit: 0.03
Cromossomo: 356,IDs: [447, 28, 27, 211],Nomes: [Dev447, Dev28, Dev27, Dev211],Fit: [0.80, 0.7968567367706335, 0.80, 0.8678017522375787],Nível: [Junior, Middle, Senior, Master],Total Fit: 2.29
Cromossomo: 357,IDs: [53, 7, 29, 89],Nomes: [Dev53, Dev7, Dev29, Dev89],Fit: [0.6710684291189565, 0.8805782262415977, 0.7942906478051679, 0.7990990656288481],Nível: [Junior, Middle, Senior, Master],Total Fit: 0.57
Cromossomo: 358,IDs: [438, 97, 38, 311],Nomes: [Dev438, Dev97, Dev38, Dev311],Fit: [0.70, 0.7362654713657374, 0.7702203022685781, 0.7978944596301244],Nível: [Junior, Middle, Senior, Master],Total Fit: 0.24
Cromossomo: 359,IDs: [82, 85, 8, 65],Nomes: [Dev82, Dev85, Dev8, Dev65],Fit: [0.70, 0.80, 0.70, 0.60],Nível: [Junior, Master, Middle, Senior],Total Fit: 0.03
Cromossomo: 360,IDs: [447, 28, 27, 211],Nomes: [Dev447, Dev28, Dev27, Dev211],Fit: [0.80, 0.7968567367706335, 0.80, 0.8678017522375787],Nível: [Junior, Middle, Senior, Master],Total Fit: 2.29
Cromossomo: 361,IDs: [438, 7, 38, 311],Nomes: [Dev438, Dev7, Dev38, Dev311],Fit: [0.6970236597956838, 0.90, 0.7762066706511555, 0.7981856237788667],Nível: [Junior, Middle, Senior, Master],Total Fit: 0.03
Cromossomo: 362,IDs: [82, 85, 17, 48],Nomes: [Dev82, Dev85, Dev17, Dev48],Fit: [0.70, 0.80, 0.70, 0.90],Nível: [Junior, Master, Senior, Middle],Total Fit: 0.03
Cromossomo: 363,IDs: [53, 97, 29, 89],Nomes: [Dev53, Dev97, Dev29, Dev89],Fit: [0.6846378789632278, 0.7448992379611936, 0.7915038992715691, 0.7985546529608653],Nível: [Junior, Middle, Senior, Master],Total Fit: 0.03
Cromossomo: 364,IDs: [447, 28, 27, 211],Nomes: [Dev447, Dev28, Dev27, Dev211],Fit: [0.80, 0.7968567367706335, 0.80, 0.8678017522375787],Nível: [Junior, Middle, Senior, Master],Total Fit: 2.29
Cromossomo: 365,IDs: [53, 7, 29, 311],Nomes: [Dev53, Dev7, Dev29, Dev311],Fit: [0.6852827875215828, 0.8236743649643765, 0.7849081370991142, 0.7982247192070662],Nível: [Junior, Middle, Senior, Master],Total Fit: 0.56
Cromossomo: 366,IDs: [82, 48, 38, 62],Nomes: [Dev82, Dev48, Dev38, Dev62],Fit: [0.70, 0.90, 0.80, 0.60],Nível: [Junior, Middle, Senior, Master],Total Fit: 0.18
Cromossomo: 367,IDs: [202, 97, 161, 89],Nomes: [Dev202, Dev97, Dev161, Dev89],Fit: [0.70, 0.8026036262576, 0.80, 0.7985453435914285],Nível: [Junior, Middle, Senior, Master],Total Fit: 0.03
Cromossomo: 368,IDs: [447, 28, 27, 211],Nomes: [Dev447, Dev28, Dev27, Dev211],Fit: [0.80, 0.7968567367706335, 0.80, 0.8678017522375787],Nível: [Junior, Middle, Senior, Master],Total Fit: 2.29
Cromossomo: 369,IDs: [53, 181, 29, 327],Nomes: [Dev53, Dev181, Dev29, Dev327],Fit: [0.6863887275849795, 0.90, 0.7906916879722582, 0.80],Nível: [Junior, Middle, Senior, Master],Total Fit: 0.06
Cromossomo: 370,IDs: [82, 48, 38, 311],Nomes: [Dev82, Dev48, Dev38, Dev311],Fit: [0.697058509539718, 0.8921403054815772, 0.7976302886825102, 0.7314377696521793],Nível: [Junior, Middle, Senior, Master],Total Fit: 0.03
Cromossomo: 371,IDs: [16, 56, 94, 85],Nomes: [Dev16, Dev56, Dev94, Dev85],Fit: [0.60, 0.80, 0.60, 0.80],Nível: [Middle, Junior, Senior, Master],Total Fit: 0.03
Cromossomo: 372,IDs: [447, 28, 27, 211],Nomes: [Dev447, Dev28, Dev27, Dev211],Fit: [0.80, 0.7968567367706335, 0.80, 0.8678017522375787],Nível: [Junior, Middle, Senior, Master],Total Fit: 2.29
Cromossomo: 373,IDs: [335, 48, 27, 211],Nomes: [Dev335, Dev48, Dev27, Dev211],Fit: [0.90, 0.894068586827442, 0.80, 1.00],Nível: [Junior, Middle, Senior, Master],Total Fit: 0.29
Cromossomo: 374,IDs: [82, 181, 38, 327],Nomes: [Dev82, Dev181, Dev38, Dev327],Fit: [0.6931027963228626, 0.8964159808777383, 0.7969180394990537, 0.7790467754012613],Nível: [Junior, Middle, Senior, Master],Total Fit: 0.06
Cromossomo: 375,IDs: [55, 97, 85, 17],Nomes: [Dev55, Dev97, Dev85, Dev17],Fit: [0.70, 0.70, 0.80, 0.70],Nível: [Junior, Middle, Master, Senior],Total Fit: 0.03
Cromossomo: 376,IDs: [447, 28, 27, 211],Nomes: [Dev447, Dev28, Dev27, Dev211],Fit: [0.80, 0.7968567367706335, 0.80, 0.8678017522375787],Nível: [Junior, Middle, Senior, Master],Total Fit: 2.29
Cromossomo: 377,IDs: [82, 181, 27, 211],Nomes: [Dev82, Dev181, Dev27, Dev211],Fit: [0.7700289480906695, 0.90, 0.7995568787044416, 0.9114471609436288],Nível: [Junior, Middle, Senior, Master],Total Fit: 0.07
Cromossomo: 378,IDs: [335, 48, 38, 327],Nomes: [Dev335, Dev48, Dev38, Dev327],Fit: [0.8540780202596773, 0.8945685917551519, 0.7971698694104876, 0.7904438170384332],Nível: [Junior, Middle, Senior, Master],Total Fit: 0.07
Cromossomo: 379,IDs: [104, 97, 89, 65],Nomes: [Dev104, Dev97, Dev89, Dev65],Fit: [0.60, 0.70, 0.80, 0.60],Nível: [Junior, Middle, Master, Senior],Total Fit: 0.03
Cromossomo: 380,IDs: [447, 28, 27, 211],Nomes: [Dev447, Dev28, Dev27, Dev211],Fit: [0.80, 0.7968567367706335, 0.80, 0.8678017522375787],Nível: [Junior, Middle, Senior, Master],Total Fit: 2.29
Cromossomo: 381,IDs: [335, 7, 38, 211],Nomes: [Dev335, Dev7, Dev38, Dev211],Fit: [0.839851752242313, 0.90, 0.7972358334136723, 1.00],Nível: [Junior, Middle, Senior, Master],Total Fit: 0.07
Cromossomo: 382,IDs: [82, 181, 27, 327],Nomes: [Dev82, Dev181, Dev27, Dev327],Fit: [0.7840338909757173, 0.8985743833180292, 0.7986072257363481, 0.8252126266764377],Nível: [Junior, Middle, Senior, Master],Total Fit: 0.03
Cromossomo: 383,IDs: [47, 48, 89, 29],Nomes: [Dev47, Dev48, Dev89, Dev29],Fit: [0.80, 0.90, 0.80, 0.80],Nível: [Junior, Middle, Master, Senior],Total Fit: 0.03
Cromossomo: 384,IDs: [447, 28, 27, 211],Nomes: [Dev447, Dev28, Dev27, Dev211],Fit: [0.80, 0.7968567367706335, 0.80, 0.8678017522375787],Nível: [Junior, Middle, Senior, Master],Total Fit: 2.29
Cromossomo: 385,IDs: [82, 181, 27, 211],Nomes: [Dev82, Dev181, Dev27, Dev211],Fit: [0.7895603099516324, 0.8990878310059256, 0.7985208615291001, 0.9482079909145001],Nível: [Junior, Middle, Senior, Master],Total Fit: 0.07
Cromossomo: 386,IDs: [335, 7, 448, 327],Nomes: [Dev335, Dev7, Dev448, Dev327],Fit: [0.8262142532103406, 0.90, 0.80, 0.8338569973901974],Nível: [Junior, Middle, Senior, Master],Total Fit: 0.03
Cromossomo: 387,IDs: [55, 48, 17, 85],Nomes: [Dev55, Dev48, Dev17, Dev85],Fit: [0.70, 0.90, 0.70, 0.80],Nível: [Junior, Middle, Senior, Master],Total Fit: 0.03
Cromossomo: 388,IDs: [447, 28, 27, 211],Nomes: [Dev447, Dev28, Dev27, Dev211],Fit: [0.80, 0.7968567367706335, 0.80, 0.8678017522375787],Nível: [Junior, Middle, Senior, Master],Total Fit: 2.29
Cromossomo: 389,IDs: [55, 48, 27, 85],Nomes: [Dev55, Dev48, Dev27, Dev85],Fit: [0.740288412693631, 0.8999861146217051, 0.7716480002306261, 0.8599979224540986],Nível: [Junior, Middle, Senior, Master],Total Fit: 0.13
Cromossomo: 390,IDs: [411, 181, 161, 211],Nomes: [Dev411, Dev181, Dev161, Dev211],Fit: [0.80, 0.90, 0.80, 1.00],Nível: [Junior, Middle, Senior, Master],Total Fit: 0.07
Cromossomo: 391,IDs: [81, 7, 17, 46],Nomes: [Dev81, Dev7, Dev17, Dev46],Fit: [0.80, 0.90, 0.70, 0.80],Nível: [Junior, Middle, Senior, Master],Total Fit: 0.03
Cromossomo: 392,IDs: [447, 28, 27, 211],Nomes: [Dev447, Dev28, Dev27, Dev211],Fit: [0.80, 0.7968567367706335, 0.80, 0.8678017522375787],Nível: [Junior, Middle, Senior, Master],Total Fit: 2.29
Cromossomo: 393,IDs: [81, 7, 38, 62],Nomes: [Dev81, Dev7, Dev38, Dev62],Fit: [0.80, 0.90, 0.80, 0.60],Nível: [Junior, Middle, Senior, Master],Total Fit: 0.56
Cromossomo: 394,IDs: [55, 181, 27, 211],Nomes: [Dev55, Dev181, Dev27, Dev211],Fit: [0.750826614771299, 0.8999939712836125, 0.7742990028438284, 0.9711203273037811],Nível: [Junior, Middle, Senior, Master],Total Fit: 0.07
Cromossomo: 395,IDs: [411, 48, 161, 85],Nomes: [Dev411, Dev48, Dev161, Dev85],Fit: [0.7719082845643037, 0.8999862995724285, 0.7974445520001274, 0.8759048470559184],Nível: [Junior, Middle, Senior, Master],Total Fit: 0.03
Cromossomo: 396,IDs: [447, 28, 27, 211],Nomes: [Dev447, Dev28, Dev27, Dev211],Fit: [0.80, 0.7968567367706335, 0.80, 0.8678017522375787],Nível: [Junior, Middle, Senior, Master],Total Fit: 2.29
Cromossomo: 397,IDs: [200, 7, 94, 211],Nomes: [Dev200, Dev7, Dev94, Dev211],Fit: [0.80, 0.90, 1.00, 0.9092393815932288],Nível: [Junior, Middle, Senior, Master],Total Fit: 0.83
Cromossomo: 398,IDs: [56, 48, 38, 89],Nomes: [Dev56, Dev48, Dev38, Dev89],Fit: [0.80, 0.90, 0.80, 0.80],Nível: [Junior, Middle, Senior, Master],Total Fit: 0.03
Cromossomo: 399,IDs: [55, 181, 27, 62],Nomes: [Dev55, Dev181, Dev27, Dev62],Fit: [0.7605922719722743, 0.8999942979834925, 0.7781981022908238, 0.7365467849804264],Nível: [Junior, Middle, Senior, Master],Total Fit: 0.03
