Cromossomo: 0,IDs: [47, 7, 17, 62],Nomes: [Dev47, Dev7, Dev17, Dev62],Fit: [0.88, 0.81, 0.81, 0.63],Nível: [Junior, Middle, Senior, Master],Total Fit: 0.56
Cromossomo: 1,IDs: [82, 16, 46, 29],Nomes: [Dev82, Dev16, Dev46, Dev29],Fit: [0.81, 0.63, 0.75, 0.69],Nível: [Junior, Middle, Master, Senior],Total Fit: 0.17
Cromossomo: 2,IDs: [56, 8, 38, 402],Nomes: [Dev56, Dev8, Dev38, Dev402],Fit: [0.69, 0.75, 0.94, 0],Nível: [Junior, Middle, Senior, Master],Total Fit: 0.14
Cromossomo: 3,IDs: [45, 48, 27, 85],Nomes: [Dev45, Dev48, Dev27, Dev85],Fit: [0.88, 0.88, 0.69, 0.75],Nível: [Junior, Middle, Senior, Master],Total Fit: 0.13
Cromossomo: 4,IDs: [97, 81, 65, 89],Nomes: [Dev97, Dev81, Dev65, Dev89],Fit: [0.88, 0.75, 0.69, 0.75],Nível: [Middle, Junior, Senior, Master],Total Fit: 0.03
Cromossomo: 5,IDs: [94, 104, 28, 198],Nomes: [Dev94, Dev104, Dev28, Dev198],Fit: [0.75, 0.75, 0.69, 0],Nível: [Senior, Junior, Middle, Master],Total Fit: 0.02
Cromossomo: 6,IDs: [],Nomes: [],Fit: [],Nível: [],Total Fit: 0.00
Cromossomo: 7,IDs: [],Nomes: [],Fit: [],Nível: [],Total Fit: 0.00
Cromossomo: 8,IDs: [],Nomes: [],Fit: [],Nível: [],Total Fit: 0.00
Cromossomo: 9,IDs: [],Nomes: [],Fit: [],Nível: [],Total Fit: 0.00
Cromossomo: 10,IDs: [446, 181, 27, 402],Nomes: [Dev446, Dev181, Dev27, Dev402],Fit: [0.88, 0.88, 0.7703971369077202, 0.23972048395064144],Nível: [Junior, Middle, Senior, Master],Total Fit: 1.11
Cromossomo: 11,IDs: [47, 7, 17, 62],Nomes: [Dev47, Dev7, Dev17, Dev62],Fit: [0.88, 0.81, 0.81, 0.63],Nível: [Junior, Middle, Senior, Master],Total Fit: 0.56
Cromossomo: 12,IDs: [45, 48, 38, 85],Nomes: [Dev45, Dev48, Dev38, Dev85],Fit: [0.8237003764555902, 0.8644452330791801, 0.9027025291211579, 0.6323817430671291],Nível: [Junior, Middle, Senior, Master],Total Fit: 0.03
Cromossomo: 13,IDs: [81, 94, 46, 97],Nomes: [Dev81, Dev94, Dev46, Dev97],Fit: [0.75, 0.75, 0.75, 0.88],Nível: [Junior, Senior, Master, Middle],Total Fit: 0.03
Cromossomo: 14,IDs: [446, 181, 27, 402],Nomes: [Dev446, Dev181, Dev27, Dev402],Fit: [0.88, 0.88, 0.7703971369077202, 0.23972048395064144],Nível: [Junior, Middle, Senior, Master],Total Fit: 1.11
Cromossomo: 15,IDs: [45, 48, 38, 62],Nomes: [Dev45, Dev48, Dev38, Dev62],Fit: [0.8362202283668982, 0.8589978384652671, 0.8629553072718585, 0.6304130464099827],Nível: [Junior, Middle, Senior, Master],Total Fit: 0.03
Cromossomo: 16,IDs: [47, 7, 17, 85],Nomes: [Dev47, Dev7, Dev17, Dev85],Fit: [0.8765012736756562, 0.8260078434034184, 0.8233204628005688, 0.632225399129748],Nível: [Junior, Middle, Senior, Master],Total Fit: 0.03
Cromossomo: 17,IDs: [104, 16, 94, 46],Nomes: [Dev104, Dev16, Dev94, Dev46],Fit: [0.75, 0.63, 0.75, 0.75],Nível: [Junior, Middle, Senior, Master],Total Fit: 0.03
Cromossomo: 18,IDs: [446, 181, 27, 402],Nomes: [Dev446, Dev181, Dev27, Dev402],Fit: [0.88, 0.88, 0.7703971369077202, 0.23972048395064144],Nível: [Junior, Middle, Senior, Master],Total Fit: 1.11
Cromossomo: 19,IDs: [82, 7, 38, 62],Nomes: [Dev82, Dev7, Dev38, Dev62],Fit: [0.81, 0.81, 0.94, 0.63],Nível: [Junior, Middle, Senior, Master],Total Fit: 0.96
Cromossomo: 20,IDs: [119, 398, 94, 85],Nomes: [Dev119, Dev398, Dev94, Dev85],Fit: [0.88, 0.75, 0.7838633990573232, 0.6892785688511569],Nível: [Junior, Middle, Senior, Master],Total Fit: 0.03
Cromossomo: 21,IDs: [47, 16, 17, 46],Nomes: [Dev47, Dev16, Dev17, Dev46],Fit: [0.8452404093188912, 0.6694524413056786, 0.8165493972124558, 0.6940027047026996],Nível: [Junior, Middle, Senior, Master],Total Fit: 0.03
Cromossomo: 22,IDs: [446, 181, 27, 402],Nomes: [Dev446, Dev181, Dev27, Dev402],Fit: [0.88, 0.88, 0.7703971369077202, 0.23972048395064144],Nível: [Junior, Middle, Senior, Master],Total Fit: 1.11
Cromossomo: 23,IDs: [82, 7, 94, 62],Nomes: [Dev82, Dev7, Dev94, Dev62],Fit: [0.8393750767618378, 0.88, 0.94, 0.6380064569584147],Nível: [Junior, Middle, Senior, Master],Total Fit: 0.99
Cromossomo: 24,IDs: [119, 398, 38, 85],Nomes: [Dev119, Dev398, Dev38, Dev85],Fit: [0.8456139861394512, 0.7607671353741514, 0.8811291498142524, 0.6696616190916274],Nível: [Junior, Middle, Senior, Master],Total Fit: 0.51
Cromossomo: 25,IDs: [65, 89, 56, 8],Nomes: [Dev65, Dev89, Dev56, Dev8],Fit: [0.69, 0.75, 0.69, 0.75],Nível: [Senior, Master, Junior, Middle],Total Fit: 0.03
Cromossomo: 26,IDs: [446, 181, 27, 402],Nomes: [Dev446, Dev181, Dev27, Dev402],Fit: [0.88, 0.88, 0.7703971369077202, 0.23972048395064144],Nível: [Junior, Middle, Senior, Master],Total Fit: 1.11
Cromossomo: 27,IDs: [82, 7, 94, 62],Nomes: [Dev82, Dev7, Dev94, Dev62],Fit: [0.8400279407314452, 0.866018640563036, 0.9325629557176246, 0.6494800456268802],Nível: [Junior, Middle, Senior, Master],Total Fit: 0.99
Cromossomo: 28,IDs: [308, 214, 38, 85],Nomes: [Dev308, Dev214, Dev38, Dev85],Fit: [0.88, 0.88, 0.9014848618965869, 0.65594669356407],Nível: [Junior, Middle, Senior, Master],Total Fit: 0.03
Cromossomo: 29,IDs: [47, 46, 65, 48],Nomes: [Dev47, Dev46, Dev65, Dev48],Fit: [0.88, 0.75, 0.69, 0.88],Nível: [Junior, Master, Senior, Middle],Total Fit: 0.03
Cromossomo: 30,IDs: [446, 181, 27, 402],Nomes: [Dev446, Dev181, Dev27, Dev402],Fit: [0.88, 0.88, 0.7703971369077202, 0.23972048395064144],Nível: [Junior, Middle, Senior, Master],Total Fit: 1.11
Cromossomo: 31,IDs: [82, 270, 94, 85],Nomes: [Dev82, Dev270, Dev94, Dev85],Fit: [0.8445204161786152, 0.88, 0.94, 0.6527658973837449],Nível: [Junior, Middle, Senior, Master],Total Fit: 0.20
Cromossomo: 32,IDs: [308, 214, 38, 62],Nomes: [Dev308, Dev214, Dev38, Dev62],Fit: [0.8657566532134633, 0.8768925905804429, 0.9148547834252482, 0.6527106924374311],Nível: [Junior, Middle, Senior, Master],Total Fit: 0.03
Cromossomo: 33,IDs: [104, 48, 65, 89],Nomes: [Dev104, Dev48, Dev65, Dev89],Fit: [0.75, 0.88, 0.69, 0.75],Nível: [Junior, Middle, Senior, Master],Total Fit: 0.03
Cromossomo: 34,IDs: [446, 181, 27, 402],Nomes: [Dev446, Dev181, Dev27, Dev402],Fit: [0.88, 0.88, 0.7703971369077202, 0.23972048395064144],Nível: [Junior, Middle, Senior, Master],Total Fit: 1.11
Cromossomo: 35,IDs: [55, 7, 17, 62],Nomes: [Dev55, Dev7, Dev17, Dev62],Fit: [0.69, 0.81, 0.81, 0.63],Nível: [Junior, Middle, Senior, Master],Total Fit: 0.53
Cromossomo: 36,IDs: [104, 270, 65, 225],Nomes: [Dev104, Dev270, Dev65, Dev225],Fit: [0.7928365739661009, 0.8800000000000001, 0.7668419784371789, 0.81],Nível: [Junior, Middle, Senior, Master],Total Fit: 0.29
Cromossomo: 37,IDs: [82, 270, 94, 89],Nomes: [Dev82, Dev270, Dev94, Dev89],Fit: [0.836763329049064, 0.8800000000000001, 0.9045034567607272, 0.7387746182030929],Nível: [Junior, Middle, Senior, Master],Total Fit: 0.20
Cromossomo: 38,IDs: [446, 181, 27, 402],Nomes: [Dev446, Dev181, Dev27, Dev402],Fit: [0.88, 0.88, 0.7703971369077202, 0.23972048395064144],Nível: [Junior, Middle, Senior, Master],Total Fit: 1.11
Cromossomo: 39,IDs: [362, 181, 448, 62],Nomes: [Dev362, Dev181, Dev448, Dev62],Fit: [0.75, 0.88, 0.81, 0.698368038664507],Nível: [Junior, Middle, Senior, Master],Total Fit: 0.16
Cromossomo: 40,IDs: [55, 7, 65, 225],Nomes: [Dev55, Dev7, Dev65, Dev225],Fit: [0.7297911141892097, 0.8265635057437734, 0.7749187832706191, 0.7640961239094739],Nível: [Junior, Middle, Senior, Master],Total Fit: 0.03
Cromossomo: 41,IDs: [56, 16, 17, 89],Nomes: [Dev56, Dev16, Dev17, Dev89],Fit: [0.69, 0.63, 0.81, 0.75],Nível: [Junior, Middle, Senior, Master],Total Fit: 0.03
Cromossomo: 42,IDs: [446, 181, 27, 402],Nomes: [Dev446, Dev181, Dev27, Dev402],Fit: [0.88, 0.88, 0.7703971369077202, 0.23972048395064144],Nível: [Junior, Middle, Senior, Master],Total Fit: 1.11
Cromossomo: 43,IDs: [104, 8, 29, 62],Nomes: [Dev104, Dev8, Dev29, Dev62],Fit: [0.75, 0.75, 0.69, 0.63],Nível: [Junior, Middle, Senior, Master],Total Fit: 0.34
Cromossomo: 44,IDs: [53, 7, 94, 85],Nomes: [Dev53, Dev7, Dev94, Dev85],Fit: [0.81, 0.88, 0.94, 0.75],Nível: [Junior, Middle, Senior, Master],Total Fit: 0.03
Cromossomo: 45,IDs: [56, 16, 17, 89],Nomes: [Dev56, Dev16, Dev17, Dev89],Fit: [0.7014998013664742, 0.654942602789377, 0.81, 0.7323996325436686],Nível: [Junior, Middle, Senior, Master],Total Fit: 0.03
Cromossomo: 46,IDs: [446, 181, 27, 402],Nomes: [Dev446, Dev181, Dev27, Dev402],Fit: [0.88, 0.88, 0.7703971369077202, 0.23972048395064144],Nível: [Junior, Middle, Senior, Master],Total Fit: 1.11
Cromossomo: 47,IDs: [53, 8, 29, 62],Nomes: [Dev53, Dev8, Dev29, Dev62],Fit: [0.7938326998198049, 0.8103664874265705, 0.8148911528417927, 0.6886531656312149],Nível: [Junior, Middle, Senior, Master],Total Fit: 0.37
Cromossomo: 48,IDs: [104, 7, 94, 85],Nomes: [Dev104, Dev7, Dev94, Dev85],Fit: [0.7618708075693291, 0.8302059813593047, 0.8738797353107508, 0.7133362278595369],Nível: [Junior, Middle, Senior, Master],Total Fit: 0.03
Cromossomo: 49,IDs: [47, 28, 17, 46],Nomes: [Dev47, Dev28, Dev17, Dev46],Fit: [0.88, 0.69, 0.81, 0.75],Nível: [Junior, Middle, Senior, Master],Total Fit: 0.03
Cromossomo: 50,IDs: [446, 181, 27, 402],Nomes: [Dev446, Dev181, Dev27, Dev402],Fit: [0.88, 0.88, 0.7703971369077202, 0.23972048395064144],Nível: [Junior, Middle, Senior, Master],Total Fit: 1.11
Cromossomo: 51,IDs: [53, 28, 29, 46],Nomes: [Dev53, Dev28, Dev29, Dev46],Fit: [0.817873317897911, 0.6958061612495495, 0.8146962003340074, 0.7300213980397569],Nível: [Junior, Middle, Senior, Master],Total Fit: 0.18
Cromossomo: 52,IDs: [326, 8, 17, 62],Nomes: [Dev326, Dev8, Dev17, Dev62],Fit: [0.88, 0.7904770277338894, 0.8102860225090344, 0.7000817611928649],Nível: [Junior, Middle, Senior, Master],Total Fit: 0.03
Cromossomo: 53,IDs: [55, 97, 65, 89],Nomes: [Dev55, Dev97, Dev65, Dev89],Fit: [0.69, 0.88, 0.69, 0.75],Nível: [Junior, Middle, Senior, Master],Total Fit: 0.03
Cromossomo: 54,IDs: [446, 181, 27, 402],Nomes: [Dev446, Dev181, Dev27, Dev402],Fit: [0.88, 0.88, 0.7703971369077202, 0.23972048395064144],Nível: [Junior, Middle, Senior, Master],Total Fit: 1.11
Cromossomo: 55,IDs: [53, 97, 27, 46],Nomes: [Dev53, Dev97, Dev27, Dev46],Fit: [0.81, 0.7924283169072751, 0.94, 0.733821058923781],Nível: [Junior, Middle, Senior, Master],Total Fit: 0.52
Cromossomo: 56,IDs: [55, 28, 65, 89],Nomes: [Dev55, Dev28, Dev65, Dev89],Fit: [0.7462565351063104, 0.7756172890769939, 0.7366670356629883, 0.7445124093466333],Nível: [Junior, Middle, Senior, Master],Total Fit: 0.15
Cromossomo: 57,IDs: [17, 7, 104, 85],Nomes: [Dev17, Dev7, Dev104, Dev85],Fit: [0.81, 0.81, 0.75, 0.75],Nível: [Senior, Middle, Junior, Master],Total Fit: 0.03
Cromossomo: 58,IDs: [446, 181, 27, 402],Nomes: [Dev446, Dev181, Dev27, Dev402],Fit: [0.88, 0.88, 0.7703971369077202, 0.23972048395064144],Nível: [Junior, Middle, Senior, Master],Total Fit: 1.11
Cromossomo: 59,IDs: [81, 48, 38, 46],Nomes: [Dev81, Dev48, Dev38, Dev46],Fit: [0.75, 0.88, 0.94, 0.75],Nível: [Junior, Middle, Senior, Master],Total Fit: 0.03
Cromossomo: 60,IDs: [53, 28, 27, 89],Nomes: [Dev53, Dev28, Dev27, Dev89],Fit: [0.8052890414472359, 0.7809165961372582, 0.8398848794273754, 0.7440270882460222],Nível: [Junior, Middle, Senior, Master],Total Fit: 0.03
Cromossomo: 61,IDs: [316, 97, 65, 85],Nomes: [Dev316, Dev97, Dev65, Dev85],Fit: [0.81, 0.7840849745113481, 0.7948648055187755, 0.75],Nível: [Junior, Middle, Senior, Master],Total Fit: 0.03
Cromossomo: 62,IDs: [446, 181, 27, 402],Nomes: [Dev446, Dev181, Dev27, Dev402],Fit: [0.88, 0.88, 0.7703971369077202, 0.23972048395064144],Nível: [Junior, Middle, Senior, Master],Total Fit: 1.11
Cromossomo: 63,IDs: [316, 48, 27, 198],Nomes: [Dev316, Dev48, Dev27, Dev198],Fit: [0.81, 0.8608945783802147, 0.8669673149998939, 0.81],Nível: [Junior, Middle, Senior, Master],Total Fit: 0.13
Cromossomo: 64,IDs: [81, 28, 38, 89],Nomes: [Dev81, Dev28, Dev38, Dev89],Fit: [0.771482261565267, 0.808366725206267, 0.937259495121874, 0.7459356875177738],Nível: [Junior, Middle, Senior, Master],Total Fit: 0.03
Cromossomo: 65,IDs: [46, 56, 65, 8],Nomes: [Dev46, Dev56, Dev65, Dev8],Fit: [0.75, 0.69, 0.69, 0.75],Nível: [Master, Junior, Senior, Middle],Total Fit: 0.03
Cromossomo: 66,IDs: [446, 181, 27, 402],Nomes: [Dev446, Dev181, Dev27, Dev402],Fit: [0.88, 0.88, 0.7703971369077202, 0.23972048395064144],Nível: [Junior, Middle, Senior, Master],Total Fit: 1.11
Cromossomo: 67,IDs: [356, 48, 27, 89],Nomes: [Dev356, Dev48, Dev27, Dev89],Fit: [0.81, 0.8493531637230609, 0.94, 0.7500253795115202],Nível: [Junior, Middle, Senior, Master],Total Fit: 0.27
Cromossomo: 68,IDs: [45, 16, 94, 62],Nomes: [Dev45, Dev16, Dev94, Dev62],Fit: [0.88, 0.63, 0.75, 0.63],Nível: [Junior, Middle, Senior, Master],Total Fit: 0.20
Cromossomo: 69,IDs: [316, 28, 38, 198],Nomes: [Dev316, Dev28, Dev38, Dev198],Fit: [0.808380126215796, 0.8219296637900946, 0.9293122809230907, 0.8097909937354179],Nível: [Junior, Middle, Senior, Master],Total Fit: 0.03
Cromossomo: 70,IDs: [446, 181, 27, 402],Nomes: [Dev446, Dev181, Dev27, Dev402],Fit: [0.88, 0.88, 0.7703971369077202, 0.23972048395064144],Nível: [Junior, Middle, Senior, Master],Total Fit: 1.11
Cromossomo: 71,IDs: [356, 48, 27, 62],Nomes: [Dev356, Dev48, Dev27, Dev62],Fit: [0.8302460486064449, 0.7555896370564562, 0.869298566678579, 0.6481684776209276],Nível: [Junior, Middle, Senior, Master],Total Fit: 0.12
Cromossomo: 72,IDs: [47, 28, 38, 85],Nomes: [Dev47, Dev28, Dev38, Dev85],Fit: [0.88, 0.69, 0.94, 0.75],Nível: [Junior, Middle, Senior, Master],Total Fit: 0.03
Cromossomo: 73,IDs: [45, 214, 94, 89],Nomes: [Dev45, Dev214, Dev94, Dev89],Fit: [0.8742923378830574, 0.88, 0.7882471837189526, 0.6947981255135847],Nível: [Junior, Middle, Senior, Master],Total Fit: 0.03
Cromossomo: 74,IDs: [446, 181, 27, 402],Nomes: [Dev446, Dev181, Dev27, Dev402],Fit: [0.88, 0.88, 0.7703971369077202, 0.23972048395064144],Nível: [Junior, Middle, Senior, Master],Total Fit: 1.11
Cromossomo: 75,IDs: [170, 48, 27, 327],Nomes: [Dev170, Dev48, Dev27, Dev327],Fit: [0.88, 0.7444069799321416, 0.94, 0.81],Nível: [Junior, Middle, Senior, Master],Total Fit: 0.27
Cromossomo: 76,IDs: [356, 28, 38, 85],Nomes: [Dev356, Dev28, Dev38, Dev85],Fit: [0.8419868668373119, 0.7119828692084558, 0.9150648370547498, 0.7407265362800309],Nível: [Junior, Middle, Senior, Master],Total Fit: 0.13
Cromossomo: 77,IDs: [97, 55, 65, 89],Nomes: [Dev97, Dev55, Dev65, Dev89],Fit: [0.88, 0.69, 0.69, 0.75],Nível: [Middle, Junior, Senior, Master],Total Fit: 0.03
Cromossomo: 78,IDs: [446, 181, 27, 402],Nomes: [Dev446, Dev181, Dev27, Dev402],Fit: [0.88, 0.88, 0.7703971369077202, 0.23972048395064144],Nível: [Junior, Middle, Senior, Master],Total Fit: 1.11
Cromossomo: 79,IDs: [55, 7, 17, 62],Nomes: [Dev55, Dev7, Dev17, Dev62],Fit: [0.69, 0.81, 0.81, 0.63],Nível: [Junior, Middle, Senior, Master],Total Fit: 0.53
Cromossomo: 80,IDs: [356, 48, 27, 85],Nomes: [Dev356, Dev48, Dev27, Dev85],Fit: [0.8461985583653902, 0.7441950692166123, 0.9388330401422824, 0.759993248951012],Nível: [Junior, Middle, Senior, Master],Total Fit: 0.26
Cromossomo: 81,IDs: [242, 269, 94, 327],Nomes: [Dev242, Dev269, Dev94, Dev327],Fit: [0.88, 0.81, 0.94, 0.8079893452861421],Nível: [Junior, Middle, Senior, Master],Total Fit: 0.14
Cromossomo: 82,IDs: [446, 181, 27, 402],Nomes: [Dev446, Dev181, Dev27, Dev402],Fit: [0.88, 0.88, 0.7703971369077202, 0.23972048395064144],Nível: [Junior, Middle, Senior, Master],Total Fit: 1.11
Cromossomo: 83,IDs: [104, 97, 38, 46],Nomes: [Dev104, Dev97, Dev38, Dev46],Fit: [0.75, 0.88, 0.94, 0.75],Nível: [Junior, Middle, Senior, Master],Total Fit: 0.27
Cromossomo: 84,IDs: [55, 48, 27, 85],Nomes: [Dev55, Dev48, Dev27, Dev85],Fit: [0.6951542852727182, 0.7478281304725583, 0.9012468558928036, 0.7293097906164203],Nível: [Junior, Middle, Senior, Master],Total Fit: 0.12
Cromossomo: 85,IDs: [362, 398, 94, 225],Nomes: [Dev362, Dev398, Dev94, Dev225],Fit: [0.75, 0.75, 0.94, 0.81],Nível: [Junior, Middle, Senior, Master],Total Fit: 0.03
Cromossomo: 86,IDs: [446, 181, 27, 402],Nomes: [Dev446, Dev181, Dev27, Dev402],Fit: [0.88, 0.88, 0.7703971369077202, 0.23972048395064144],Nível: [Junior, Middle, Senior, Master],Total Fit: 1.11
Cromossomo: 87,IDs: [104, 97, 38, 225],Nomes: [Dev104, Dev97, Dev38, Dev225],Fit: [0.75, 0.8597244846604833, 0.94, 0.78772632465932],Nível: [Junior, Middle, Senior, Master],Total Fit: 0.27
Cromossomo: 88,IDs: [152, 270, 27, 327],Nomes: [Dev152, Dev270, Dev27, Dev327],Fit: [0.75, 0.88, 0.94, 0.81],Nível: [Junior, Middle, Senior, Master],Total Fit: 0.03
Cromossomo: 89,IDs: [53, 89, 94, 7],Nomes: [Dev53, Dev89, Dev94, Dev7],Fit: [0.81, 0.75, 0.75, 0.81],Nível: [Junior, Master, Senior, Middle],Total Fit: 0.03
Cromossomo: 90,IDs: [446, 181, 27, 402],Nomes: [Dev446, Dev181, Dev27, Dev402],Fit: [0.88, 0.88, 0.7703971369077202, 0.23972048395064144],Nível: [Junior, Middle, Senior, Master],Total Fit: 1.11
Cromossomo: 91,IDs: [446, 214, 94, 327],Nomes: [Dev446, Dev214, Dev94, Dev327],Fit: [0.88, 0.88, 0.94, 0.8065215971657557],Nível: [Junior, Middle, Senior, Master],Total Fit: 0.32
Cromossomo: 92,IDs: [152, 97, 27, 225],Nomes: [Dev152, Dev97, Dev27, Dev225],Fit: [0.75, 0.8635639603350783, 0.94, 0.7934425297985782],Nível: [Junior, Middle, Senior, Master],Total Fit: 0.27
Cromossomo: 93,IDs: [28, 56, 38, 89],Nomes: [Dev28, Dev56, Dev38, Dev89],Fit: [0.69, 0.69, 0.94, 0.75],Nível: [Middle, Junior, Senior, Master],Total Fit: 0.03
Cromossomo: 94,IDs: [446, 181, 27, 402],Nomes: [Dev446, Dev181, Dev27, Dev402],Fit: [0.88, 0.88, 0.7703971369077202, 0.23972048395064144],Nível: [Junior, Middle, Senior, Master],Total Fit: 1.11
Cromossomo: 95,IDs: [326, 214, 27, 46],Nomes: [Dev326, Dev214, Dev27, Dev46],Fit: [0.88, 0.873475265689968, 0.94, 0.88],Nível: [Junior, Middle, Senior, Master],Total Fit: 1.11
Cromossomo: 96,IDs: [446, 97, 94, 225],Nomes: [Dev446, Dev97, Dev94, Dev225],Fit: [0.8622600127784696, 0.8669223162927159, 0.94, 0.7957544498511793],Nível: [Junior, Middle, Senior, Master],Total Fit: 0.17
Cromossomo: 97,IDs: [7, 81, 85, 17],Nomes: [Dev7, Dev81, Dev85, Dev17],Fit: [0.81, 0.75, 0.75, 0.81],Nível: [Middle, Junior, Master, Senior],Total Fit: 0.03
Cromossomo: 98,IDs: [359, 7, 27, 46],Nomes: [Dev359, Dev7, Dev27, Dev46],Fit: [0.88, 0.88, 0.94, 0.8792165535489925],Nível: [Junior, Middle, Senior, Master],Total Fit: 1.50
Cromossomo: 99,IDs: [446, 181, 27, 402],Nomes: [Dev446, Dev181, Dev27, Dev402],Fit: [0.88, 0.88, 0.7703971369077202, 0.23972048395064144],Nível: [Junior, Middle, Senior, Master],Total Fit: 1.11
Cromossomo: 100,IDs: [446, 97, 94, 225],Nomes: [Dev446, Dev97, Dev94, Dev225],Fit: [0.8653203871421759, 0.8676712152597587, 0.94, 0.8166361969089111],Nível: [Junior, Middle, Senior, Master],Total Fit: 0.17
Cromossomo: 101,IDs: [47, 8, 38, 62],Nomes: [Dev47, Dev8, Dev38, Dev62],Fit: [0.88, 0.75, 0.94, 0.63],Nível: [Junior, Middle, Senior, Master],Total Fit: 0.03
Cromossomo: 102,IDs: [359, 7, 27, 46],Nomes: [Dev359, Dev7, Dev27, Dev46],Fit: [0.88, 0.88, 0.94, 0.8792165535489925],Nível: [Junior, Middle, Senior, Master],Total Fit: 1.50
Cromossomo: 103,IDs: [425, 214, 29, 136],Nomes: [Dev425, Dev214, Dev29, Dev136],Fit: [0.94, 0.88, 0.88, 0.69],Nível: [Junior, Middle, Senior, Master],Total Fit: 0.31
Cromossomo: 104,IDs: [47, 181, 27, 402],Nomes: [Dev47, Dev181, Dev27, Dev402],Fit: [0.8800000000000001, 0.8791711839227454, 0.8127039915221322, 0.38865582588826286],Nível: [Junior, Middle, Senior, Master],Total Fit: 0.03
Cromossomo: 105,IDs: [81, 16, 65, 89],Nomes: [Dev81, Dev16, Dev65, Dev89],Fit: [0.75, 0.63, 0.69, 0.75],Nível: [Junior, Middle, Senior, Master],Total Fit: 0.03
Cromossomo: 106,IDs: [359, 7, 27, 46],Nomes: [Dev359, Dev7, Dev27, Dev46],Fit: [0.88, 0.88, 0.94, 0.8792165535489925],Nível: [Junior, Middle, Senior, Master],Total Fit: 1.50
Cromossomo: 107,IDs: [45, 97, 94, 85],Nomes: [Dev45, Dev97, Dev94, Dev85],Fit: [0.88, 0.88, 0.75, 0.75],Nível: [Junior, Middle, Senior, Master],Total Fit: 0.03
Cromossomo: 108,IDs: [326, 16, 293, 89],Nomes: [Dev326, Dev16, Dev293, Dev89],Fit: [0.88, 0.6304683350803377, 0.81, 0.7319477382590205],Nível: [Junior, Middle, Senior, Master],Total Fit: 0.03
Cromossomo: 109,IDs: [81, 214, 65, 136],Nomes: [Dev81, Dev214, Dev65, Dev136],Fit: [0.8166392595854648, 0.793149239736639, 0.715722225142582, 0.7167448637534222],Nível: [Junior, Middle, Senior, Master],Total Fit: 0.03
Cromossomo: 110,IDs: [359, 7, 27, 46],Nomes: [Dev359, Dev7, Dev27, Dev46],Fit: [0.88, 0.88, 0.94, 0.8792165535489925],Nível: [Junior, Middle, Senior, Master],Total Fit: 1.50
Cromossomo: 111,IDs: [104, 8, 29, 62],Nomes: [Dev104, Dev8, Dev29, Dev62],Fit: [0.75, 0.75, 0.69, 0.63],Nível: [Junior, Middle, Senior, Master],Total Fit: 0.34
Cromossomo: 112,IDs: [170, 181, 448, 85],Nomes: [Dev170, Dev181, Dev448, Dev85],Fit: [0.88, 0.88, 0.81, 0.7338068748980744],Nível: [Junior, Middle, Senior, Master],Total Fit: 0.03
Cromossomo: 113,IDs: [81, 214, 94, 136],Nomes: [Dev81, Dev214, Dev94, Dev136],Fit: [0.8228473840026981, 0.8098836640248637, 0.7465052394241137, 0.7254758275705919],Nível: [Junior, Middle, Senior, Master],Total Fit: 0.03
Cromossomo: 114,IDs: [359, 7, 27, 46],Nomes: [Dev359, Dev7, Dev27, Dev46],Fit: [0.88, 0.88, 0.94, 0.8792165535489925],Nível: [Junior, Middle, Senior, Master],Total Fit: 1.50
Cromossomo: 115,IDs: [53, 214, 29, 311],Nomes: [Dev53, Dev214, Dev29, Dev311],Fit: [0.81, 0.88, 0.7125795011441551, 0.69],Nível: [Junior, Middle, Senior, Master],Total Fit: 0.03
Cromossomo: 116,IDs: [81, 8, 94, 136],Nomes: [Dev81, Dev8, Dev94, Dev136],Fit: [0.7888562018452296, 0.7651515095103645, 0.7256708023760721, 0.6813370211484215],Nível: [Junior, Middle, Senior, Master],Total Fit: 0.03
Cromossomo: 117,IDs: [82, 16, 65, 89],Nomes: [Dev82, Dev16, Dev65, Dev89],Fit: [0.81, 0.63, 0.69, 0.75],Nível: [Junior, Middle, Senior, Master],Total Fit: 0.03
Cromossomo: 118,IDs: [359, 7, 27, 46],Nomes: [Dev359, Dev7, Dev27, Dev46],Fit: [0.88, 0.88, 0.94, 0.8792165535489925],Nível: [Junior, Middle, Senior, Master],Total Fit: 1.50
Cromossomo: 119,IDs: [411, 183, 271, 89],Nomes: [Dev411, Dev183, Dev271, Dev89],Fit: [0.94, 0.75, 0.75, 0.7240935333352375],Nível: [Junior, Middle, Senior, Master],Total Fit: 0.13
Cromossomo: 120,IDs: [17, 8, 53, 62],Nomes: [Dev17, Dev8, Dev53, Dev62],Fit: [0.81, 0.75, 0.81, 0.63],Nível: [Senior, Middle, Junior, Master],Total Fit: 0.03
Cromossomo: 121,IDs: [81, 16, 94, 136],Nomes: [Dev81, Dev16, Dev94, Dev136],Fit: [0.7895657716381691, 0.6879960687110865, 0.7161402281342797, 0.6938258034753055],Nível: [Junior, Middle, Senior, Master],Total Fit: 0.03
Cromossomo: 122,IDs: [359, 7, 27, 46],Nomes: [Dev359, Dev7, Dev27, Dev46],Fit: [0.88, 0.88, 0.94, 0.8792165535489925],Nível: [Junior, Middle, Senior, Master],Total Fit: 1.50
Cromossomo: 123,IDs: [411, 16, 415, 46],Nomes: [Dev411, Dev16, Dev415, Dev46],Fit: [0.8778255654621065, 0.6905877217079607, 0.81, 0.88],Nível: [Junior, Middle, Senior, Master],Total Fit: 0.49
Cromossomo: 124,IDs: [47, 97, 38, 85],Nomes: [Dev47, Dev97, Dev38, Dev85],Fit: [0.88, 0.88, 0.94, 0.75],Nível: [Junior, Middle, Senior, Master],Total Fit: 0.28
Cromossomo: 125,IDs: [81, 183, 271, 136],Nomes: [Dev81, Dev183, Dev271, Dev136],Fit: [0.8358415103211401, 0.7239227415000223, 0.7441263408005598, 0.7047111387582717],Nível: [Junior, Middle, Senior, Master],Total Fit: 0.03
Cromossomo: 126,IDs: [359, 7, 27, 46],Nomes: [Dev359, Dev7, Dev27, Dev46],Fit: [0.88, 0.88, 0.94, 0.8792165535489925],Nível: [Junior, Middle, Senior, Master],Total Fit: 1.50
Cromossomo: 127,IDs: [363, 48, 415, 46],Nomes: [Dev363, Dev48, Dev415, Dev46],Fit: [0.94, 0.88, 0.8726361726139971, 0.8604984131794033],Nível: [Junior, Middle, Senior, Master],Total Fit: 0.36
Cromossomo: 128,IDs: [411, 97, 38, 85],Nomes: [Dev411, Dev97, Dev38, Dev85],Fit: [0.8787061898142727, 0.8443234291652129, 0.878669741637244, 0.8063337158387214],Nível: [Junior, Middle, Senior, Master],Total Fit: 0.27
Cromossomo: 129,IDs: [81, 65, 16, 62],Nomes: [Dev81, Dev65, Dev16, Dev62],Fit: [0.75, 0.69, 0.63, 0.63],Nível: [Junior, Senior, Middle, Master],Total Fit: 0.03
Cromossomo: 130,IDs: [359, 7, 27, 46],Nomes: [Dev359, Dev7, Dev27, Dev46],Fit: [0.88, 0.88, 0.94, 0.8792165535489925],Nível: [Junior, Middle, Senior, Master],Total Fit: 1.50
Cromossomo: 131,IDs: [363, 97, 415, 46],Nomes: [Dev363, Dev97, Dev415, Dev46],Fit: [0.9183971453073843, 0.85070429380629, 0.8751029343717657, 0.8544632150735113],Nível: [Junior, Middle, Senior, Master],Total Fit: 0.35
Cromossomo: 132,IDs: [425, 48, 94, 85],Nomes: [Dev425, Dev48, Dev94, Dev85],Fit: [0.94, 0.88, 0.94, 0.8322004210627449],Nível: [Junior, Middle, Senior, Master],Total Fit: 0.22
Cromossomo: 133,IDs: [104, 28, 89, 65],Nomes: [Dev104, Dev28, Dev89, Dev65],Fit: [0.75, 0.69, 0.75, 0.69],Nível: [Junior, Middle, Master, Senior],Total Fit: 0.14
Cromossomo: 134,IDs: [359, 7, 27, 46],Nomes: [Dev359, Dev7, Dev27, Dev46],Fit: [0.88, 0.88, 0.94, 0.8792165535489925],Nível: [Junior, Middle, Senior, Master],Total Fit: 1.50
Cromossomo: 135,IDs: [425, 48, 94, 85],Nomes: [Dev425, Dev48, Dev94, Dev85],Fit: [0.9321568714506566, 0.8761681810336927, 0.9302436302008946, 0.8395109903894411],Nível: [Junior, Middle, Senior, Master],Total Fit: 0.21
Cromossomo: 136,IDs: [220, 97, 415, 211],Nomes: [Dev220, Dev97, Dev415, Dev211],Fit: [0.94, 0.8528145394028128, 0.9050928756639868, 1.00],Nível: [Junior, Middle, Senior, Master],Total Fit: 0.04
Cromossomo: 137,IDs: [55, 8, 65, 89],Nomes: [Dev55, Dev8, Dev65, Dev89],Fit: [0.69, 0.75, 0.69, 0.75],Nível: [Junior, Middle, Senior, Master],Total Fit: 0.03
Cromossomo: 138,IDs: [359, 7, 27, 46],Nomes: [Dev359, Dev7, Dev27, Dev46],Fit: [0.88, 0.88, 0.94, 0.8792165535489925],Nível: [Junior, Middle, Senior, Master],Total Fit: 1.50
Cromossomo: 139,IDs: [363, 270, 94, 46],Nomes: [Dev363, Dev270, Dev94, Dev46],Fit: [0.94, 0.88, 0.94, 0.88],Nível: [Junior, Middle, Senior, Master],Total Fit: 0.58
Cromossomo: 140,IDs: [29, 53, 97, 85],Nomes: [Dev29, Dev53, Dev97, Dev85],Fit: [0.69, 0.81, 0.88, 0.75],Nível: [Senior, Junior, Middle, Master],Total Fit: 0.03
Cromossomo: 141,IDs: [55, 8, 65, 89],Nomes: [Dev55, Dev8, Dev65, Dev89],Fit: [0.7221883520930997, 0.7866389213534735, 0.7877091500844124, 0.7795370883677545],Nível: [Junior, Middle, Senior, Master],Total Fit: 0.03
Cromossomo: 142,IDs: [359, 7, 27, 46],Nomes: [Dev359, Dev7, Dev27, Dev46],Fit: [0.88, 0.88, 0.94, 0.8792165535489925],Nível: [Junior, Middle, Senior, Master],Total Fit: 1.50
Cromossomo: 143,IDs: [363, 8, 94, 46],Nomes: [Dev363, Dev8, Dev94, Dev46],Fit: [0.8836851425688246, 0.8013000080282882, 0.8828902965849087, 0.88],Nível: [Junior, Middle, Senior, Master],Total Fit: 0.55
Cromossomo: 144,IDs: [55, 270, 65, 89],Nomes: [Dev55, Dev270, Dev65, Dev89],Fit: [0.824766233663657, 0.873626949494976, 0.8223367528009666, 0.7921832875902678],Nível: [Junior, Middle, Senior, Master],Total Fit: 0.03
Cromossomo: 145,IDs: [81, 28, 29, 85],Nomes: [Dev81, Dev28, Dev29, Dev85],Fit: [0.75, 0.69, 0.69, 0.75],Nível: [Junior, Middle, Senior, Master],Total Fit: 0.03
Cromossomo: 146,IDs: [359, 7, 27, 46],Nomes: [Dev359, Dev7, Dev27, Dev46],Fit: [0.88, 0.88, 0.94, 0.8792165535489925],Nível: [Junior, Middle, Senior, Master],Total Fit: 1.50
Cromossomo: 147,IDs: [447, 8, 94, 46],Nomes: [Dev447, Dev8, Dev94, Dev46],Fit: [0.94, 0.7912112430006684, 0.8142845229514074, 0.8615546592442747],Nível: [Junior, Middle, Senior, Master],Total Fit: 0.20
Cromossomo: 148,IDs: [363, 28, 29, 85],Nomes: [Dev363, Dev28, Dev29, Dev85],Fit: [0.8512305435844181, 0.7316834148623097, 0.7482242694731545, 0.7506052446303533],Nível: [Junior, Middle, Senior, Master],Total Fit: 0.03
Cromossomo: 149,IDs: [89, 16, 53, 65],Nomes: [Dev89, Dev16, Dev53, Dev65],Fit: [0.75, 0.63, 0.81, 0.69],Nível: [Master, Middle, Junior, Senior],Total Fit: 0.03
Cromossomo: 150,IDs: [363, 8, 27, 46],Nomes: [Dev363, Dev8, Dev27, Dev46],Fit: [0.8940979343555777, 0.7723823402547112, 0.94, 0.839919748580928],Nível: [Junior, Middle, Senior, Master],Total Fit: 3.65
Cromossomo: 151,IDs: [359, 7, 27, 46],Nomes: [Dev359, Dev7, Dev27, Dev46],Fit: [0.88, 0.88, 0.94, 0.8792165535489925],Nível: [Junior, Middle, Senior, Master],Total Fit: 1.50
Cromossomo: 152,IDs: [45, 97, 38, 62],Nomes: [Dev45, Dev97, Dev38, Dev62],Fit: [0.88, 0.88, 0.94, 0.63],Nível: [Junior, Middle, Senior, Master],Total Fit: 0.27
Cromossomo: 153,IDs: [447, 28, 29, 85],Nomes: [Dev447, Dev28, Dev29, Dev85],Fit: [0.9011162017182981, 0.7389917519625225, 0.7606513171692856, 0.7650210768864607],Nível: [Junior, Middle, Senior, Master],Total Fit: 0.03
Cromossomo: 154,IDs: [363, 8, 27, 46],Nomes: [Dev363, Dev8, Dev27, Dev46],Fit: [0.8940979343555777, 0.7723823402547112, 0.94, 0.839919748580928],Nível: [Junior, Middle, Senior, Master],Total Fit: 3.65
Cromossomo: 155,IDs: [45, 97, 38, 46],Nomes: [Dev45, Dev97, Dev38, Dev46],Fit: [0.88, 0.88, 0.94, 0.8373876104636175],Nível: [Junior, Middle, Senior, Master],Total Fit: 0.28
Cromossomo: 156,IDs: [425, 48, 94, 62],Nomes: [Dev425, Dev48, Dev94, Dev62],Fit: [0.94, 0.88, 0.94, 0.6529872062066481],Nível: [Junior, Middle, Senior, Master],Total Fit: 0.20
Cromossomo: 157,IDs: [47, 17, 85, 7],Nomes: [Dev47, Dev17, Dev85, Dev7],Fit: [0.88, 0.81, 0.75, 0.81],Nível: [Junior, Senior, Master, Middle],Total Fit: 0.03
Cromossomo: 158,IDs: [363, 8, 27, 46],Nomes: [Dev363, Dev8, Dev27, Dev46],Fit: [0.8940979343555777, 0.7723823402547112, 0.94, 0.839919748580928],Nível: [Junior, Middle, Senior, Master],Total Fit: 3.65
Cromossomo: 159,IDs: [305, 7, 27, 46],Nomes: [Dev305, Dev7, Dev27, Dev46],Fit: [0.94, 0.88, 0.94, 0.8114982260635676],Nível: [Junior, Middle, Senior, Master],Total Fit: 1.75
Cromossomo: 160,IDs: [53, 16, 38, 89],Nomes: [Dev53, Dev16, Dev38, Dev89],Fit: [0.81, 0.63, 0.94, 0.75],Nível: [Junior, Middle, Senior, Master],Total Fit: 0.22
Cromossomo: 161,IDs: [45, 48, 94, 62],Nomes: [Dev45, Dev48, Dev94, Dev62],Fit: [0.8976007224029693, 0.88, 0.94, 0.7328911421381165],Nível: [Junior, Middle, Senior, Master],Total Fit: 0.03
Cromossomo: 162,IDs: [363, 8, 27, 46],Nomes: [Dev363, Dev8, Dev27, Dev46],Fit: [0.8940979343555777, 0.7723823402547112, 0.94, 0.839919748580928],Nível: [Junior, Middle, Senior, Master],Total Fit: 3.65
Cromossomo: 163,IDs: [305, 283, 27, 62],Nomes: [Dev305, Dev283, Dev27, Dev62],Fit: [0.8793339357513045, 0.75, 0.94, 0.81],Nível: [Junior, Middle, Senior, Master],Total Fit: 1.93
Cromossomo: 164,IDs: [53, 16, 38, 46],Nomes: [Dev53, Dev16, Dev38, Dev46],Fit: [0.820078666314477, 0.6643214200231493, 0.94, 0.7817632142734969],Nível: [Junior, Middle, Senior, Master],Total Fit: 0.42
Cromossomo: 165,IDs: [17, 89, 7, 47],Nomes: [Dev17, Dev89, Dev7, Dev47],Fit: [0.81, 0.75, 0.81, 0.88],Nível: [Senior, Master, Middle, Junior],Total Fit: 0.03
Cromossomo: 166,IDs: [363, 8, 27, 46],Nomes: [Dev363, Dev8, Dev27, Dev46],Fit: [0.8940979343555777, 0.7723823402547112, 0.94, 0.839919748580928],Nível: [Junior, Middle, Senior, Master],Total Fit: 3.65
Cromossomo: 167,IDs: [53, 283, 17, 402],Nomes: [Dev53, Dev283, Dev17, Dev402],Fit: [0.8285762645047672, 0.7273266219791132, 0.56, 0.81],Nível: [Junior, Middle, Senior, Master],Total Fit: 0.18
Cromossomo: 168,IDs: [305, 16, 38, 46],Nomes: [Dev305, Dev16, Dev38, Dev46],Fit: [0.86533601518603, 0.6856415847195927, 0.94, 0.7870903566663245],Nível: [Junior, Middle, Senior, Master],Total Fit: 0.03
Cromossomo: 169,IDs: [89, 28, 55, 29],Nomes: [Dev89, Dev28, Dev55, Dev29],Fit: [0.75, 0.69, 0.69, 0.69],Nível: [Master, Middle, Junior, Senior],Total Fit: 0.03
Cromossomo: 170,IDs: [363, 8, 27, 46],Nomes: [Dev363, Dev8, Dev27, Dev46],Fit: [0.8940979343555777, 0.7723823402547112, 0.94, 0.839919748580928],Nível: [Junior, Middle, Senior, Master],Total Fit: 3.65
Cromossomo: 171,IDs: [53, 283, 17, 46],Nomes: [Dev53, Dev283, Dev17, Dev46],Fit: [0.8337304278838326, 0.7107650319999705, 0.6502111365761473, 0.790808395054314],Nível: [Junior, Middle, Senior, Master],Total Fit: 0.18
Cromossomo: 172,IDs: [85, 104, 94, 97],Nomes: [Dev85, Dev104, Dev94, Dev97],Fit: [0.75, 0.75, 0.75, 0.88],Nível: [Master, Junior, Senior, Middle],Total Fit: 0.03
Cromossomo: 173,IDs: [326, 16, 161, 402],Nomes: [Dev326, Dev16, Dev161, Dev402],Fit: [0.88, 0.7047638744570658, 0.69, 0.798557033943278],Nível: [Junior, Middle, Senior, Master],Total Fit: 0.03
Cromossomo: 174,IDs: [363, 8, 27, 46],Nomes: [Dev363, Dev8, Dev27, Dev46],Fit: [0.8940979343555777, 0.7723823402547112, 0.94, 0.839919748580928],Nível: [Junior, Middle, Senior, Master],Total Fit: 3.65
Cromossomo: 175,IDs: [81, 7, 29, 85],Nomes: [Dev81, Dev7, Dev29, Dev85],Fit: [0.75, 0.81, 0.69, 0.75],Nível: [Junior, Middle, Senior, Master],Total Fit: 0.54
Cromossomo: 176,IDs: [53, 16, 17, 46],Nomes: [Dev53, Dev16, Dev17, Dev46],Fit: [0.8361355236040642, 0.7074423410691897, 0.6584251375327681, 0.7917566557482987],Nível: [Junior, Middle, Senior, Master],Total Fit: 0.18
Cromossomo: 177,IDs: [447, 269, 293, 402],Nomes: [Dev447, Dev269, Dev293, Dev402],Fit: [0.94, 0.81, 0.81, 0.7977140279152999],Nível: [Junior, Middle, Senior, Master],Total Fit: 0.03
Cromossomo: 178,IDs: [363, 8, 27, 46],Nomes: [Dev363, Dev8, Dev27, Dev46],Fit: [0.8940979343555777, 0.7723823402547112, 0.94, 0.839919748580928],Nível: [Junior, Middle, Senior, Master],Total Fit: 3.65
Cromossomo: 179,IDs: [81, 7, 29, 85],Nomes: [Dev81, Dev7, Dev29, Dev85],Fit: [0.7555488377571524, 0.7927694578259915, 0.679716903729978, 0.750715697850706],Nível: [Junior, Middle, Senior, Master],Total Fit: 0.54
Cromossomo: 180,IDs: [359, 137, 448, 46],Nomes: [Dev359, Dev137, Dev448, Dev46],Fit: [0.88, 0.81, 0.81, 0.88],Nível: [Junior, Middle, Senior, Master],Total Fit: 0.37
Cromossomo: 181,IDs: [53, 16, 38, 89],Nomes: [Dev53, Dev16, Dev38, Dev89],Fit: [0.81, 0.63, 0.94, 0.75],Nível: [Junior, Middle, Senior, Master],Total Fit: 0.22
Cromossomo: 182,IDs: [363, 8, 27, 46],Nomes: [Dev363, Dev8, Dev27, Dev46],Fit: [0.8940979343555777, 0.7723823402547112, 0.94, 0.839919748580928],Nível: [Junior, Middle, Senior, Master],Total Fit: 3.65
Cromossomo: 183,IDs: [446, 137, 27, 225],Nomes: [Dev446, Dev137, Dev27, Dev225],Fit: [0.88, 0.7242402399260688, 0.94, 0.81],Nível: [Junior, Middle, Senior, Master],Total Fit: 1.81
Cromossomo: 184,IDs: [56, 7, 94, 85],Nomes: [Dev56, Dev7, Dev94, Dev85],Fit: [0.69, 0.81, 0.75, 0.75],Nível: [Junior, Middle, Senior, Master],Total Fit: 0.54
Cromossomo: 185,IDs: [53, 16, 38, 89],Nomes: [Dev53, Dev16, Dev38, Dev89],Fit: [0.8385833315168144, 0.7125390462335324, 0.9035323529457515, 0.7752313758825071],Nível: [Junior, Middle, Senior, Master],Total Fit: 0.23
Cromossomo: 186,IDs: [363, 8, 27, 46],Nomes: [Dev363, Dev8, Dev27, Dev46],Fit: [0.8940979343555777, 0.7723823402547112, 0.94, 0.839919748580928],Nível: [Junior, Middle, Senior, Master],Total Fit: 3.65
Cromossomo: 187,IDs: [446, 7, 27, 225],Nomes: [Dev446, Dev7, Dev27, Dev225],Fit: [0.8421406392392362, 0.7695521672007832, 0.9280109212377106, 0.7804416996575176],Nível: [Junior, Middle, Senior, Master],Total Fit: 1.33
Cromossomo: 188,IDs: [17, 16, 56, 62],Nomes: [Dev17, Dev16, Dev56, Dev62],Fit: [0.81, 0.63, 0.69, 0.63],Nível: [Senior, Middle, Junior, Master],Total Fit: 0.17
Cromossomo: 189,IDs: [336, 137, 94, 85],Nomes: [Dev336, Dev137, Dev94, Dev85],Fit: [0.81, 0.7373989324799158, 0.7809217641050028, 0.7606431903449282],Nível: [Junior, Middle, Senior, Master],Total Fit: 0.03
Cromossomo: 190,IDs: [363, 8, 27, 46],Nomes: [Dev363, Dev8, Dev27, Dev46],Fit: [0.8940979343555777, 0.7723823402547112, 0.94, 0.839919748580928],Nível: [Junior, Middle, Senior, Master],Total Fit: 3.65
Cromossomo: 191,IDs: [82, 28, 29, 89],Nomes: [Dev82, Dev28, Dev29, Dev89],Fit: [0.81, 0.69, 0.69, 0.75],Nível: [Junior, Middle, Senior, Master],Total Fit: 0.18
Cromossomo: 192,IDs: [446, 7, 94, 225],Nomes: [Dev446, Dev7, Dev94, Dev225],Fit: [0.8359555894537744, 0.7563417510126124, 0.8113117869161847, 0.7742062184888024],Nível: [Junior, Middle, Senior, Master],Total Fit: 0.16
Cromossomo: 193,IDs: [336, 137, 27, 85],Nomes: [Dev336, Dev137, Dev27, Dev85],Fit: [0.8120351026959608, 0.7479438078529101, 0.8617771470837137, 0.7612400901855517],Nível: [Junior, Middle, Senior, Master],Total Fit: 0.03
Cromossomo: 194,IDs: [363, 8, 27, 46],Nomes: [Dev363, Dev8, Dev27, Dev46],Fit: [0.8940979343555777, 0.7723823402547112, 0.94, 0.839919748580928],Nível: [Junior, Middle, Senior, Master],Total Fit: 3.65
Cromossomo: 195,IDs: [82, 7, 29, 225],Nomes: [Dev82, Dev7, Dev29, Dev225],Fit: [0.8196560372281901, 0.7415685018302622, 0.7003411315632425, 0.7673558484330316],Nível: [Junior, Middle, Senior, Master],Total Fit: 1.39
Cromossomo: 196,IDs: [446, 181, 94, 327],Nomes: [Dev446, Dev181, Dev94, Dev327],Fit: [0.8240482124117233, 0.88, 0.94, 0.81],Nível: [Junior, Middle, Senior, Master],Total Fit: 0.17
Cromossomo: 197,IDs: [65, 97, 47, 62],Nomes: [Dev65, Dev97, Dev47, Dev62],Fit: [0.69, 0.88, 0.88, 0.63],Nível: [Senior, Middle, Junior, Master],Total Fit: 0.03
Cromossomo: 198,IDs: [363, 8, 27, 46],Nomes: [Dev363, Dev8, Dev27, Dev46],Fit: [0.8940979343555777, 0.7723823402547112, 0.94, 0.839919748580928],Nível: [Junior, Middle, Senior, Master],Total Fit: 3.65
Cromossomo: 199,IDs: [425, 7, 448, 327],Nomes: [Dev425, Dev7, Dev448, Dev327],Fit: [0.94, 0.7607471630722552, 0.81, 0.7907125349560888],Nível: [Junior, Middle, Senior, Master],Total Fit: 0.53
Cromossomo: 200,IDs: [446, 181, 29, 225],Nomes: [Dev446, Dev181, Dev29, Dev225],Fit: [0.8228096645166942, 0.8255440757567922, 0.7070266142639752, 0.7752061993841655],Nível: [Junior, Middle, Senior, Master],Total Fit: 0.50
Cromossomo: 201,IDs: [38, 45, 16, 89],Nomes: [Dev38, Dev45, Dev16, Dev89],Fit: [0.94, 0.88, 0.63, 0.75],Nível: [Senior, Junior, Middle, Master],Total Fit: 0.22
Cromossomo: 202,IDs: [363, 8, 27, 46],Nomes: [Dev363, Dev8, Dev27, Dev46],Fit: [0.8940979343555777, 0.7723823402547112, 0.94, 0.839919748580928],Nível: [Junior, Middle, Senior, Master],Total Fit: 3.65
Cromossomo: 203,IDs: [446, 7, 29, 225],Nomes: [Dev446, Dev7, Dev29, Dev225],Fit: [0.8712716669249277, 0.7698653481267019, 0.7130879256991867, 0.7796536841645036],Nível: [Junior, Middle, Senior, Master],Total Fit: 1.07
Cromossomo: 204,IDs: [425, 181, 351, 198],Nomes: [Dev425, Dev181, Dev351, Dev198],Fit: [0.8923841731521029, 0.8077893972221328, 0.81, 0.81],Nível: [Junior, Middle, Senior, Master],Total Fit: 0.03
Cromossomo: 205,IDs: [47, 97, 65, 89],Nomes: [Dev47, Dev97, Dev65, Dev89],Fit: [0.88, 0.88, 0.69, 0.75],Nível: [Junior, Middle, Senior, Master],Total Fit: 0.03
Cromossomo: 206,IDs: [363, 8, 27, 46],Nomes: [Dev363, Dev8, Dev27, Dev46],Fit: [0.8940979343555777, 0.7723823402547112, 0.94, 0.839919748580928],Nível: [Junior, Middle, Senior, Master],Total Fit: 3.65
Cromossomo: 207,IDs: [47, 7, 29, 89],Nomes: [Dev47, Dev7, Dev29, Dev89],Fit: [0.8773548282195689, 0.7911235439326385, 0.7100305973534525, 0.751360658690327],Nível: [Junior, Middle, Senior, Master],Total Fit: 0.56
Cromossomo: 208,IDs: [220, 270, 351, 225],Nomes: [Dev220, Dev270, Dev351, Dev225],Fit: [0.94, 0.88, 0.81, 0.7657429417338801],Nível: [Junior, Middle, Senior, Master],Total Fit: 0.51
Cromossomo: 209,IDs: [85, 104, 28, 17],Nomes: [Dev85, Dev104, Dev28, Dev17],Fit: [0.75, 0.75, 0.69, 0.81],Nível: [Master, Junior, Middle, Senior],Total Fit: 0.03
Cromossomo: 210,IDs: [363, 8, 27, 46],Nomes: [Dev363, Dev8, Dev27, Dev46],Fit: [0.8940979343555777, 0.7723823402547112, 0.94, 0.839919748580928],Nível: [Junior, Middle, Senior, Master],Total Fit: 3.65
Cromossomo: 211,IDs: [47, 7, 29, 225],Nomes: [Dev47, Dev7, Dev29, Dev225],Fit: [0.9019124567097347, 0.8329418882746982, 0.7529608572910265, 0.758797520149268],Nível: [Junior, Middle, Senior, Master],Total Fit: 1.10
Cromossomo: 212,IDs: [220, 270, 351, 89],Nomes: [Dev220, Dev270, Dev351, Dev89],Fit: [0.9117343201135031, 0.8585305015426579, 0.7805129867749717, 0.7544553347747769],Nível: [Junior, Middle, Senior, Master],Total Fit: 0.20
Cromossomo: 213,IDs: [28, 62, 81, 38],Nomes: [Dev28, Dev62, Dev81, Dev38],Fit: [0.69, 0.63, 0.75, 0.94],Nível: [Middle, Master, Junior, Senior],Total Fit: 0.03
Cromossomo: 214,IDs: [363, 8, 27, 46],Nomes: [Dev363, Dev8, Dev27, Dev46],Fit: [0.8940979343555777, 0.7723823402547112, 0.94, 0.839919748580928],Nível: [Junior, Middle, Senior, Master],Total Fit: 3.65
Cromossomo: 215,IDs: [220, 7, 29, 89],Nomes: [Dev220, Dev7, Dev29, Dev89],Fit: [0.9105555462122013, 0.83932673617634, 0.7666570852186347, 0.7564726488450506],Nível: [Junior, Middle, Senior, Master],Total Fit: 0.59
Cromossomo: 216,IDs: [47, 181, 351, 402],Nomes: [Dev47, Dev181, Dev351, Dev402],Fit: [0.9042114442699234, 0.88, 0.7684027454177491, 0.81],Nível: [Junior, Middle, Senior, Master],Total Fit: 0.40
Cromossomo: 217,IDs: [104, 16, 62, 65],Nomes: [Dev104, Dev16, Dev62, Dev65],Fit: [0.75, 0.63, 0.63, 0.69],Nível: [Junior, Middle, Master, Senior],Total Fit: 0.03
Cromossomo: 218,IDs: [363, 8, 27, 46],Nomes: [Dev363, Dev8, Dev27, Dev46],Fit: [0.8940979343555777, 0.7723823402547112, 0.94, 0.839919748580928],Nível: [Junior, Middle, Senior, Master],Total Fit: 3.65
Cromossomo: 219,IDs: [220, 7, 29, 402],Nomes: [Dev220, Dev7, Dev29, Dev402],Fit: [0.907501986555908, 0.8409351920676792, 0.7674429287260229, 0.788961114561869],Nível: [Junior, Middle, Senior, Master],Total Fit: 1.39
Cromossomo: 220,IDs: [47, 48, 351, 211],Nomes: [Dev47, Dev48, Dev351, Dev211],Fit: [0.9073020107357033, 0.88, 0.7676176245189955, 1.00],Nível: [Junior, Middle, Senior, Master],Total Fit: 0.07
Cromossomo: 221,IDs: [81, 16, 38, 89],Nomes: [Dev81, Dev16, Dev38, Dev89],Fit: [0.75, 0.63, 0.94, 0.75],Nível: [Junior, Middle, Senior, Master],Total Fit: 0.03
Cromossomo: 222,IDs: [363, 8, 27, 46],Nomes: [Dev363, Dev8, Dev27, Dev46],Fit: [0.8940979343555777, 0.7723823402547112, 0.94, 0.839919748580928],Nível: [Junior, Middle, Senior, Master],Total Fit: 3.65
Cromossomo: 223,IDs: [447, 7, 29, 89],Nomes: [Dev447, Dev7, Dev29, Dev89],Fit: [0.94, 0.88, 0.88, 0.7591314250709476],Nível: [Junior, Middle, Senior, Master],Total Fit: 0.62
Cromossomo: 224,IDs: [81, 48, 38, 211],Nomes: [Dev81, Dev48, Dev38, Dev211],Fit: [0.7948957669484505, 0.866409089389545, 0.9188957731193476, 0.998849424017153],Nível: [Junior, Middle, Senior, Master],Total Fit: 0.07
Cromossomo: 225,IDs: [47, 97, 65, 62],Nomes: [Dev47, Dev97, Dev65, Dev62],Fit: [0.88, 0.88, 0.69, 0.63],Nível: [Junior, Middle, Senior, Master],Total Fit: 0.03
Cromossomo: 226,IDs: [363, 8, 27, 46],Nomes: [Dev363, Dev8, Dev27, Dev46],Fit: [0.8940979343555777, 0.7723823402547112, 0.94, 0.839919748580928],Nível: [Junior, Middle, Senior, Master],Total Fit: 3.65
Cromossomo: 227,IDs: [81, 7, 29, 211],Nomes: [Dev81, Dev7, Dev29, Dev211],Fit: [0.8322713364739522, 0.8762873986267926, 0.8944816284032888, 0.9918843286562659],Nível: [Junior, Middle, Senior, Master],Total Fit: 0.65
Cromossomo: 228,IDs: [447, 48, 38, 89],Nomes: [Dev447, Dev48, Dev38, Dev89],Fit: [0.9230123014985532, 0.8722773925849293, 0.9169552358826459, 0.7716194456454554],Nível: [Junior, Middle, Senior, Master],Total Fit: 0.03
Cromossomo: 229,IDs: [104, 97, 17, 62],Nomes: [Dev104, Dev97, Dev17, Dev62],Fit: [0.75, 0.88, 0.81, 0.63],Nível: [Junior, Middle, Senior, Master],Total Fit: 0.03
Cromossomo: 230,IDs: [363, 8, 27, 46],Nomes: [Dev363, Dev8, Dev27, Dev46],Fit: [0.8940979343555777, 0.7723823402547112, 0.94, 0.839919748580928],Nível: [Junior, Middle, Senior, Master],Total Fit: 3.65
Cromossomo: 231,IDs: [326, 214, 94, 46],Nomes: [Dev326, Dev214, Dev94, Dev46],Fit: [0.88, 0.88, 0.94, 0.88],Nível: [Junior, Middle, Senior, Master],Total Fit: 0.04
Cromossomo: 232,IDs: [81, 97, 29, 211],Nomes: [Dev81, Dev97, Dev29, Dev211],Fit: [0.8043545332817632, 0.8795318940898416, 0.8778256658393684, 0.9389040931064206],Nível: [Junior, Middle, Senior, Master],Total Fit: 0.04
Cromossomo: 233,IDs: [82, 16, 38, 85],Nomes: [Dev82, Dev16, Dev38, Dev85],Fit: [0.81, 0.63, 0.94, 0.75],Nível: [Junior, Middle, Senior, Master],Total Fit: 0.03
Cromossomo: 234,IDs: [363, 8, 27, 46],Nomes: [Dev363, Dev8, Dev27, Dev46],Fit: [0.8940979343555777, 0.7723823402547112, 0.94, 0.839919748580928],Nível: [Junior, Middle, Senior, Master],Total Fit: 3.65
Cromossomo: 235,IDs: [82, 97, 38, 85],Nomes: [Dev82, Dev97, Dev38, Dev85],Fit: [0.8099546446912117, 0.8332006873122937, 0.9356739363641701, 0.8417921945540721],Nível: [Junior, Middle, Senior, Master],Total Fit: 0.27
Cromossomo: 236,IDs: [45, 28, 65, 89],Nomes: [Dev45, Dev28, Dev65, Dev89],Fit: [0.88, 0.69, 0.69, 0.75],Nível: [Junior, Middle, Senior, Master],Total Fit: 0.15
Cromossomo: 237,IDs: [53, 16, 29, 211],Nomes: [Dev53, Dev16, Dev29, Dev211],Fit: [0.81, 0.7363729326702178, 0.8984700972309231, 0.8668932835319532],Nível: [Junior, Middle, Senior, Master],Total Fit: 0.03
Cromossomo: 238,IDs: [363, 8, 27, 46],Nomes: [Dev363, Dev8, Dev27, Dev46],Fit: [0.8940979343555777, 0.7723823402547112, 0.94, 0.839919748580928],Nível: [Junior, Middle, Senior, Master],Total Fit: 3.65
Cromossomo: 239,IDs: [45, 97, 27, 85],Nomes: [Dev45, Dev97, Dev27, Dev85],Fit: [0.8755938598151873, 0.7730213065252285, 0.94, 0.8291012093101016],Nível: [Junior, Middle, Senior, Master],Total Fit: 0.03
Cromossomo: 240,IDs: [82, 28, 38, 89],Nomes: [Dev82, Dev28, Dev38, Dev89],Fit: [0.8428527889179198, 0.7150179659228032, 0.8684901498539858, 0.791359725996531],Nível: [Junior, Middle, Senior, Master],Total Fit: 0.03
Cromossomo: 241,IDs: [81, 94, 48, 62],Nomes: [Dev81, Dev94, Dev48, Dev62],Fit: [0.75, 0.75, 0.88, 0.63],Nível: [Junior, Senior, Middle, Master],Total Fit: 0.03
Cromossomo: 242,IDs: [363, 8, 27, 46],Nomes: [Dev363, Dev8, Dev27, Dev46],Fit: [0.8940979343555777, 0.7723823402547112, 0.94, 0.839919748580928],Nível: [Junior, Middle, Senior, Master],Total Fit: 3.65
Cromossomo: 243,IDs: [47, 48, 29, 62],Nomes: [Dev47, Dev48, Dev29, Dev62],Fit: [0.88, 0.88, 0.69, 0.63],Nível: [Junior, Middle, Senior, Master],Total Fit: 0.37
Cromossomo: 244,IDs: [45, 283, 38, 89],Nomes: [Dev45, Dev283, Dev38, Dev89],Fit: [0.872751294298623, 0.75, 0.9005347998794214, 0.8079905109472214],Nível: [Junior, Middle, Senior, Master],Total Fit: 0.03
Cromossomo: 245,IDs: [82, 28, 27, 85],Nomes: [Dev82, Dev28, Dev27, Dev85],Fit: [0.8444463873506002, 0.7328074846191672, 0.9345438450812305, 0.8175058849004778],Nível: [Junior, Middle, Senior, Master],Total Fit: 0.03
Cromossomo: 246,IDs: [363, 8, 27, 46],Nomes: [Dev363, Dev8, Dev27, Dev46],Fit: [0.8940979343555777, 0.7723823402547112, 0.94, 0.839919748580928],Nível: [Junior, Middle, Senior, Master],Total Fit: 3.65
Cromossomo: 247,IDs: [47, 283, 38, 62],Nomes: [Dev47, Dev283, Dev38, Dev62],Fit: [0.8790899928646576, 0.8113530495283561, 0.8788102338956444, 0.6796400762279603],Nível: [Junior, Middle, Senior, Master],Total Fit: 0.58
Cromossomo: 248,IDs: [220, 48, 29, 211],Nomes: [Dev220, Dev48, Dev29, Dev211],Fit: [0.94, 0.8348769318172925, 0.7078183766856193, 1.00],Nível: [Junior, Middle, Senior, Master],Total Fit: 0.07
Cromossomo: 249,IDs: [53, 65, 16, 89],Nomes: [Dev53, Dev65, Dev16, Dev89],Fit: [0.81, 0.69, 0.63, 0.75],Nível: [Junior, Senior, Middle, Master],Total Fit: 0.03
Cromossomo: 250,IDs: [363, 8, 27, 46],Nomes: [Dev363, Dev8, Dev27, Dev46],Fit: [0.8940979343555777, 0.7723823402547112, 0.94, 0.839919748580928],Nível: [Junior, Middle, Senior, Master],Total Fit: 3.65
Cromossomo: 251,IDs: [47, 48, 29, 62],Nomes: [Dev47, Dev48, Dev29, Dev62],Fit: [0.8930476093604065, 0.8275889005535758, 0.7513750443698245, 0.7014687664181435],Nível: [Junior, Middle, Senior, Master],Total Fit: 0.38
Cromossomo: 252,IDs: [411, 181, 415, 211],Nomes: [Dev411, Dev181, Dev415, Dev211],Fit: [0.94, 0.88, 0.81, 0.8528084905996951],Nível: [Junior, Middle, Senior, Master],Total Fit: 0.07
Cromossomo: 253,IDs: [104, 16, 65, 89],Nomes: [Dev104, Dev16, Dev65, Dev89],Fit: [0.75, 0.63, 0.69, 0.75],Nível: [Junior, Middle, Senior, Master],Total Fit: 0.03
Cromossomo: 254,IDs: [363, 8, 27, 46],Nomes: [Dev363, Dev8, Dev27, Dev46],Fit: [0.8940979343555777, 0.7723823402547112, 0.94, 0.839919748580928],Nível: [Junior, Middle, Senior, Master],Total Fit: 3.65
Cromossomo: 255,IDs: [47, 8, 29, 62],Nomes: [Dev47, Dev8, Dev29, Dev62],Fit: [0.8910367939036027, 0.69, 0.736914919435882, 0.7232740601779465],Nível: [Junior, Middle, Senior, Master],Total Fit: 0.36
Cromossomo: 256,IDs: [82, 28, 94, 85],Nomes: [Dev82, Dev28, Dev94, Dev85],Fit: [0.81, 0.69, 0.75, 0.75],Nível: [Junior, Middle, Senior, Master],Total Fit: 0.03
Cromossomo: 257,IDs: [104, 16, 65, 89],Nomes: [Dev104, Dev16, Dev65, Dev89],Fit: [0.7553994795914277, 0.6374267349405677, 0.7137530500820138, 0.7497565548171937],Nível: [Junior, Middle, Senior, Master],Total Fit: 0.03
Cromossomo: 258,IDs: [363, 8, 27, 46],Nomes: [Dev363, Dev8, Dev27, Dev46],Fit: [0.8940979343555777, 0.7723823402547112, 0.94, 0.839919748580928],Nível: [Junior, Middle, Senior, Master],Total Fit: 3.65
Cromossomo: 259,IDs: [82, 28, 29, 62],Nomes: [Dev82, Dev28, Dev29, Dev62],Fit: [0.8406244715180289, 0.69, 0.740827624847603, 0.7255523325426165],Nível: [Junior, Middle, Senior, Master],Total Fit: 0.72
Cromossomo: 260,IDs: [47, 16, 94, 211],Nomes: [Dev47, Dev16, Dev94, Dev211],Fit: [0.8771094503959103, 0.69, 0.7460324771296549, 1.00],Nível: [Junior, Middle, Senior, Master],Total Fit: 0.17
Cromossomo: 261,IDs: [81, 85, 17, 97],Nomes: [Dev81, Dev85, Dev17, Dev97],Fit: [0.75, 0.75, 0.81, 0.88],Nível: [Junior, Master, Senior, Middle],Total Fit: 0.03
Cromossomo: 262,IDs: [363, 8, 27, 46],Nomes: [Dev363, Dev8, Dev27, Dev46],Fit: [0.8940979343555777, 0.7723823402547112, 0.94, 0.839919748580928],Nível: [Junior, Middle, Senior, Master],Total Fit: 3.65
Cromossomo: 263,IDs: [359, 28, 94, 211],Nomes: [Dev359, Dev28, Dev94, Dev211],Fit: [0.88, 0.69, 0.7437020763025453, 0.9711456045078831],Nível: [Junior, Middle, Senior, Master],Total Fit: 0.16
Cromossomo: 264,IDs: [47, 16, 29, 211],Nomes: [Dev47, Dev16, Dev29, Dev211],Fit: [0.8615511675139461, 0.69, 0.7410063872991862, 0.9333136394814081],Nível: [Junior, Middle, Senior, Master],Total Fit: 0.03
Cromossomo: 265,IDs: [104, 7, 17, 89],Nomes: [Dev104, Dev7, Dev17, Dev89],Fit: [0.75, 0.81, 0.81, 0.75],Nível: [Junior, Middle, Senior, Master],Total Fit: 0.03
Cromossomo: 266,IDs: [363, 8, 27, 46],Nomes: [Dev363, Dev8, Dev27, Dev46],Fit: [0.8940979343555777, 0.7723823402547112, 0.94, 0.839919748580928],Nível: [Junior, Middle, Senior, Master],Total Fit: 3.65
Cromossomo: 267,IDs: [359, 28, 94, 89],Nomes: [Dev359, Dev28, Dev94, Dev89],Fit: [0.831401441791023, 0.7042585841096479, 0.759556631093158, 0.7612374628922256],Nível: [Junior, Middle, Senior, Master],Total Fit: 0.12
Cromossomo: 268,IDs: [104, 7, 17, 327],Nomes: [Dev104, Dev7, Dev17, Dev327],Fit: [0.8033862787187742, 0.88, 0.8006985192471796, 0.81],Nível: [Junior, Middle, Senior, Master],Total Fit: 0.03
Cromossomo: 269,IDs: [81, 62, 65, 16],Nomes: [Dev81, Dev62, Dev65, Dev16],Fit: [0.75, 0.63, 0.69, 0.63],Nível: [Junior, Master, Senior, Middle],Total Fit: 0.03
Cromossomo: 270,IDs: [363, 8, 27, 46],Nomes: [Dev363, Dev8, Dev27, Dev46],Fit: [0.8940979343555777, 0.7723823402547112, 0.94, 0.839919748580928],Nível: [Junior, Middle, Senior, Master],Total Fit: 3.65
Cromossomo: 271,IDs: [359, 7, 94, 89],Nomes: [Dev359, Dev7, Dev94, Dev89],Fit: [0.8206152058219494, 0.8170782617303596, 0.7774913337421367, 0.7793002818942595],Nível: [Junior, Middle, Senior, Master],Total Fit: 0.13
Cromossomo: 272,IDs: [104, 28, 17, 327],Nomes: [Dev104, Dev28, Dev17, Dev327],Fit: [0.8097879701835695, 0.7531630222677689, 0.7995476670668742, 0.8018869705451128],Nível: [Junior, Middle, Senior, Master],Total Fit: 0.03
Cromossomo: 273,IDs: [65, 81, 62, 48],Nomes: [Dev65, Dev81, Dev62, Dev48],Fit: [0.69, 0.75, 0.63, 0.88],Nível: [Senior, Junior, Master, Middle],Total Fit: 0.03
Cromossomo: 274,IDs: [363, 8, 27, 46],Nomes: [Dev363, Dev8, Dev27, Dev46],Fit: [0.8940979343555777, 0.7723823402547112, 0.94, 0.839919748580928],Nível: [Junior, Middle, Senior, Master],Total Fit: 3.65
Cromossomo: 275,IDs: [82, 97, 17, 62],Nomes: [Dev82, Dev97, Dev17, Dev62],Fit: [0.81, 0.88, 0.81, 0.63],Nível: [Junior, Middle, Senior, Master],Total Fit: 0.19
Cromossomo: 276,IDs: [359, 28, 94, 327],Nomes: [Dev359, Dev28, Dev94, Dev327],Fit: [0.8188651048750046, 0.7771436144987827, 0.94, 0.7981277972904456],Nível: [Junior, Middle, Senior, Master],Total Fit: 0.13
Cromossomo: 277,IDs: [104, 7, 94, 89],Nomes: [Dev104, Dev7, Dev94, Dev89],Fit: [0.8145368815027505, 0.8147031403774218, 0.7815182255538109, 0.783982442226478],Nível: [Junior, Middle, Senior, Master],Total Fit: 0.03
Cromossomo: 278,IDs: [363, 8, 27, 46],Nomes: [Dev363, Dev8, Dev27, Dev46],Fit: [0.8940979343555777, 0.7723823402547112, 0.94, 0.839919748580928],Nível: [Junior, Middle, Senior, Master],Total Fit: 3.65
Cromossomo: 279,IDs: [82, 270, 17, 62],Nomes: [Dev82, Dev270, Dev17, Dev62],Fit: [0.8103033906474608, 0.88, 0.8221800340414824, 0.81],Nível: [Junior, Middle, Senior, Master],Total Fit: 0.80
Cromossomo: 280,IDs: [53, 65, 28, 89],Nomes: [Dev53, Dev65, Dev28, Dev89],Fit: [0.81, 0.69, 0.69, 0.75],Nível: [Junior, Senior, Middle, Master],Total Fit: 0.15
Cromossomo: 281,IDs: [359, 97, 94, 327],Nomes: [Dev359, Dev97, Dev94, Dev327],Fit: [0.8145034599942145, 0.8529781725316069, 0.9157095693157543, 0.7381038542420976],Nível: [Junior, Middle, Senior, Master],Total Fit: 0.13
Cromossomo: 282,IDs: [363, 8, 27, 46],Nomes: [Dev363, Dev8, Dev27, Dev46],Fit: [0.8940979343555777, 0.7723823402547112, 0.94, 0.839919748580928],Nível: [Junior, Middle, Senior, Master],Total Fit: 3.65
Cromossomo: 283,IDs: [56, 7, 65, 62],Nomes: [Dev56, Dev7, Dev65, Dev62],Fit: [0.69, 0.81, 0.69, 0.63],Nível: [Junior, Middle, Senior, Master],Total Fit: 1.18
Cromossomo: 284,IDs: [305, 214, 94, 198],Nomes: [Dev305, Dev214, Dev94, Dev198],Fit: [0.94, 0.88, 0.9004424437935737, 0.81],Nível: [Junior, Middle, Senior, Master],Total Fit: 0.14
Cromossomo: 285,IDs: [359, 97, 17, 327],Nomes: [Dev359, Dev97, Dev17, Dev327],Fit: [0.8137754674251313, 0.858547799028088, 0.86518394956551, 0.7735374437131624],Nível: [Junior, Middle, Senior, Master],Total Fit: 0.13
Cromossomo: 286,IDs: [363, 8, 27, 46],Nomes: [Dev363, Dev8, Dev27, Dev46],Fit: [0.8940979343555777, 0.7723823402547112, 0.94, 0.839919748580928],Nível: [Junior, Middle, Senior, Master],Total Fit: 3.65
Cromossomo: 287,IDs: [356, 7, 65, 62],Nomes: [Dev356, Dev7, Dev65, Dev62],Fit: [0.81, 0.8148989955526057, 0.7284793686963946, 0.6950569220367517],Nível: [Junior, Middle, Senior, Master],Total Fit: 0.55
Cromossomo: 288,IDs: [53, 48, 38, 85],Nomes: [Dev53, Dev48, Dev38, Dev85],Fit: [0.81, 0.88, 0.94, 0.75],Nível: [Junior, Middle, Senior, Master],Total Fit: 0.24
Cromossomo: 289,IDs: [56, 97, 17, 327],Nomes: [Dev56, Dev97, Dev17, Dev327],Fit: [0.7477638680474391, 0.8547919552297313, 0.8022735008139503, 0.75719383532055],Nível: [Junior, Middle, Senior, Master],Total Fit: 0.03
Cromossomo: 290,IDs: [363, 8, 27, 46],Nomes: [Dev363, Dev8, Dev27, Dev46],Fit: [0.8940979343555777, 0.7723823402547112, 0.94, 0.839919748580928],Nível: [Junior, Middle, Senior, Master],Total Fit: 3.65
Cromossomo: 291,IDs: [169, 7, 65, 62],Nomes: [Dev169, Dev7, Dev65, Dev62],Fit: [0.56, 0.8322296585923346, 0.8223673763693382, 0.703773781876612],Nível: [Junior, Middle, Senior, Master],Total Fit: 0.53
Cromossomo: 292,IDs: [308, 48, 38, 85],Nomes: [Dev308, Dev48, Dev38, Dev85],Fit: [0.88, 0.8717903257678506, 0.8680231084564498, 0.7465438579652488],Nível: [Junior, Middle, Senior, Master],Total Fit: 0.03
Cromossomo: 293,IDs: [29, 104, 28, 89],Nomes: [Dev29, Dev104, Dev28, Dev89],Fit: [0.69, 0.75, 0.69, 0.75],Nível: [Senior, Junior, Middle, Master],Total Fit: 0.03
Cromossomo: 294,IDs: [363, 8, 27, 46],Nomes: [Dev363, Dev8, Dev27, Dev46],Fit: [0.8940979343555777, 0.7723823402547112, 0.94, 0.839919748580928],Nível: [Junior, Middle, Senior, Master],Total Fit: 3.65
Cromossomo: 295,IDs: [308, 7, 38, 46],Nomes: [Dev308, Dev7, Dev38, Dev46],Fit: [0.7270919234630715, 0.88, 0.8502324428857958, 0.88],Nível: [Junior, Middle, Senior, Master],Total Fit: 0.03
Cromossomo: 296,IDs: [45, 28, 85, 17],Nomes: [Dev45, Dev28, Dev85, Dev17],Fit: [0.88, 0.69, 0.75, 0.81],Nível: [Junior, Middle, Master, Senior],Total Fit: 0.03
Cromossomo: 297,IDs: [169, 48, 65, 62],Nomes: [Dev169, Dev48, Dev65, Dev62],Fit: [0.639279834667582, 0.8570596554781498, 0.824084363494281, 0.7052324408204933],Nível: [Junior, Middle, Senior, Master],Total Fit: 0.03
Cromossomo: 298,IDs: [363, 8, 27, 46],Nomes: [Dev363, Dev8, Dev27, Dev46],Fit: [0.8940979343555777, 0.7723823402547112, 0.94, 0.839919748580928],Nível: [Junior, Middle, Senior, Master],Total Fit: 3.65
Cromossomo: 299,IDs: [308, 7, 65, 402],Nomes: [Dev308, Dev7, Dev65, Dev402],Fit: [0.7239675282430268, 0.8724272855521653, 0.8258799695173479, 0.81],Nível: [Junior, Middle, Senior, Master],Total Fit: 0.39
Cromossomo: 300,IDs: [169, 48, 38, 62],Nomes: [Dev169, Dev48, Dev38, Dev62],Fit: [0.6759289320069503, 0.8608906984022567, 0.8425361226631678, 0.7304306197440861],Nível: [Junior, Middle, Senior, Master],Total Fit: 0.03
Cromossomo: 301,IDs: [47, 16, 17, 89],Nomes: [Dev47, Dev16, Dev17, Dev89],Fit: [0.88, 0.63, 0.81, 0.75],Nível: [Junior, Middle, Senior, Master],Total Fit: 0.03
Cromossomo: 302,IDs: [363, 8, 27, 46],Nomes: [Dev363, Dev8, Dev27, Dev46],Fit: [0.8940979343555777, 0.7723823402547112, 0.94, 0.839919748580928],Nível: [Junior, Middle, Senior, Master],Total Fit: 3.65
Cromossomo: 303,IDs: [308, 7, 65, 402],Nomes: [Dev308, Dev7, Dev65, Dev402],Fit: [0.7238698995659801, 0.868765243958145, 0.8301715171470118, 0.8041567316790766],Nível: [Junior, Middle, Senior, Master],Total Fit: 0.39
Cromossomo: 304,IDs: [169, 48, 29, 62],Nomes: [Dev169, Dev48, Dev29, Dev62],Fit: [0.6811646580308799, 0.866498588297101, 0.88, 0.7688763106301617],Nível: [Junior, Middle, Senior, Master],Total Fit: 0.38
Cromossomo: 305,IDs: [104, 97, 38, 89],Nomes: [Dev104, Dev97, Dev38, Dev89],Fit: [0.75, 0.88, 0.94, 0.75],Nível: [Junior, Middle, Senior, Master],Total Fit: 0.27
Cromossomo: 306,IDs: [363, 8, 27, 46],Nomes: [Dev363, Dev8, Dev27, Dev46],Fit: [0.8940979343555777, 0.7723823402547112, 0.94, 0.839919748580928],Nível: [Junior, Middle, Senior, Master],Total Fit: 3.65
Cromossomo: 307,IDs: [169, 7, 29, 62],Nomes: [Dev169, Dev7, Dev29, Dev62],Fit: [0.6956329157504174, 0.8683935974890562, 0.8657702187841199, 0.7825444556749718],Nível: [Junior, Middle, Senior, Master],Total Fit: 1.54
Cromossomo: 308,IDs: [178, 48, 27, 402],Nomes: [Dev178, Dev48, Dev27, Dev402],Fit: [0.81, 0.8676007143551432, 0.94, 0.7884686962810816],Nível: [Junior, Middle, Senior, Master],Total Fit: 0.14
Cromossomo: 309,IDs: [47, 16, 94, 85],Nomes: [Dev47, Dev16, Dev94, Dev85],Fit: [0.88, 0.63, 0.75, 0.75],Nível: [Junior, Middle, Senior, Master],Total Fit: 0.03
Cromossomo: 310,IDs: [363, 8, 27, 46],Nomes: [Dev363, Dev8, Dev27, Dev46],Fit: [0.8940979343555777, 0.7723823402547112, 0.94, 0.839919748580928],Nível: [Junior, Middle, Senior, Master],Total Fit: 3.65
Cromossomo: 311,IDs: [178, 7, 27, 62],Nomes: [Dev178, Dev7, Dev27, Dev62],Fit: [0.7583504513080681, 0.8683018557981287, 0.9369039575269795, 0.7829347379185911],Nível: [Junior, Middle, Senior, Master],Total Fit: 0.60
Cromossomo: 312,IDs: [169, 48, 29, 225],Nomes: [Dev169, Dev48, Dev29, Dev225],Fit: [0.7522357385136575, 0.88, 0.8752332284101203, 0.81],Nível: [Junior, Middle, Senior, Master],Total Fit: 0.53
Cromossomo: 313,IDs: [47, 28, 65, 85],Nomes: [Dev47, Dev28, Dev65, Dev85],Fit: [0.88, 0.69, 0.69, 0.75],Nível: [Junior, Middle, Senior, Master],Total Fit: 0.15
Cromossomo: 314,IDs: [363, 8, 27, 46],Nomes: [Dev363, Dev8, Dev27, Dev46],Fit: [0.8940979343555777, 0.7723823402547112, 0.94, 0.839919748580928],Nível: [Junior, Middle, Senior, Master],Total Fit: 3.65
Cromossomo: 315,IDs: [446, 214, 27, 225],Nomes: [Dev446, Dev214, Dev27, Dev225],Fit: [0.88, 0.88, 0.9357561500269234, 0.81],Nível: [Junior, Middle, Senior, Master],Total Fit: 1.68
Cromossomo: 316,IDs: [178, 28, 65, 85],Nomes: [Dev178, Dev28, Dev65, Dev85],Fit: [0.7707865135538449, 0.7075841824804295, 0.794840088686347, 0.7539253627559596],Nível: [Junior, Middle, Senior, Master],Total Fit: 0.15
Cromossomo: 317,IDs: [97, 82, 94, 89],Nomes: [Dev97, Dev82, Dev94, Dev89],Fit: [0.88, 0.81, 0.75, 0.75],Nível: [Middle, Junior, Senior, Master],Total Fit: 0.03
Cromossomo: 318,IDs: [363, 8, 27, 46],Nomes: [Dev363, Dev8, Dev27, Dev46],Fit: [0.8940979343555777, 0.7723823402547112, 0.94, 0.839919748580928],Nível: [Junior, Middle, Senior, Master],Total Fit: 3.65
Cromossomo: 319,IDs: [178, 214, 27, 225],Nomes: [Dev178, Dev214, Dev27, Dev225],Fit: [0.7844871664103727, 0.8598456283872696, 0.9111114193534547, 0.7862730741553623],Nível: [Junior, Middle, Senior, Master],Total Fit: 0.13
Cromossomo: 320,IDs: [324, 28, 94, 198],Nomes: [Dev324, Dev28, Dev94, Dev198],Fit: [0.94, 0.7784016744572295, 0.94, 0.81],Nível: [Junior, Middle, Senior, Master],Total Fit: 0.03
Cromossomo: 321,IDs: [45, 48, 65, 85],Nomes: [Dev45, Dev48, Dev65, Dev85],Fit: [0.88, 0.88, 0.69, 0.75],Nível: [Junior, Middle, Senior, Master],Total Fit: 0.03
Cromossomo: 322,IDs: [363, 8, 27, 46],Nomes: [Dev363, Dev8, Dev27, Dev46],Fit: [0.8940979343555777, 0.7723823402547112, 0.94, 0.839919748580928],Nível: [Junior, Middle, Senior, Master],Total Fit: 3.65
Cromossomo: 323,IDs: [178, 214, 27, 327],Nomes: [Dev178, Dev214, Dev27, Dev327],Fit: [0.7910682418877146, 0.8648756645700952, 0.8722537191790181, 0.81],Nível: [Junior, Middle, Senior, Master],Total Fit: 0.13
Cromossomo: 324,IDs: [53, 97, 17, 89],Nomes: [Dev53, Dev97, Dev17, Dev89],Fit: [0.81, 0.88, 0.81, 0.75],Nível: [Junior, Middle, Senior, Master],Total Fit: 0.03
Cromossomo: 325,IDs: [45, 48, 65, 85],Nomes: [Dev45, Dev48, Dev65, Dev85],Fit: [0.8337176858841304, 0.8713246262564733, 0.7013068922664356, 0.76301341117715],Nível: [Junior, Middle, Senior, Master],Total Fit: 0.03
Cromossomo: 326,IDs: [363, 8, 27, 46],Nomes: [Dev363, Dev8, Dev27, Dev46],Fit: [0.8940979343555777, 0.7723823402547112, 0.94, 0.839919748580928],Nível: [Junior, Middle, Senior, Master],Total Fit: 3.65
Cromossomo: 327,IDs: [53, 48, 27, 327],Nomes: [Dev53, Dev48, Dev27, Dev327],Fit: [0.8017363573863179, 0.88, 0.8704159396120474, 0.7937548202470381],Nível: [Junior, Middle, Senior, Master],Total Fit: 0.13
Cromossomo: 328,IDs: [178, 97, 17, 46],Nomes: [Dev178, Dev97, Dev17, Dev46],Fit: [0.7996208598984625, 0.8752390011400274, 0.8408266461871826, 0.88],Nível: [Junior, Middle, Senior, Master],Total Fit: 0.03
Cromossomo: 329,IDs: [47, 7, 65, 89],Nomes: [Dev47, Dev7, Dev65, Dev89],Fit: [0.88, 0.81, 0.69, 0.75],Nível: [Junior, Middle, Senior, Master],Total Fit: 0.03
Cromossomo: 330,IDs: [363, 8, 27, 46],Nomes: [Dev363, Dev8, Dev27, Dev46],Fit: [0.8940979343555777, 0.7723823402547112, 0.94, 0.839919748580928],Nível: [Junior, Middle, Senior, Master],Total Fit: 3.65
Cromossomo: 331,IDs: [53, 7, 29, 198],Nomes: [Dev53, Dev7, Dev29, Dev198],Fit: [0.8040789861123036, 0.88, 0.88, 0.81],Nível: [Junior, Middle, Senior, Master],Total Fit: 0.61
Cromossomo: 332,IDs: [47, 48, 27, 327],Nomes: [Dev47, Dev48, Dev27, Dev327],Fit: [0.8667296140128931, 0.8594605706337773, 0.8668124288989264, 0.7832545421193877],Nível: [Junior, Middle, Senior, Master],Total Fit: 0.14
Cromossomo: 333,IDs: [82, 97, 17, 85],Nomes: [Dev82, Dev97, Dev17, Dev85],Fit: [0.81, 0.88, 0.81, 0.75],Nível: [Junior, Middle, Senior, Master],Total Fit: 0.03
Cromossomo: 334,IDs: [363, 8, 27, 46],Nomes: [Dev363, Dev8, Dev27, Dev46],Fit: [0.8940979343555777, 0.7723823402547112, 0.94, 0.839919748580928],Nível: [Junior, Middle, Senior, Master],Total Fit: 3.65
Cromossomo: 335,IDs: [82, 97, 29, 85],Nomes: [Dev82, Dev97, Dev29, Dev85],Fit: [0.8089366906336893, 0.88, 0.8535576692382207, 0.7746146312101352],Nível: [Junior, Middle, Senior, Master],Total Fit: 0.20
Cromossomo: 336,IDs: [53, 7, 17, 198],Nomes: [Dev53, Dev7, Dev17, Dev198],Fit: [0.8064701637320142, 0.88, 0.8366249391041064, 0.8085782203995155],Nível: [Junior, Middle, Senior, Master],Total Fit: 0.03
Cromossomo: 337,IDs: [104, 16, 65, 62],Nomes: [Dev104, Dev16, Dev65, Dev62],Fit: [0.75, 0.63, 0.69, 0.63],Nível: [Junior, Middle, Senior, Master],Total Fit: 0.03
Cromossomo: 338,IDs: [363, 8, 27, 46],Nomes: [Dev363, Dev8, Dev27, Dev46],Fit: [0.8940979343555777, 0.7723823402547112, 0.94, 0.839919748580928],Nível: [Junior, Middle, Senior, Master],Total Fit: 3.65
Cromossomo: 339,IDs: [242, 7, 448, 198],Nomes: [Dev242, Dev7, Dev448, Dev198],Fit: [0.88, 0.88, 0.81, 0.81],Nível: [Junior, Middle, Senior, Master],Total Fit: 0.34
Cromossomo: 340,IDs: [104, 97, 29, 85],Nomes: [Dev104, Dev97, Dev29, Dev85],Fit: [0.7524173787975347, 0.8406565593473878, 0.7829958645247767, 0.7045969461043795],Nível: [Junior, Middle, Senior, Master],Total Fit: 0.03
Cromossomo: 341,IDs: [16, 38, 55, 62],Nomes: [Dev16, Dev38, Dev55, Dev62],Fit: [0.63, 0.94, 0.69, 0.63],Nível: [Middle, Senior, Junior, Master],Total Fit: 0.03
Cromossomo: 342,IDs: [363, 8, 27, 46],Nomes: [Dev363, Dev8, Dev27, Dev46],Fit: [0.8940979343555777, 0.7723823402547112, 0.94, 0.839919748580928],Nível: [Junior, Middle, Senior, Master],Total Fit: 3.65
Cromossomo: 343,IDs: [242, 7, 29, 85],Nomes: [Dev242, Dev7, Dev29, Dev85],Fit: [0.8732065225773372, 0.8702938578522093, 0.7845049902474179, 0.7086299890720513],Nível: [Junior, Middle, Senior, Master],Total Fit: 0.58
Cromossomo: 344,IDs: [359, 97, 448, 198],Nomes: [Dev359, Dev97, Dev448, Dev198],Fit: [0.88, 0.854099770417158, 0.8062588886415257, 0.7794745734540984],Nível: [Junior, Middle, Senior, Master],Total Fit: 0.50
Cromossomo: 345,IDs: [17, 16, 47, 89],Nomes: [Dev17, Dev16, Dev47, Dev89],Fit: [0.81, 0.63, 0.88, 0.75],Nível: [Senior, Middle, Junior, Master],Total Fit: 0.03
Cromossomo: 346,IDs: [363, 8, 27, 46],Nomes: [Dev363, Dev8, Dev27, Dev46],Fit: [0.8940979343555777, 0.7723823402547112, 0.94, 0.839919748580928],Nível: [Junior, Middle, Senior, Master],Total Fit: 3.65
Cromossomo: 347,IDs: [359, 97, 448, 198],Nomes: [Dev359, Dev97, Dev448, Dev198],Fit: [0.8773368284552063, 0.859609080976154, 0.7962714785026325, 0.7746323305227596],Nível: [Junior, Middle, Senior, Master],Total Fit: 0.50
Cromossomo: 348,IDs: [56, 28, 17, 62],Nomes: [Dev56, Dev28, Dev17, Dev62],Fit: [0.69, 0.69, 0.81, 0.63],Nível: [Junior, Middle, Senior, Master],Total Fit: 0.20
Cromossomo: 349,IDs: [447, 48, 415, 85],Nomes: [Dev447, Dev48, Dev415, Dev85],Fit: [0.94, 0.88, 0.81, 0.7231534643484269],Nível: [Junior, Middle, Senior, Master],Total Fit: 0.03
Cromossomo: 350,IDs: [363, 8, 27, 46],Nomes: [Dev363, Dev8, Dev27, Dev46],Fit: [0.8940979343555777, 0.7723823402547112, 0.94, 0.839919748580928],Nível: [Junior, Middle, Senior, Master],Total Fit: 3.65
Cromossomo: 351,IDs: [56, 48, 29, 62],Nomes: [Dev56, Dev48, Dev29, Dev62],Fit: [0.69, 0.88, 0.69, 0.63],Nível: [Junior, Middle, Senior, Master],Total Fit: 0.69
Cromossomo: 352,IDs: [359, 97, 17, 198],Nomes: [Dev359, Dev97, Dev17, Dev198],Fit: [0.8067923707638254, 0.8157003301710224, 0.8044738911498077, 0.760527411394239],Nível: [Junior, Middle, Senior, Master],Total Fit: 0.13
Cromossomo: 353,IDs: [170, 28, 293, 89],Nomes: [Dev170, Dev28, Dev293, Dev89],Fit: [0.88, 0.7426438368423711, 0.81, 0.75],Nível: [Junior, Middle, Senior, Master],Total Fit: 0.03
Cromossomo: 354,IDs: [363, 8, 27, 46],Nomes: [Dev363, Dev8, Dev27, Dev46],Fit: [0.8940979343555777, 0.7723823402547112, 0.94, 0.839919748580928],Nível: [Junior, Middle, Senior, Master],Total Fit: 3.65
Cromossomo: 355,IDs: [56, 181, 29, 62],Nomes: [Dev56, Dev181, Dev29, Dev62],Fit: [0.7181539510447579, 0.88, 0.88, 0.81],Nível: [Junior, Middle, Senior, Master],Total Fit: 0.79
Cromossomo: 356,IDs: [359, 48, 17, 198],Nomes: [Dev359, Dev48, Dev17, Dev198],Fit: [0.7570261341824998, 0.8529565066766955, 0.7937022273140457, 0.7281543740218016],Nível: [Junior, Middle, Senior, Master],Total Fit: 0.13
Cromossomo: 357,IDs: [47, 85, 28, 38],Nomes: [Dev47, Dev85, Dev28, Dev38],Fit: [0.88, 0.75, 0.69, 0.94],Nível: [Junior, Master, Middle, Senior],Total Fit: 0.03
Cromossomo: 358,IDs: [363, 8, 27, 46],Nomes: [Dev363, Dev8, Dev27, Dev46],Fit: [0.8940979343555777, 0.7723823402547112, 0.94, 0.839919748580928],Nível: [Junior, Middle, Senior, Master],Total Fit: 3.65
Cromossomo: 359,IDs: [359, 48, 29, 62],Nomes: [Dev359, Dev48, Dev29, Dev62],Fit: [0.7462854639952566, 0.8582703664579583, 0.8612621563021937, 0.8093309598245899],Nível: [Junior, Middle, Senior, Master],Total Fit: 0.39
Cromossomo: 360,IDs: [82, 28, 65, 85],Nomes: [Dev82, Dev28, Dev65, Dev85],Fit: [0.81, 0.69, 0.69, 0.75],Nível: [Junior, Middle, Senior, Master],Total Fit: 0.15
Cromossomo: 361,IDs: [56, 181, 17, 198],Nomes: [Dev56, Dev181, Dev17, Dev198],Fit: [0.723803457026742, 0.8788411078870069, 0.8343622323545969, 0.7588300516440412],Nível: [Junior, Middle, Senior, Master],Total Fit: 0.03
Cromossomo: 362,IDs: [363, 8, 27, 46],Nomes: [Dev363, Dev8, Dev27, Dev46],Fit: [0.8940979343555777, 0.7723823402547112, 0.94, 0.839919748580928],Nível: [Junior, Middle, Senior, Master],Total Fit: 3.65
Cromossomo: 363,IDs: [82, 48, 29, 62],Nomes: [Dev82, Dev48, Dev29, Dev62],Fit: [0.7906414381846801, 0.7992657318182765, 0.8089237667359374, 0.7844215960330854],Nível: [Junior, Middle, Senior, Master],Total Fit: 0.76
Cromossomo: 364,IDs: [178, 270, 65, 402],Nomes: [Dev178, Dev270, Dev65, Dev402],Fit: [0.81, 0.88, 0.751580386207227, 0.81],Nível: [Junior, Middle, Senior, Master],Total Fit: 0.20
Cromossomo: 365,IDs: [89, 97, 17, 56],Nomes: [Dev89, Dev97, Dev17, Dev56],Fit: [0.75, 0.88, 0.81, 0.69],Nível: [Master, Middle, Senior, Junior],Total Fit: 0.03
Cromossomo: 366,IDs: [363, 8, 27, 46],Nomes: [Dev363, Dev8, Dev27, Dev46],Fit: [0.8940979343555777, 0.7723823402547112, 0.94, 0.839919748580928],Nível: [Junior, Middle, Senior, Master],Total Fit: 3.65
Cromossomo: 367,IDs: [82, 270, 29, 62],Nomes: [Dev82, Dev270, Dev29, Dev62],Fit: [0.7925073817026869, 0.8619448750352141, 0.7933583369863411, 0.7913850428403435],Nível: [Junior, Middle, Senior, Master],Total Fit: 1.98
Cromossomo: 368,IDs: [446, 48, 293, 198],Nomes: [Dev446, Dev48, Dev293, Dev198],Fit: [0.88, 0.88, 0.81, 0.81],Nível: [Junior, Middle, Senior, Master],Total Fit: 0.03
Cromossomo: 369,IDs: [104, 97, 17, 89],Nomes: [Dev104, Dev97, Dev17, Dev89],Fit: [0.75, 0.88, 0.81, 0.75],Nível: [Junior, Middle, Senior, Master],Total Fit: 0.03
Cromossomo: 370,IDs: [363, 8, 27, 46],Nomes: [Dev363, Dev8, Dev27, Dev46],Fit: [0.8940979343555777, 0.7723823402547112, 0.94, 0.839919748580928],Nível: [Junior, Middle, Senior, Master],Total Fit: 3.65
Cromossomo: 371,IDs: [82, 270, 29, 89],Nomes: [Dev82, Dev270, Dev29, Dev89],Fit: [0.7777365668847626, 0.8654603115738417, 0.7978659966470786, 0.7629639321969033],Nível: [Junior, Middle, Senior, Master],Total Fit: 0.99
Cromossomo: 372,IDs: [53, 16, 38, 85],Nomes: [Dev53, Dev16, Dev38, Dev85],Fit: [0.81, 0.63, 0.94, 0.75],Nível: [Junior, Middle, Senior, Master],Total Fit: 0.22
Cromossomo: 373,IDs: [104, 97, 17, 62],Nomes: [Dev104, Dev97, Dev17, Dev62],Fit: [0.7589835407002324, 0.8729829764867261, 0.8029629630279529, 0.7809619268267446],Nível: [Junior, Middle, Senior, Master],Total Fit: 0.03
Cromossomo: 374,IDs: [363, 8, 27, 46],Nomes: [Dev363, Dev8, Dev27, Dev46],Fit: [0.8940979343555777, 0.7723823402547112, 0.94, 0.839919748580928],Nível: [Junior, Middle, Senior, Master],Total Fit: 3.65
Cromossomo: 375,IDs: [363, 270, 29, 85],Nomes: [Dev363, Dev270, Dev29, Dev85],Fit: [0.94, 0.7514403757558651, 0.8501021863988951, 0.7559222057758568],Nível: [Junior, Middle, Senior, Master],Total Fit: 0.63
Cromossomo: 376,IDs: [82, 16, 38, 89],Nomes: [Dev82, Dev16, Dev38, Dev89],Fit: [0.7796405225923817, 0.6401107439214347, 0.9323625628917066, 0.7581077532449418],Nível: [Junior, Middle, Senior, Master],Total Fit: 0.03
Cromossomo: 377,IDs: [81, 28, 17, 62],Nomes: [Dev81, Dev28, Dev17, Dev62],Fit: [0.75, 0.69, 0.81, 0.63],Nível: [Junior, Middle, Senior, Master],Total Fit: 0.03
Cromossomo: 378,IDs: [363, 8, 27, 46],Nomes: [Dev363, Dev8, Dev27, Dev46],Fit: [0.8940979343555777, 0.7723823402547112, 0.94, 0.839919748580928],Nível: [Junior, Middle, Senior, Master],Total Fit: 3.65
Cromossomo: 379,IDs: [447, 28, 27, 89],Nomes: [Dev447, Dev28, Dev27, Dev89],Fit: [0.94, 0.7004908258469142, 0.94, 0.75],Nível: [Junior, Middle, Senior, Master],Total Fit: 2.20
Cromossomo: 380,IDs: [363, 270, 29, 62],Nomes: [Dev363, Dev270, Dev29, Dev62],Fit: [0.8592749197377898, 0.7346273883922474, 0.8377120042098655, 0.6581580731827316],Nível: [Junior, Middle, Senior, Master],Total Fit: 1.33
Cromossomo: 381,IDs: [38, 47, 85, 16],Nomes: [Dev38, Dev47, Dev85, Dev16],Fit: [0.94, 0.88, 0.75, 0.63],Nível: [Senior, Junior, Master, Middle],Total Fit: 0.03
Cromossomo: 382,IDs: [363, 8, 27, 46],Nomes: [Dev363, Dev8, Dev27, Dev46],Fit: [0.8940979343555777, 0.7723823402547112, 0.94, 0.839919748580928],Nível: [Junior, Middle, Senior, Master],Total Fit: 3.65
Cromossomo: 383,IDs: [447, 367, 27, 62],Nomes: [Dev447, Dev367, Dev27, Dev62],Fit: [0.9152226353924472, 0.75, 0.9069304082466028, 0.6584404884386608],Nível: [Junior, Middle, Senior, Master],Total Fit: 2.13
Cromossomo: 384,IDs: [53, 7, 17, 85],Nomes: [Dev53, Dev7, Dev17, Dev85],Fit: [0.81, 0.81, 0.81, 0.75],Nível: [Junior, Middle, Senior, Master],Total Fit: 0.03
Cromossomo: 385,IDs: [363, 28, 29, 89],Nomes: [Dev363, Dev28, Dev29, Dev89],Fit: [0.8647573856283299, 0.7139895182531328, 0.8873699946020581, 0.7117979558165539],Nível: [Junior, Middle, Senior, Master],Total Fit: 0.03
Cromossomo: 386,IDs: [363, 8, 27, 46],Nomes: [Dev363, Dev8, Dev27, Dev46],Fit: [0.8940979343555777, 0.7723823402547112, 0.94, 0.839919748580928],Nível: [Junior, Middle, Senior, Master],Total Fit: 3.65
Cromossomo: 387,IDs: [38, 7, 45, 89],Nomes: [Dev38, Dev7, Dev45, Dev89],Fit: [0.94, 0.81, 0.88, 0.75],Nível: [Senior, Middle, Junior, Master],Total Fit: 0.03
Cromossomo: 388,IDs: [308, 174, 29, 85],Nomes: [Dev308, Dev174, Dev29, Dev85],Fit: [0.88, 0.81, 0.88, 0.7301275771404456],Nível: [Junior, Middle, Senior, Master],Total Fit: 0.03
Cromossomo: 389,IDs: [53, 367, 27, 62],Nomes: [Dev53, Dev367, Dev27, Dev62],Fit: [0.8213761945744723, 0.7607371959671134, 0.8886568150333898, 0.670300419463574],Nível: [Junior, Middle, Senior, Master],Total Fit: 0.03
Cromossomo: 390,IDs: [363, 8, 27, 46],Nomes: [Dev363, Dev8, Dev27, Dev46],Fit: [0.8940979343555777, 0.7723823402547112, 0.94, 0.839919748580928],Nível: [Junior, Middle, Senior, Master],Total Fit: 3.65
Cromossomo: 391,IDs: [308, 174, 27, 85],Nomes: [Dev308, Dev174, Dev27, Dev85],Fit: [0.8750651333644774, 0.8005141830710574, 0.8850486612434806, 0.7193994115069543],Nível: [Junior, Middle, Senior, Master],Total Fit: 0.72
Cromossomo: 392,IDs: [324, 367, 94, 327],Nomes: [Dev324, Dev367, Dev94, Dev327],Fit: [0.94, 0.7650937972627319, 0.94, 0.81],Nível: [Junior, Middle, Senior, Master],Total Fit: 0.14
Cromossomo: 393,IDs: [81, 16, 29, 89],Nomes: [Dev81, Dev16, Dev29, Dev89],Fit: [0.75, 0.63, 0.69, 0.75],Nível: [Junior, Middle, Senior, Master],Total Fit: 0.03
Cromossomo: 394,IDs: [363, 8, 27, 46],Nomes: [Dev363, Dev8, Dev27, Dev46],Fit: [0.8940979343555777, 0.7723823402547112, 0.94, 0.839919748580928],Nível: [Junior, Middle, Senior, Master],Total Fit: 3.65
Cromossomo: 395,IDs: [82, 7, 17, 62],Nomes: [Dev82, Dev7, Dev17, Dev62],Fit: [0.81, 0.81, 0.81, 0.63],Nível: [Junior, Middle, Senior, Master],Total Fit: 0.92
Cromossomo: 396,IDs: [308, 174, 29, 85],Nomes: [Dev308, Dev174, Dev29, Dev85],Fit: [0.8353535897763777, 0.7470704835032124, 0.88, 0.7202704402737365],Nível: [Junior, Middle, Senior, Master],Total Fit: 0.03
Cromossomo: 397,IDs: [81, 283, 27, 89],Nomes: [Dev81, Dev283, Dev27, Dev89],Fit: [0.7791097507182665, 0.75, 0.8541930870686825, 0.744487049076643],Nível: [Junior, Middle, Senior, Master],Total Fit: 0.03
Cromossomo: 398,IDs: [363, 8, 27, 46],Nomes: [Dev363, Dev8, Dev27, Dev46],Fit: [0.8940979343555777, 0.7723823402547112, 0.94, 0.839919748580928],Nível: [Junior, Middle, Senior, Master],Total Fit: 3.65
Cromossomo: 399,IDs: [308, 7, 29, 85],Nomes: [Dev308, Dev7, Dev29, Dev85],Fit: [0.8229423843807089, 0.7805109265403369, 0.8512270232723325, 0.7058577473303914],Nível: [Junior, Middle, Senior, Master],Total Fit: 0.57
Cromossomo: 400,IDs: [82, 174, 17, 290],Nomes: [Dev82, Dev174, Dev17, Dev290],Fit: [0.8116532174921331, 0.7725053808450513, 0.8249568488711982, 0.75],Nível: [Junior, Middle, Senior, Master],Total Fit: 0.03
Cromossomo: 401,IDs: [55, 16, 38, 62],Nomes: [Dev55, Dev16, Dev38, Dev62],Fit: [0.69, 0.63, 0.94, 0.63],Nível: [Junior, Middle, Senior, Master],Total Fit: 0.03
Cromossomo: 402,IDs: [363, 8, 27, 46],Nomes: [Dev363, Dev8, Dev27, Dev46],Fit: [0.8940979343555777, 0.7723823402547112, 0.94, 0.839919748580928],Nível: [Junior, Middle, Senior, Master],Total Fit: 3.65
Cromossomo: 403,IDs: [45, 28, 65, 89],Nomes: [Dev45, Dev28, Dev65, Dev89],Fit: [0.88, 0.69, 0.69, 0.75],Nível: [Junior, Middle, Senior, Master],Total Fit: 0.15
Cromossomo: 404,IDs: [411, 48, 29, 85],Nomes: [Dev411, Dev48, Dev29, Dev85],Fit: [0.94, 0.88, 0.8847047066848839, 0.697521842872897],Nível: [Junior, Middle, Senior, Master],Total Fit: 0.03
Cromossomo: 405,IDs: [308, 16, 38, 62],Nomes: [Dev308, Dev16, Dev38, Dev62],Fit: [0.807804609613204, 0.6617513440272784, 0.897866034856089, 0.649420880137227],Nível: [Junior, Middle, Senior, Master],Total Fit: 0.03
