Cromossomo: 0,IDs: [45, 7, 29, 198],Nomes: [Dev45, Dev7, Dev29, Dev198],Fit: [0.88, 0.88, 0.69, 0],Nível: [Junior, Middle, Senior, Master],Total Fit: 0.44
Cromossomo: 1,IDs: [82, 28, 65, 402],Nomes: [Dev82, Dev28, Dev65, Dev402],Fit: [0.81, 0.69, 0.69, 0],Nível: [Junior, Middle, Senior, Master],Total Fit: 0.37
Cromossomo: 2,IDs: [56, 38, 85, 283],Nomes: [Dev56, Dev38, Dev85, Dev283],Fit: [0.69, 0.88, 0.75, 0],Nível: [Junior, Senior, Master, Middle],Total Fit: 0.14
Cromossomo: 3,IDs: [47, 48, 17, 89],Nomes: [Dev47, Dev48, Dev17, Dev89],Fit: [0.88, 0.88, 0.81, 0.75],Nível: [Junior, Middle, Senior, Master],Total Fit: 0.03
Cromossomo: 4,IDs: [16, 46, 94, 104],Nomes: [Dev16, Dev46, Dev94, Dev104],Fit: [0.63, 0.75, 0.75, 0.75],Nível: [Middle, Master, Senior, Junior],Total Fit: 0.03
Cromossomo: 5,IDs: [8, 81, 27, 62],Nomes: [Dev8, Dev81, Dev27, Dev62],Fit: [0.75, 0.75, 0.75, 0.63],Nível: [Middle, Junior, Senior, Master],Total Fit: 0.03
Cromossomo: 6,IDs: [],Nomes: [],Fit: [],Nível: [],Total Fit: 0.00
Cromossomo: 7,IDs: [],Nomes: [],Fit: [],Nível: [],Total Fit: 0.00
Cromossomo: 8,IDs: [],Nomes: [],Fit: [],Nível: [],Total Fit: 0.00
Cromossomo: 9,IDs: [],Nomes: [],Fit: [],Nível: [],Total Fit: 0.00
Cromossomo: 10,IDs: [45, 7, 29, 198],Nomes: [Dev45, Dev7, Dev29, Dev198],Fit: [0.88, 0.88, 0.69, 0],Nível: [Junior, Middle, Senior, Master],Total Fit: 0.44
Cromossomo: 11,IDs: [82, 28, 17, 89],Nomes: [Dev82, Dev28, Dev17, Dev89],Fit: [0.81, 0.69, 0.81, 0.75],Nível: [Junior, Middle, Senior, Master],Total Fit: 0.03
Cromossomo: 12,IDs: [53, 8, 27, 85],Nomes: [Dev53, Dev8, Dev27, Dev85],Fit: [0.81, 0.75, 0.75, 0.75],Nível: [Junior, Middle, Senior, Master],Total Fit: 0.03
Cromossomo: 13,IDs: [47, 48, 65, 402],Nomes: [Dev47, Dev48, Dev65, Dev402],Fit: [0.88, 0.88, 0.69, 0],Nível: [Junior, Middle, Senior, Master],Total Fit: 0.02
Cromossomo: 14,IDs: [45, 7, 29, 198],Nomes: [Dev45, Dev7, Dev29, Dev198],Fit: [0.88, 0.88, 0.69, 0],Nível: [Junior, Middle, Senior, Master],Total Fit: 0.44
Cromossomo: 15,IDs: [104, 97, 38, 46],Nomes: [Dev104, Dev97, Dev38, Dev46],Fit: [0.75, 0.81, 0.88, 0.75],Nível: [Junior, Middle, Senior, Master],Total Fit: 0.26
Cromossomo: 16,IDs: [47, 48, 27, 85],Nomes: [Dev47, Dev48, Dev27, Dev85],Fit: [0.88, 0.88, 0.75, 0.75],Nível: [Junior, Middle, Senior, Master],Total Fit: 0.13
Cromossomo: 17,IDs: [53, 8, 65, 402],Nomes: [Dev53, Dev8, Dev65, Dev402],Fit: [0.81, 0.75, 0.69, 0],Nível: [Junior, Middle, Senior, Master],Total Fit: 0.02
Cromossomo: 18,IDs: [45, 7, 29, 198],Nomes: [Dev45, Dev7, Dev29, Dev198],Fit: [0.88, 0.88, 0.69, 0],Nível: [Junior, Middle, Senior, Master],Total Fit: 0.44
Cromossomo: 19,IDs: [47, 97, 38, 46],Nomes: [Dev47, Dev97, Dev38, Dev46],Fit: [0.88, 0.81, 0.88, 0.75],Nível: [Junior, Middle, Senior, Master],Total Fit: 0.27
Cromossomo: 20,IDs: [104, 48, 27, 85],Nomes: [Dev104, Dev48, Dev27, Dev85],Fit: [0.75, 0.88, 0.75, 0.75],Nível: [Junior, Middle, Senior, Master],Total Fit: 0.13
Cromossomo: 21,IDs: [8, 62, 17, 55],Nomes: [Dev8, Dev62, Dev17, Dev55],Fit: [0.75, 0.63, 0.81, 0.69],Nível: [Middle, Master, Senior, Junior],Total Fit: 0.03
Cromossomo: 22,IDs: [45, 7, 29, 198],Nomes: [Dev45, Dev7, Dev29, Dev198],Fit: [0.88, 0.88, 0.69, 0],Nível: [Junior, Middle, Senior, Master],Total Fit: 0.44
Cromossomo: 23,IDs: [104, 48, 38, 46],Nomes: [Dev104, Dev48, Dev38, Dev46],Fit: [0.75, 0.88, 0.88, 0.75],Nível: [Junior, Middle, Senior, Master],Total Fit: 0.03
Cromossomo: 24,IDs: [47, 97, 27, 85],Nomes: [Dev47, Dev97, Dev27, Dev85],Fit: [0.88, 0.81, 0.75, 0.75],Nível: [Junior, Middle, Senior, Master],Total Fit: 0.03
Cromossomo: 25,IDs: [81, 28, 94, 89],Nomes: [Dev81, Dev28, Dev94, Dev89],Fit: [0.75, 0.69, 0.75, 0.75],Nível: [Junior, Middle, Senior, Master],Total Fit: 0.03
Cromossomo: 26,IDs: [45, 7, 29, 198],Nomes: [Dev45, Dev7, Dev29, Dev198],Fit: [0.88, 0.88, 0.69, 0],Nível: [Junior, Middle, Senior, Master],Total Fit: 0.44
Cromossomo: 27,IDs: [53, 48, 17, 85],Nomes: [Dev53, Dev48, Dev17, Dev85],Fit: [0.81, 0.88, 0.81, 0.75],Nível: [Junior, Middle, Senior, Master],Total Fit: 0.03
Cromossomo: 28,IDs: [47, 28, 94, 89],Nomes: [Dev47, Dev28, Dev94, Dev89],Fit: [0.88, 0.69, 0.75, 0.75],Nível: [Junior, Middle, Senior, Master],Total Fit: 0.03
Cromossomo: 29,IDs: [81, 97, 27, 136],Nomes: [Dev81, Dev97, Dev27, Dev136],Fit: [0.75, 0.81, 0.75, 0.69],Nível: [Junior, Middle, Senior, Master],Total Fit: 0.03
Cromossomo: 30,IDs: [45, 7, 29, 198],Nomes: [Dev45, Dev7, Dev29, Dev198],Fit: [0.88, 0.88, 0.69, 0],Nível: [Junior, Middle, Senior, Master],Total Fit: 0.44
Cromossomo: 31,IDs: [56, 8, 65, 62],Nomes: [Dev56, Dev8, Dev65, Dev62],Fit: [0.69, 0.75, 0.69, 0.63],Nível: [Junior, Middle, Senior, Master],Total Fit: 0.17
Cromossomo: 32,IDs: [47, 48, 17, 85],Nomes: [Dev47, Dev48, Dev17, Dev85],Fit: [0.88, 0.88, 0.81, 0.75],Nível: [Junior, Middle, Senior, Master],Total Fit: 0.03
Cromossomo: 33,IDs: [53, 28, 94, 89],Nomes: [Dev53, Dev28, Dev94, Dev89],Fit: [0.81, 0.69, 0.75, 0.75],Nível: [Junior, Middle, Senior, Master],Total Fit: 0.03
Cromossomo: 34,IDs: [45, 7, 29, 198],Nomes: [Dev45, Dev7, Dev29, Dev198],Fit: [0.88, 0.88, 0.69, 0],Nível: [Junior, Middle, Senior, Master],Total Fit: 0.44
Cromossomo: 35,IDs: [104, 48, 27, 85],Nomes: [Dev104, Dev48, Dev27, Dev85],Fit: [0.75, 0.88, 0.75, 0.75],Nível: [Junior, Middle, Senior, Master],Total Fit: 0.13
Cromossomo: 36,IDs: [56, 28, 94, 89],Nomes: [Dev56, Dev28, Dev94, Dev89],Fit: [0.69, 0.69, 0.75, 0.75],Nível: [Junior, Middle, Senior, Master],Total Fit: 0.03
Cromossomo: 37,IDs: [53, 8, 65, 62],Nomes: [Dev53, Dev8, Dev65, Dev62],Fit: [0.81, 0.75, 0.69, 0.63],Nível: [Junior, Middle, Senior, Master],Total Fit: 0.03
Cromossomo: 38,IDs: [45, 7, 29, 198],Nomes: [Dev45, Dev7, Dev29, Dev198],Fit: [0.88, 0.88, 0.69, 0],Nível: [Junior, Middle, Senior, Master],Total Fit: 0.44
Cromossomo: 39,IDs: [56, 48, 27, 85],Nomes: [Dev56, Dev48, Dev27, Dev85],Fit: [0.69, 0.88, 0.75, 0.75],Nível: [Junior, Middle, Senior, Master],Total Fit: 0.12
Cromossomo: 40,IDs: [16, 62, 47, 38],Nomes: [Dev16, Dev62, Dev47, Dev38],Fit: [0.63, 0.63, 0.88, 0.88],Nível: [Middle, Master, Junior, Senior],Total Fit: 0.03
Cromossomo: 41,IDs: [104, 28, 94, 89],Nomes: [Dev104, Dev28, Dev94, Dev89],Fit: [0.75, 0.69, 0.75, 0.75],Nível: [Junior, Middle, Senior, Master],Total Fit: 0.03
Cromossomo: 42,IDs: [45, 7, 29, 198],Nomes: [Dev45, Dev7, Dev29, Dev198],Fit: [0.88, 0.88, 0.69, 0],Nível: [Junior, Middle, Senior, Master],Total Fit: 0.44
Cromossomo: 43,IDs: [56, 48, 94, 89],Nomes: [Dev56, Dev48, Dev94, Dev89],Fit: [0.69, 0.88, 0.75, 0.75],Nível: [Junior, Middle, Senior, Master],Total Fit: 0.03
Cromossomo: 44,IDs: [104, 28, 27, 85],Nomes: [Dev104, Dev28, Dev27, Dev85],Fit: [0.75, 0.69, 0.75, 0.75],Nível: [Junior, Middle, Senior, Master],Total Fit: 0.03
Cromossomo: 45,IDs: [],Nomes: [],Fit: [],Nível: [],Total Fit: 0.00
Cromossomo: 46,IDs: [45, 7, 29, 198],Nomes: [Dev45, Dev7, Dev29, Dev198],Fit: [0.88, 0.88, 0.69, 0],Nível: [Junior, Middle, Senior, Master],Total Fit: 0.44
Cromossomo: 47,IDs: [104, 48, 94, 89],Nomes: [Dev104, Dev48, Dev94, Dev89],Fit: [0.75, 0.88, 0.75, 0.75],Nível: [Junior, Middle, Senior, Master],Total Fit: 0.03
Cromossomo: 48,IDs: [56, 28, 27, 85],Nomes: [Dev56, Dev28, Dev27, Dev85],Fit: [0.69, 0.69, 0.75, 0.75],Nível: [Junior, Middle, Senior, Master],Total Fit: 0.03
Cromossomo: 49,IDs: [8, 65, 46, 55],Nomes: [Dev8, Dev65, Dev46, Dev55],Fit: [0.75, 0.69, 0.75, 0.69],Nível: [Middle, Senior, Master, Junior],Total Fit: 0.03
Cromossomo: 50,IDs: [45, 7, 29, 198],Nomes: [Dev45, Dev7, Dev29, Dev198],Fit: [0.88, 0.88, 0.69, 0],Nível: [Junior, Middle, Senior, Master],Total Fit: 0.44
Cromossomo: 51,IDs: [104, 48, 27, 85],Nomes: [Dev104, Dev48, Dev27, Dev85],Fit: [0.75, 0.88, 0.75, 0.75],Nível: [Junior, Middle, Senior, Master],Total Fit: 0.13
Cromossomo: 52,IDs: [56, 28, 94, 89],Nomes: [Dev56, Dev28, Dev94, Dev89],Fit: [0.69, 0.69, 0.75, 0.75],Nível: [Junior, Middle, Senior, Master],Total Fit: 0.03
Cromossomo: 53,IDs: [53, 8, 62, 65],Nomes: [Dev53, Dev8, Dev62, Dev65],Fit: [0.81, 0.75, 0.63, 0.69],Nível: [Junior, Middle, Master, Senior],Total Fit: 0.03
Cromossomo: 54,IDs: [45, 7, 29, 198],Nomes: [Dev45, Dev7, Dev29, Dev198],Fit: [0.88, 0.88, 0.69, 0],Nível: [Junior, Middle, Senior, Master],Total Fit: 0.44
Cromossomo: 55,IDs: [56, 48, 27, 85],Nomes: [Dev56, Dev48, Dev27, Dev85],Fit: [0.69, 0.88, 0.75, 0.75],Nível: [Junior, Middle, Senior, Master],Total Fit: 0.12
Cromossomo: 56,IDs: [81, 16, 38, 46],Nomes: [Dev81, Dev16, Dev38, Dev46],Fit: [0.75, 0.63, 0.88, 0.75],Nível: [Junior, Middle, Senior, Master],Total Fit: 0.03
Cromossomo: 57,IDs: [104, 28, 94, 89],Nomes: [Dev104, Dev28, Dev94, Dev89],Fit: [0.75, 0.69, 0.75, 0.75],Nível: [Junior, Middle, Senior, Master],Total Fit: 0.03
Cromossomo: 58,IDs: [45, 7, 29, 198],Nomes: [Dev45, Dev7, Dev29, Dev198],Fit: [0.88, 0.88, 0.69, 0],Nível: [Junior, Middle, Senior, Master],Total Fit: 0.44
Cromossomo: 59,IDs: [53, 48, 65, 85],Nomes: [Dev53, Dev48, Dev65, Dev85],Fit: [0.81, 0.88, 0.69, 0.75],Nível: [Junior, Middle, Senior, Master],Total Fit: 0.03
Cromossomo: 60,IDs: [104, 16, 38, 46],Nomes: [Dev104, Dev16, Dev38, Dev46],Fit: [0.75, 0.63, 0.88, 0.75],Nível: [Junior, Middle, Senior, Master],Total Fit: 0.03
Cromossomo: 61,IDs: [81, 28, 94, 89],Nomes: [Dev81, Dev28, Dev94, Dev89],Fit: [0.75, 0.69, 0.75, 0.75],Nível: [Junior, Middle, Senior, Master],Total Fit: 0.03
Cromossomo: 62,IDs: [45, 7, 29, 198],Nomes: [Dev45, Dev7, Dev29, Dev198],Fit: [0.88, 0.88, 0.69, 0],Nível: [Junior, Middle, Senior, Master],Total Fit: 0.44
Cromossomo: 63,IDs: [47, 16, 27, 62],Nomes: [Dev47, Dev16, Dev27, Dev62],Fit: [0.88, 0.63, 0.75, 0.63],Nível: [Junior, Middle, Senior, Master],Total Fit: 0.14
Cromossomo: 64,IDs: [81, 48, 65, 85],Nomes: [Dev81, Dev48, Dev65, Dev85],Fit: [0.75, 0.88, 0.69, 0.75],Nível: [Junior, Middle, Senior, Master],Total Fit: 0.03
Cromossomo: 65,IDs: [53, 28, 94, 89],Nomes: [Dev53, Dev28, Dev94, Dev89],Fit: [0.81, 0.69, 0.75, 0.75],Nível: [Junior, Middle, Senior, Master],Total Fit: 0.03
Cromossomo: 66,IDs: [45, 7, 29, 198],Nomes: [Dev45, Dev7, Dev29, Dev198],Fit: [0.88, 0.88, 0.69, 0],Nível: [Junior, Middle, Senior, Master],Total Fit: 0.44
Cromossomo: 67,IDs: [53, 16, 27, 62],Nomes: [Dev53, Dev16, Dev27, Dev62],Fit: [0.81, 0.63, 0.75, 0.63],Nível: [Junior, Middle, Senior, Master],Total Fit: 0.14
Cromossomo: 68,IDs: [47, 28, 94, 89],Nomes: [Dev47, Dev28, Dev94, Dev89],Fit: [0.88, 0.69, 0.75, 0.75],Nível: [Junior, Middle, Senior, Master],Total Fit: 0.03
Cromossomo: 69,IDs: [],Nomes: [],Fit: [],Nível: [],Total Fit: 0.00
Cromossomo: 70,IDs: [45, 7, 29, 198],Nomes: [Dev45, Dev7, Dev29, Dev198],Fit: [0.88, 0.88, 0.69, 0],Nível: [Junior, Middle, Senior, Master],Total Fit: 0.44
Cromossomo: 71,IDs: [55, 48, 17, 46],Nomes: [Dev55, Dev48, Dev17, Dev46],Fit: [0.69, 0.88, 0.81, 0.75],Nível: [Junior, Middle, Senior, Master],Total Fit: 0.03
Cromossomo: 72,IDs: [47, 28, 27, 62],Nomes: [Dev47, Dev28, Dev27, Dev62],Fit: [0.88, 0.69, 0.75, 0.63],Nível: [Junior, Middle, Senior, Master],Total Fit: 0.03
Cromossomo: 73,IDs: [53, 16, 94, 89],Nomes: [Dev53, Dev16, Dev94, Dev89],Fit: [0.81, 0.63, 0.75, 0.75],Nível: [Junior, Middle, Senior, Master],Total Fit: 0.03
Cromossomo: 74,IDs: [45, 7, 29, 198],Nomes: [Dev45, Dev7, Dev29, Dev198],Fit: [0.88, 0.88, 0.69, 0],Nível: [Junior, Middle, Senior, Master],Total Fit: 0.44
Cromossomo: 75,IDs: [47, 48, 17, 46],Nomes: [Dev47, Dev48, Dev17, Dev46],Fit: [0.88, 0.88, 0.81, 0.75],Nível: [Junior, Middle, Senior, Master],Total Fit: 0.03
Cromossomo: 76,IDs: [55, 28, 27, 62],Nomes: [Dev55, Dev28, Dev27, Dev62],Fit: [0.69, 0.69, 0.75, 0.63],Nível: [Junior, Middle, Senior, Master],Total Fit: 0.03
Cromossomo: 77,IDs: [56, 16, 65, 85],Nomes: [Dev56, Dev16, Dev65, Dev85],Fit: [0.69, 0.63, 0.69, 0.75],Nível: [Junior, Middle, Senior, Master],Total Fit: 0.03
Cromossomo: 78,IDs: [45, 7, 29, 198],Nomes: [Dev45, Dev7, Dev29, Dev198],Fit: [0.88, 0.88, 0.69, 0],Nível: [Junior, Middle, Senior, Master],Total Fit: 0.44
Cromossomo: 79,IDs: [47, 8, 65, 85],Nomes: [Dev47, Dev8, Dev65, Dev85],Fit: [0.88, 0.69, 0.69, 0.75],Nível: [Junior, Middle, Senior, Master],Total Fit: 0.03
Cromossomo: 80,IDs: [81, 48, 94, 62],Nomes: [Dev81, Dev48, Dev94, Dev62],Fit: [0.75, 0.88, 0.75, 0.63],Nível: [Junior, Middle, Senior, Master],Total Fit: 0.03
Cromossomo: 81,IDs: [56, 16, 17, 46],Nomes: [Dev56, Dev16, Dev17, Dev46],Fit: [0.69, 0.63, 0.81, 0.75],Nível: [Junior, Middle, Senior, Master],Total Fit: 0.03
Cromossomo: 82,IDs: [45, 7, 29, 198],Nomes: [Dev45, Dev7, Dev29, Dev198],Fit: [0.88, 0.88, 0.69, 0],Nível: [Junior, Middle, Senior, Master],Total Fit: 0.44
Cromossomo: 83,IDs: [81, 48, 17, 46],Nomes: [Dev81, Dev48, Dev17, Dev46],Fit: [0.75, 0.88, 0.81, 0.75],Nível: [Junior, Middle, Senior, Master],Total Fit: 0.03
Cromossomo: 84,IDs: [56, 16, 94, 46],Nomes: [Dev56, Dev16, Dev94, Dev46],Fit: [0.69, 0.63, 0.75, 0.88],Nível: [Junior, Middle, Senior, Master],Total Fit: 0.03
Cromossomo: 85,IDs: [53, 97, 65, 62],Nomes: [Dev53, Dev97, Dev65, Dev62],Fit: [0.81, 0.81, 0.69, 0.63],Nível: [Junior, Middle, Senior, Master],Total Fit: 0.03
Cromossomo: 86,IDs: [45, 7, 29, 198],Nomes: [Dev45, Dev7, Dev29, Dev198],Fit: [0.88, 0.88, 0.69, 0],Nível: [Junior, Middle, Senior, Master],Total Fit: 0.44
Cromossomo: 87,IDs: [53, 97, 94, 46],Nomes: [Dev53, Dev97, Dev94, Dev46],Fit: [0.81, 0.81, 0.75, 0.88],Nível: [Junior, Middle, Senior, Master],Total Fit: 0.20
Cromossomo: 88,IDs: [56, 16, 65, 62],Nomes: [Dev56, Dev16, Dev65, Dev62],Fit: [0.69, 0.63, 0.69, 0.63],Nível: [Junior, Middle, Senior, Master],Total Fit: 0.16
Cromossomo: 89,IDs: [48, 81, 38, 85],Nomes: [Dev48, Dev81, Dev38, Dev85],Fit: [0.88, 0.75, 0.88, 0.75],Nível: [Middle, Junior, Senior, Master],Total Fit: 0.03
Cromossomo: 90,IDs: [45, 7, 29, 198],Nomes: [Dev45, Dev7, Dev29, Dev198],Fit: [0.88, 0.88, 0.69, 0],Nível: [Junior, Middle, Senior, Master],Total Fit: 0.44
Cromossomo: 91,IDs: [56, 97, 94, 46],Nomes: [Dev56, Dev97, Dev94, Dev46],Fit: [0.69, 0.81, 0.75, 0.88],Nível: [Junior, Middle, Senior, Master],Total Fit: 0.03
Cromossomo: 92,IDs: [104, 28, 27, 85],Nomes: [Dev104, Dev28, Dev27, Dev85],Fit: [0.75, 0.69, 0.75, 0.75],Nível: [Junior, Middle, Senior, Master],Total Fit: 0.03
Cromossomo: 93,IDs: [53, 16, 65, 62],Nomes: [Dev53, Dev16, Dev65, Dev62],Fit: [0.81, 0.63, 0.69, 0.63],Nível: [Junior, Middle, Senior, Master],Total Fit: 0.03
Cromossomo: 94,IDs: [45, 7, 29, 198],Nomes: [Dev45, Dev7, Dev29, Dev198],Fit: [0.88, 0.88, 0.69, 0],Nível: [Junior, Middle, Senior, Master],Total Fit: 0.44
Cromossomo: 95,IDs: [53, 16, 27, 85],Nomes: [Dev53, Dev16, Dev27, Dev85],Fit: [0.81, 0.63, 0.75, 0.75],Nível: [Junior, Middle, Senior, Master],Total Fit: 0.15
Cromossomo: 96,IDs: [104, 28, 65, 62],Nomes: [Dev104, Dev28, Dev65, Dev62],Fit: [0.75, 0.69, 0.69, 0.63],Nível: [Junior, Middle, Senior, Master],Total Fit: 0.14
Cromossomo: 97,IDs: [48, 46, 94, 81],Nomes: [Dev48, Dev46, Dev94, Dev81],Fit: [0.88, 0.75, 0.75, 0.75],Nível: [Middle, Master, Senior, Junior],Total Fit: 0.03
Cromossomo: 98,IDs: [45, 7, 29, 198],Nomes: [Dev45, Dev7, Dev29, Dev198],Fit: [0.88, 0.88, 0.69, 0],Nível: [Junior, Middle, Senior, Master],Total Fit: 0.44
Cromossomo: 99,IDs: [104, 16, 27, 85],Nomes: [Dev104, Dev16, Dev27, Dev85],Fit: [0.75, 0.63, 0.75, 0.75],Nível: [Junior, Middle, Senior, Master],Total Fit: 0.14
Cromossomo: 100,IDs: [53, 28, 65, 62],Nomes: [Dev53, Dev28, Dev65, Dev62],Fit: [0.81, 0.69, 0.69, 0.63],Nível: [Junior, Middle, Senior, Master],Total Fit: 0.14
Cromossomo: 101,IDs: [81, 8, 17, 46],Nomes: [Dev81, Dev8, Dev17, Dev46],Fit: [0.75, 0.75, 0.81, 0.75],Nível: [Junior, Middle, Senior, Master],Total Fit: 0.03
Cromossomo: 102,IDs: [45, 7, 29, 198],Nomes: [Dev45, Dev7, Dev29, Dev198],Fit: [0.88, 0.88, 0.69, 0],Nível: [Junior, Middle, Senior, Master],Total Fit: 0.44
Cromossomo: 103,IDs: [53, 28, 17, 46],Nomes: [Dev53, Dev28, Dev17, Dev46],Fit: [0.81, 0.69, 0.81, 0.75],Nível: [Junior, Middle, Senior, Master],Total Fit: 0.21
Cromossomo: 104,IDs: [55, 48, 38, 85],Nomes: [Dev55, Dev48, Dev38, Dev85],Fit: [0.69, 0.88, 0.88, 0.75],Nível: [Junior, Middle, Senior, Master],Total Fit: 0.03
Cromossomo: 105,IDs: [81, 8, 65, 62],Nomes: [Dev81, Dev8, Dev65, Dev62],Fit: [0.75, 0.75, 0.69, 0.63],Nível: [Junior, Middle, Senior, Master],Total Fit: 0.03
Cromossomo: 106,IDs: [45, 7, 29, 198],Nomes: [Dev45, Dev7, Dev29, Dev198],Fit: [0.88, 0.88, 0.69, 0],Nível: [Junior, Middle, Senior, Master],Total Fit: 0.44
Cromossomo: 107,IDs: [81, 8, 38, 85],Nomes: [Dev81, Dev8, Dev38, Dev85],Fit: [0.75, 0.75, 0.88, 0.75],Nível: [Junior, Middle, Senior, Master],Total Fit: 0.03
Cromossomo: 108,IDs: [55, 48, 65, 62],Nomes: [Dev55, Dev48, Dev65, Dev62],Fit: [0.69, 0.88, 0.69, 0.63],Nível: [Junior, Middle, Senior, Master],Total Fit: 0.03
Cromossomo: 109,IDs: [],Nomes: [],Fit: [],Nível: [],Total Fit: 0.00
Cromossomo: 110,IDs: [45, 7, 29, 198],Nomes: [Dev45, Dev7, Dev29, Dev198],Fit: [0.88, 0.88, 0.69, 0],Nível: [Junior, Middle, Senior, Master],Total Fit: 0.44
Cromossomo: 111,IDs: [55, 214, 38, 85],Nomes: [Dev55, Dev214, Dev38, Dev85],Fit: [0.69, 0.81, 0.88, 0.75],Nível: [Junior, Middle, Senior, Master],Total Fit: 0.03
Cromossomo: 112,IDs: [82, 16, 94, 46],Nomes: [Dev82, Dev16, Dev94, Dev46],Fit: [0.81, 0.63, 0.75, 0.75],Nível: [Junior, Middle, Senior, Master],Total Fit: 0.03
Cromossomo: 113,IDs: [81, 8, 65, 62],Nomes: [Dev81, Dev8, Dev65, Dev62],Fit: [0.75, 0.75, 0.69, 0.63],Nível: [Junior, Middle, Senior, Master],Total Fit: 0.03
Cromossomo: 114,IDs: [45, 7, 29, 198],Nomes: [Dev45, Dev7, Dev29, Dev198],Fit: [0.88, 0.88, 0.69, 0],Nível: [Junior, Middle, Senior, Master],Total Fit: 0.44
Cromossomo: 115,IDs: [53, 28, 38, 89],Nomes: [Dev53, Dev28, Dev38, Dev89],Fit: [0.81, 0.69, 0.88, 0.75],Nível: [Junior, Middle, Senior, Master],Total Fit: 0.22
Cromossomo: 116,IDs: [82, 16, 65, 62],Nomes: [Dev82, Dev16, Dev65, Dev62],Fit: [0.81, 0.63, 0.69, 0.63],Nível: [Junior, Middle, Senior, Master],Total Fit: 0.17
Cromossomo: 117,IDs: [81, 8, 94, 46],Nomes: [Dev81, Dev8, Dev94, Dev46],Fit: [0.75, 0.75, 0.75, 0.75],Nível: [Junior, Middle, Senior, Master],Total Fit: 0.03
Cromossomo: 118,IDs: [45, 7, 29, 198],Nomes: [Dev45, Dev7, Dev29, Dev198],Fit: [0.88, 0.88, 0.69, 0],Nível: [Junior, Middle, Senior, Master],Total Fit: 0.44
Cromossomo: 119,IDs: [82, 28, 38, 89],Nomes: [Dev82, Dev28, Dev38, Dev89],Fit: [0.81, 0.69, 0.88, 0.75],Nível: [Junior, Middle, Senior, Master],Total Fit: 0.03
Cromossomo: 120,IDs: [85, 94, 48, 56],Nomes: [Dev85, Dev94, Dev48, Dev56],Fit: [0.75, 0.75, 0.88, 0.69],Nível: [Master, Senior, Middle, Junior],Total Fit: 0.03
Cromossomo: 121,IDs: [53, 16, 65, 62],Nomes: [Dev53, Dev16, Dev65, Dev62],Fit: [0.81, 0.63, 0.69, 0.63],Nível: [Junior, Middle, Senior, Master],Total Fit: 0.03
Cromossomo: 122,IDs: [45, 7, 29, 198],Nomes: [Dev45, Dev7, Dev29, Dev198],Fit: [0.88, 0.88, 0.69, 0],Nível: [Junior, Middle, Senior, Master],Total Fit: 0.44
Cromossomo: 123,IDs: [82, 28, 65, 62],Nomes: [Dev82, Dev28, Dev65, Dev62],Fit: [0.81, 0.69, 0.69, 0.63],Nível: [Junior, Middle, Senior, Master],Total Fit: 0.31
Cromossomo: 124,IDs: [53, 16, 38, 89],Nomes: [Dev53, Dev16, Dev38, Dev89],Fit: [0.81, 0.63, 0.88, 0.75],Nível: [Junior, Middle, Senior, Master],Total Fit: 0.21
Cromossomo: 125,IDs: [104, 48, 17, 85],Nomes: [Dev104, Dev48, Dev17, Dev85],Fit: [0.75, 0.88, 0.81, 0.75],Nível: [Junior, Middle, Senior, Master],Total Fit: 0.03
Cromossomo: 126,IDs: [45, 7, 29, 198],Nomes: [Dev45, Dev7, Dev29, Dev198],Fit: [0.88, 0.88, 0.69, 0],Nível: [Junior, Middle, Senior, Master],Total Fit: 0.44
Cromossomo: 127,IDs: [53, 28, 65, 62],Nomes: [Dev53, Dev28, Dev65, Dev62],Fit: [0.81, 0.69, 0.69, 0.63],Nível: [Junior, Middle, Senior, Master],Total Fit: 0.14
Cromossomo: 128,IDs: [82, 16, 38, 89],Nomes: [Dev82, Dev16, Dev38, Dev89],Fit: [0.81, 0.63, 0.88, 0.75],Nível: [Junior, Middle, Senior, Master],Total Fit: 0.03
Cromossomo: 129,IDs: [55, 8, 27, 85],Nomes: [Dev55, Dev8, Dev27, Dev85],Fit: [0.69, 0.75, 0.75, 0.75],Nível: [Junior, Middle, Senior, Master],Total Fit: 0.03
Cromossomo: 130,IDs: [45, 7, 29, 198],Nomes: [Dev45, Dev7, Dev29, Dev198],Fit: [0.88, 0.88, 0.69, 0],Nível: [Junior, Middle, Senior, Master],Total Fit: 0.44
Cromossomo: 131,IDs: [55, 28, 65, 62],Nomes: [Dev55, Dev28, Dev65, Dev62],Fit: [0.69, 0.69, 0.69, 0.63],Nível: [Junior, Middle, Senior, Master],Total Fit: 0.13
Cromossomo: 132,IDs: [56, 48, 38, 46],Nomes: [Dev56, Dev48, Dev38, Dev46],Fit: [0.69, 0.88, 0.88, 0.75],Nível: [Junior, Middle, Senior, Master],Total Fit: 0.03
Cromossomo: 133,IDs: [53, 8, 27, 85],Nomes: [Dev53, Dev8, Dev27, Dev85],Fit: [0.81, 0.75, 0.75, 0.75],Nível: [Junior, Middle, Senior, Master],Total Fit: 0.03
Cromossomo: 134,IDs: [45, 7, 29, 198],Nomes: [Dev45, Dev7, Dev29, Dev198],Fit: [0.88, 0.88, 0.69, 0],Nível: [Junior, Middle, Senior, Master],Total Fit: 0.44
Cromossomo: 135,IDs: [56, 28, 65, 62],Nomes: [Dev56, Dev28, Dev65, Dev62],Fit: [0.69, 0.69, 0.69, 0.63],Nível: [Junior, Middle, Senior, Master],Total Fit: 0.30
Cromossomo: 136,IDs: [55, 48, 38, 46],Nomes: [Dev55, Dev48, Dev38, Dev46],Fit: [0.69, 0.88, 0.88, 0.75],Nível: [Junior, Middle, Senior, Master],Total Fit: 0.03
Cromossomo: 137,IDs: [97, 94, 104, 85],Nomes: [Dev97, Dev94, Dev104, Dev85],Fit: [0.81, 0.75, 0.75, 0.75],Nível: [Middle, Senior, Junior, Master],Total Fit: 0.03
Cromossomo: 138,IDs: [45, 7, 29, 198],Nomes: [Dev45, Dev7, Dev29, Dev198],Fit: [0.88, 0.88, 0.69, 0],Nível: [Junior, Middle, Senior, Master],Total Fit: 0.44
Cromossomo: 139,IDs: [55, 28, 65, 62],Nomes: [Dev55, Dev28, Dev65, Dev62],Fit: [0.69, 0.69, 0.69, 0.63],Nível: [Junior, Middle, Senior, Master],Total Fit: 0.13
Cromossomo: 140,IDs: [56, 48, 38, 46],Nomes: [Dev56, Dev48, Dev38, Dev46],Fit: [0.69, 0.88, 0.88, 0.75],Nível: [Junior, Middle, Senior, Master],Total Fit: 0.03
Cromossomo: 141,IDs: [27, 82, 85, 8],Nomes: [Dev27, Dev82, Dev85, Dev8],Fit: [0.75, 0.81, 0.75, 0.75],Nível: [Senior, Junior, Master, Middle],Total Fit: 0.03
Cromossomo: 142,IDs: [45, 7, 29, 198],Nomes: [Dev45, Dev7, Dev29, Dev198],Fit: [0.88, 0.88, 0.69, 0],Nível: [Junior, Middle, Senior, Master],Total Fit: 0.44
Cromossomo: 143,IDs: [56, 28, 65, 62],Nomes: [Dev56, Dev28, Dev65, Dev62],Fit: [0.69, 0.69, 0.69, 0.63],Nível: [Junior, Middle, Senior, Master],Total Fit: 0.30
Cromossomo: 144,IDs: [55, 48, 38, 46],Nomes: [Dev55, Dev48, Dev38, Dev46],Fit: [0.69, 0.88, 0.88, 0.75],Nível: [Junior, Middle, Senior, Master],Total Fit: 0.03
Cromossomo: 145,IDs: [104, 8, 27, 89],Nomes: [Dev104, Dev8, Dev27, Dev89],Fit: [0.75, 0.75, 0.75, 0.75],Nível: [Junior, Middle, Senior, Master],Total Fit: 0.03
Cromossomo: 146,IDs: [45, 7, 29, 198],Nomes: [Dev45, Dev7, Dev29, Dev198],Fit: [0.88, 0.88, 0.69, 0],Nível: [Junior, Middle, Senior, Master],Total Fit: 0.44
Cromossomo: 147,IDs: [81, 28, 65, 62],Nomes: [Dev81, Dev28, Dev65, Dev62],Fit: [0.69, 0.69, 0.69, 0.63],Nível: [Junior, Middle, Senior, Master],Total Fit: 0.13
Cromossomo: 148,IDs: [47, 94, 85, 97],Nomes: [Dev47, Dev94, Dev85, Dev97],Fit: [0.88, 0.75, 0.75, 0.81],Nível: [Junior, Senior, Master, Middle],Total Fit: 0.03
Cromossomo: 149,IDs: [56, 8, 27, 89],Nomes: [Dev56, Dev8, Dev27, Dev89],Fit: [0.69, 0.75, 0.75, 0.75],Nível: [Junior, Middle, Senior, Master],Total Fit: 0.03
Cromossomo: 150,IDs: [45, 7, 29, 198],Nomes: [Dev45, Dev7, Dev29, Dev198],Fit: [0.88, 0.88, 0.69, 0],Nível: [Junior, Middle, Senior, Master],Total Fit: 0.44
Cromossomo: 151,IDs: [56, 28, 65, 62],Nomes: [Dev56, Dev28, Dev65, Dev62],Fit: [0.69, 0.69, 0.69, 0.63],Nível: [Junior, Middle, Senior, Master],Total Fit: 0.30
Cromossomo: 152,IDs: [81, 8, 27, 89],Nomes: [Dev81, Dev8, Dev27, Dev89],Fit: [0.69, 0.75, 0.75, 0.75],Nível: [Junior, Middle, Senior, Master],Total Fit: 0.03
Cromossomo: 153,IDs: [104, 16, 17, 46],Nomes: [Dev104, Dev16, Dev17, Dev46],Fit: [0.75, 0.63, 0.81, 0.75],Nível: [Junior, Middle, Senior, Master],Total Fit: 0.03
Cromossomo: 154,IDs: [45, 7, 29, 198],Nomes: [Dev45, Dev7, Dev29, Dev198],Fit: [0.88, 0.88, 0.69, 0],Nível: [Junior, Middle, Senior, Master],Total Fit: 0.44
Cromossomo: 155,IDs: [104, 28, 65, 62],Nomes: [Dev104, Dev28, Dev65, Dev62],Fit: [0.75, 0.69, 0.69, 0.63],Nível: [Junior, Middle, Senior, Master],Total Fit: 0.14
Cromossomo: 156,IDs: [53, 8, 94, 89],Nomes: [Dev53, Dev8, Dev94, Dev89],Fit: [0.81, 0.75, 0.75, 0.75],Nível: [Junior, Middle, Senior, Master],Total Fit: 0.03
Cromossomo: 157,IDs: [56, 16, 17, 46],Nomes: [Dev56, Dev16, Dev17, Dev46],Fit: [0.69, 0.63, 0.81, 0.75],Nível: [Junior, Middle, Senior, Master],Total Fit: 0.03
Cromossomo: 158,IDs: [45, 7, 29, 198],Nomes: [Dev45, Dev7, Dev29, Dev198],Fit: [0.88, 0.88, 0.69, 0],Nível: [Junior, Middle, Senior, Master],Total Fit: 0.44
Cromossomo: 159,IDs: [46, 17, 97, 55],Nomes: [Dev46, Dev17, Dev97, Dev55],Fit: [0.75, 0.81, 0.81, 0.69],Nível: [Master, Senior, Middle, Junior],Total Fit: 0.03
Cromossomo: 160,IDs: [104, 28, 94, 89],Nomes: [Dev104, Dev28, Dev94, Dev89],Fit: [0.75, 0.69, 0.75, 0.75],Nível: [Junior, Middle, Senior, Master],Total Fit: 0.03
Cromossomo: 161,IDs: [53, 8, 65, 62],Nomes: [Dev53, Dev8, Dev65, Dev62],Fit: [0.81, 0.75, 0.69, 0.63],Nível: [Junior, Middle, Senior, Master],Total Fit: 0.03
Cromossomo: 162,IDs: [45, 7, 29, 198],Nomes: [Dev45, Dev7, Dev29, Dev198],Fit: [0.88, 0.88, 0.69, 0],Nível: [Junior, Middle, Senior, Master],Total Fit: 0.44
Cromossomo: 163,IDs: [47, 97, 38, 85],Nomes: [Dev47, Dev97, Dev38, Dev85],Fit: [0.88, 0.81, 0.88, 0.75],Nível: [Junior, Middle, Senior, Master],Total Fit: 0.27
Cromossomo: 164,IDs: [104, 28, 65, 62],Nomes: [Dev104, Dev28, Dev65, Dev62],Fit: [0.75, 0.69, 0.69, 0.63],Nível: [Junior, Middle, Senior, Master],Total Fit: 0.14
Cromossomo: 165,IDs: [53, 8, 94, 89],Nomes: [Dev53, Dev8, Dev94, Dev89],Fit: [0.81, 0.75, 0.75, 0.75],Nível: [Junior, Middle, Senior, Master],Total Fit: 0.03
Cromossomo: 166,IDs: [45, 7, 29, 198],Nomes: [Dev45, Dev7, Dev29, Dev198],Fit: [0.88, 0.88, 0.69, 0],Nível: [Junior, Middle, Senior, Master],Total Fit: 0.44
Cromossomo: 167,IDs: [56, 16, 27, 46],Nomes: [Dev56, Dev16, Dev27, Dev46],Fit: [0.69, 0.63, 0.75, 0.75],Nível: [Junior, Middle, Senior, Master],Total Fit: 0.42
Cromossomo: 168,IDs: [104, 28, 38, 85],Nomes: [Dev104, Dev28, Dev38, Dev85],Fit: [0.75, 0.69, 0.88, 0.75],Nível: [Junior, Middle, Senior, Master],Total Fit: 0.03
Cromossomo: 169,IDs: [47, 97, 65, 62],Nomes: [Dev47, Dev97, Dev65, Dev62],Fit: [0.88, 0.81, 0.69, 0.63],Nível: [Junior, Middle, Senior, Master],Total Fit: 0.03
Cromossomo: 170,IDs: [47, 16, 27, 46],Nomes: [Dev47, Dev16, Dev27, Dev46],Fit: [0.88, 0.63, 0.75, 0.75],Nível: [Junior, Middle, Senior, Master],Total Fit: 0.45
Cromossomo: 171,IDs: [45, 7, 29, 198],Nomes: [Dev45, Dev7, Dev29, Dev198],Fit: [0.88, 0.88, 0.69, 0],Nível: [Junior, Middle, Senior, Master],Total Fit: 0.44
Cromossomo: 172,IDs: [56, 97, 65, 62],Nomes: [Dev56, Dev97, Dev65, Dev62],Fit: [0.69, 0.81, 0.69, 0.63],Nível: [Junior, Middle, Senior, Master],Total Fit: 0.17
Cromossomo: 173,IDs: [53, 89, 94, 28],Nomes: [Dev53, Dev89, Dev94, Dev28],Fit: [0.81, 0.75, 0.75, 0.69],Nível: [Junior, Master, Senior, Middle],Total Fit: 0.03
Cromossomo: 174,IDs: [45, 7, 65, 62],Nomes: [Dev45, Dev7, Dev65, Dev62],Fit: [0.88, 0.88, 0.69, 0.63],Nível: [Junior, Middle, Senior, Master],Total Fit: 0.55
Cromossomo: 175,IDs: [47, 16, 27, 46],Nomes: [Dev47, Dev16, Dev27, Dev46],Fit: [0.88, 0.63, 0.75, 0.75],Nível: [Junior, Middle, Senior, Master],Total Fit: 0.45
Cromossomo: 176,IDs: [53, 48, 38, 85],Nomes: [Dev53, Dev48, Dev38, Dev85],Fit: [0.81, 0.88, 0.88, 0.75],Nível: [Junior, Middle, Senior, Master],Total Fit: 0.23
Cromossomo: 177,IDs: [56, 97, 29, 198],Nomes: [Dev56, Dev97, Dev29, Dev198],Fit: [0.69, 0.81, 0.69, 0],Nível: [Junior, Middle, Senior, Master],Total Fit: 0.13
Cromossomo: 178,IDs: [53, 48, 27, 46],Nomes: [Dev53, Dev48, Dev27, Dev46],Fit: [0.81, 0.88, 0.75, 0.75],Nível: [Junior, Middle, Senior, Master],Total Fit: 0.64
Cromossomo: 179,IDs: [45, 7, 65, 62],Nomes: [Dev45, Dev7, Dev65, Dev62],Fit: [0.88, 0.88, 0.69, 0.63],Nível: [Junior, Middle, Senior, Master],Total Fit: 0.55
Cromossomo: 180,IDs: [47, 174, 38, 85],Nomes: [Dev47, Dev174, Dev38, Dev85],Fit: [0.88, 0.81, 0.88, 0.75],Nível: [Junior, Middle, Senior, Master],Total Fit: 0.03
Cromossomo: 181,IDs: [55, 16, 17, 89],Nomes: [Dev55, Dev16, Dev17, Dev89],Fit: [0.69, 0.63, 0.81, 0.75],Nível: [Junior, Middle, Senior, Master],Total Fit: 0.03
Cromossomo: 182,IDs: [53, 48, 27, 46],Nomes: [Dev53, Dev48, Dev27, Dev46],Fit: [0.81, 0.88, 0.75, 0.75],Nível: [Junior, Middle, Senior, Master],Total Fit: 0.64
Cromossomo: 183,IDs: [55, 7, 65, 62],Nomes: [Dev55, Dev7, Dev65, Dev62],Fit: [0.69, 0.88, 0.69, 0.63],Nível: [Junior, Middle, Senior, Master],Total Fit: 0.52
Cromossomo: 184,IDs: [81, 97, 38, 85],Nomes: [Dev81, Dev97, Dev38, Dev85],Fit: [0.75, 0.81, 0.88, 0.75],Nível: [Junior, Middle, Senior, Master],Total Fit: 0.26
Cromossomo: 185,IDs: [45, 16, 17, 89],Nomes: [Dev45, Dev16, Dev17, Dev89],Fit: [0.88, 0.63, 0.81, 0.75],Nível: [Junior, Middle, Senior, Master],Total Fit: 0.21
Cromossomo: 186,IDs: [53, 48, 27, 46],Nomes: [Dev53, Dev48, Dev27, Dev46],Fit: [0.81, 0.88, 0.75, 0.75],Nível: [Junior, Middle, Senior, Master],Total Fit: 0.64
Cromossomo: 187,IDs: [81, 7, 27, 62],Nomes: [Dev81, Dev7, Dev27, Dev62],Fit: [0.75, 0.88, 0.88, 0.63],Nível: [Junior, Middle, Senior, Master],Total Fit: 0.57
Cromossomo: 188,IDs: [55, 97, 38, 85],Nomes: [Dev55, Dev97, Dev38, Dev85],Fit: [0.69, 0.81, 0.88, 0.75],Nível: [Junior, Middle, Senior, Master],Total Fit: 0.25
Cromossomo: 189,IDs: [82, 17, 16, 89],Nomes: [Dev82, Dev17, Dev16, Dev89],Fit: [0.81, 0.81, 0.63, 0.75],Nível: [Junior, Senior, Middle, Master],Total Fit: 0.03
Cromossomo: 190,IDs: [53, 48, 27, 46],Nomes: [Dev53, Dev48, Dev27, Dev46],Fit: [0.81, 0.88, 0.75, 0.75],Nível: [Junior, Middle, Senior, Master],Total Fit: 0.64
Cromossomo: 191,IDs: [55, 7, 27, 62],Nomes: [Dev55, Dev7, Dev27, Dev62],Fit: [0.69, 0.88, 0.88, 0.63],Nível: [Junior, Middle, Senior, Master],Total Fit: 0.55
Cromossomo: 192,IDs: [81, 97, 38, 85],Nomes: [Dev81, Dev97, Dev38, Dev85],Fit: [0.75, 0.81, 0.88, 0.75],Nível: [Junior, Middle, Senior, Master],Total Fit: 0.26
Cromossomo: 193,IDs: [56, 8, 65, 89],Nomes: [Dev56, Dev8, Dev65, Dev89],Fit: [0.69, 0.75, 0.69, 0.75],Nível: [Junior, Middle, Senior, Master],Total Fit: 0.03
Cromossomo: 194,IDs: [53, 48, 27, 46],Nomes: [Dev53, Dev48, Dev27, Dev46],Fit: [0.81, 0.88, 0.75, 0.75],Nível: [Junior, Middle, Senior, Master],Total Fit: 0.64
Cromossomo: 195,IDs: [81, 7, 27, 62],Nomes: [Dev81, Dev7, Dev27, Dev62],Fit: [0.75, 0.88, 0.88, 0.63],Nível: [Junior, Middle, Senior, Master],Total Fit: 0.57
Cromossomo: 196,IDs: [55, 97, 38, 85],Nomes: [Dev55, Dev97, Dev38, Dev85],Fit: [0.69, 0.81, 0.88, 0.75],Nível: [Junior, Middle, Senior, Master],Total Fit: 0.25
Cromossomo: 197,IDs: [],Nomes: [],Fit: [],Nível: [],Total Fit: 0.00
Cromossomo: 198,IDs: [53, 48, 27, 46],Nomes: [Dev53, Dev48, Dev27, Dev46],Fit: [0.81, 0.88, 0.75, 0.75],Nível: [Junior, Middle, Senior, Master],Total Fit: 0.64
Cromossomo: 199,IDs: [55, 7, 27, 62],Nomes: [Dev55, Dev7, Dev27, Dev62],Fit: [0.69, 0.88, 0.88, 0.63],Nível: [Junior, Middle, Senior, Master],Total Fit: 0.55
Cromossomo: 200,IDs: [81, 97, 38, 85],Nomes: [Dev81, Dev97, Dev38, Dev85],Fit: [0.75, 0.81, 0.88, 0.75],Nível: [Junior, Middle, Senior, Master],Total Fit: 0.26
Cromossomo: 201,IDs: [29, 45, 28, 89],Nomes: [Dev29, Dev45, Dev28, Dev89],Fit: [0.69, 0.88, 0.69, 0.75],Nível: [Senior, Junior, Middle, Master],Total Fit: 0.03
Cromossomo: 202,IDs: [53, 48, 27, 46],Nomes: [Dev53, Dev48, Dev27, Dev46],Fit: [0.81, 0.88, 0.75, 0.75],Nível: [Junior, Middle, Senior, Master],Total Fit: 0.64
Cromossomo: 203,IDs: [81, 7, 27, 62],Nomes: [Dev81, Dev7, Dev27, Dev62],Fit: [0.75, 0.88, 0.88, 0.63],Nível: [Junior, Middle, Senior, Master],Total Fit: 0.57
Cromossomo: 204,IDs: [55, 97, 38, 85],Nomes: [Dev55, Dev97, Dev38, Dev85],Fit: [0.69, 0.81, 0.88, 0.75],Nível: [Junior, Middle, Senior, Master],Total Fit: 0.25
Cromossomo: 205,IDs: [],Nomes: [],Fit: [],Nível: [],Total Fit: 0.00
Cromossomo: 206,IDs: [53, 48, 27, 46],Nomes: [Dev53, Dev48, Dev27, Dev46],Fit: [0.81, 0.88, 0.75, 0.75],Nível: [Junior, Middle, Senior, Master],Total Fit: 0.64
Cromossomo: 207,IDs: [81, 7, 38, 85],Nomes: [Dev81, Dev7, Dev38, Dev85],Fit: [0.75, 0.88, 0.88, 0.75],Nível: [Junior, Middle, Senior, Master],Total Fit: 0.03
Cromossomo: 208,IDs: [55, 97, 27, 62],Nomes: [Dev55, Dev97, Dev27, Dev62],Fit: [0.69, 0.81, 0.88, 0.63],Nível: [Junior, Middle, Senior, Master],Total Fit: 0.03
Cromossomo: 209,IDs: [16, 65, 104, 89],Nomes: [Dev16, Dev65, Dev104, Dev89],Fit: [0.63, 0.69, 0.75, 0.75],Nível: [Middle, Senior, Junior, Master],Total Fit: 0.03
Cromossomo: 210,IDs: [53, 48, 27, 46],Nomes: [Dev53, Dev48, Dev27, Dev46],Fit: [0.81, 0.88, 0.75, 0.75],Nível: [Junior, Middle, Senior, Master],Total Fit: 0.64
Cromossomo: 211,IDs: [82, 28, 65, 89],Nomes: [Dev82, Dev28, Dev65, Dev89],Fit: [0.81, 0.69, 0.69, 0.75],Nível: [Junior, Middle, Senior, Master],Total Fit: 0.15
Cromossomo: 212,IDs: [55, 7, 38, 85],Nomes: [Dev55, Dev7, Dev38, Dev85],Fit: [0.69, 0.88, 0.88, 0.75],Nível: [Junior, Middle, Senior, Master],Total Fit: 0.03
Cromossomo: 213,IDs: [81, 97, 27, 62],Nomes: [Dev81, Dev97, Dev27, Dev62],Fit: [0.75, 0.81, 0.88, 0.63],Nível: [Junior, Middle, Senior, Master],Total Fit: 0.03
Cromossomo: 214,IDs: [53, 48, 27, 46],Nomes: [Dev53, Dev48, Dev27, Dev46],Fit: [0.81, 0.88, 0.75, 0.75],Nível: [Junior, Middle, Senior, Master],Total Fit: 0.64
Cromossomo: 215,IDs: [82, 7, 38, 85],Nomes: [Dev82, Dev7, Dev38, Dev85],Fit: [0.81, 0.88, 0.88, 0.75],Nível: [Junior, Middle, Senior, Master],Total Fit: 0.20
Cromossomo: 216,IDs: [55, 28, 65, 89],Nomes: [Dev55, Dev28, Dev65, Dev89],Fit: [0.69, 0.69, 0.69, 0.75],Nível: [Junior, Middle, Senior, Master],Total Fit: 0.14
Cromossomo: 217,IDs: [],Nomes: [],Fit: [],Nível: [],Total Fit: 0.00
Cromossomo: 218,IDs: [53, 48, 27, 46],Nomes: [Dev53, Dev48, Dev27, Dev46],Fit: [0.81, 0.88, 0.75, 0.75],Nível: [Junior, Middle, Senior, Master],Total Fit: 0.64
Cromossomo: 219,IDs: [81, 16, 29, 62],Nomes: [Dev81, Dev16, Dev29, Dev62],Fit: [0.75, 0.63, 0.69, 0.63],Nível: [Junior, Middle, Senior, Master],Total Fit: 0.32
Cromossomo: 220,IDs: [82, 7, 65, 89],Nomes: [Dev82, Dev7, Dev65, Dev89],Fit: [0.81, 0.88, 0.69, 0.75],Nível: [Junior, Middle, Senior, Master],Total Fit: 0.19
Cromossomo: 221,IDs: [55, 28, 38, 85],Nomes: [Dev55, Dev28, Dev38, Dev85],Fit: [0.69, 0.69, 0.88, 0.75],Nível: [Junior, Middle, Senior, Master],Total Fit: 0.03
Cromossomo: 222,IDs: [82, 16, 29, 62],Nomes: [Dev82, Dev16, Dev29, Dev62],Fit: [0.81, 0.63, 0.69, 0.63],Nível: [Junior, Middle, Senior, Master],Total Fit: 0.66
Cromossomo: 223,IDs: [53, 48, 27, 46],Nomes: [Dev53, Dev48, Dev27, Dev46],Fit: [0.81, 0.88, 0.75, 0.75],Nível: [Junior, Middle, Senior, Master],Total Fit: 0.64
Cromossomo: 224,IDs: [45, 97, 17, 85],Nomes: [Dev45, Dev97, Dev17, Dev85],Fit: [0.88, 0.81, 0.81, 0.75],Nível: [Junior, Middle, Senior, Master],Total Fit: 0.03
Cromossomo: 225,IDs: [81, 7, 65, 89],Nomes: [Dev81, Dev7, Dev65, Dev89],Fit: [0.75, 0.88, 0.69, 0.75],Nível: [Junior, Middle, Senior, Master],Total Fit: 0.03
Cromossomo: 226,IDs: [82, 16, 29, 62],Nomes: [Dev82, Dev16, Dev29, Dev62],Fit: [0.81, 0.63, 0.69, 0.63],Nível: [Junior, Middle, Senior, Master],Total Fit: 0.66
Cromossomo: 227,IDs: [45, 48, 27, 46],Nomes: [Dev45, Dev48, Dev27, Dev46],Fit: [0.69, 0.88, 0.75, 0.75],Nível: [Junior, Middle, Senior, Master],Total Fit: 0.43
Cromossomo: 228,IDs: [53, 7, 65, 89],Nomes: [Dev53, Dev7, Dev65, Dev89],Fit: [0.81, 0.88, 0.69, 0.75],Nível: [Junior, Middle, Senior, Master],Total Fit: 0.03
Cromossomo: 229,IDs: [81, 28, 38, 85],Nomes: [Dev81, Dev28, Dev38, Dev85],Fit: [0.75, 0.69, 0.88, 0.75],Nível: [Junior, Middle, Senior, Master],Total Fit: 0.03
Cromossomo: 230,IDs: [82, 16, 29, 62],Nomes: [Dev82, Dev16, Dev29, Dev62],Fit: [0.81, 0.63, 0.69, 0.63],Nível: [Junior, Middle, Senior, Master],Total Fit: 0.66
Cromossomo: 231,IDs: [81, 48, 27, 46],Nomes: [Dev81, Dev48, Dev27, Dev46],Fit: [0.75, 0.88, 0.75, 0.75],Nível: [Junior, Middle, Senior, Master],Total Fit: 0.44
Cromossomo: 232,IDs: [47, 8, 17, 89],Nomes: [Dev47, Dev8, Dev17, Dev89],Fit: [0.88, 0.75, 0.81, 0.75],Nível: [Junior, Middle, Senior, Master],Total Fit: 0.03
Cromossomo: 233,IDs: [45, 28, 38, 85],Nomes: [Dev45, Dev28, Dev38, Dev85],Fit: [0.69, 0.69, 0.88, 0.75],Nível: [Junior, Middle, Senior, Master],Total Fit: 0.03
Cromossomo: 234,IDs: [82, 16, 29, 62],Nomes: [Dev82, Dev16, Dev29, Dev62],Fit: [0.81, 0.63, 0.69, 0.63],Nível: [Junior, Middle, Senior, Master],Total Fit: 0.66
Cromossomo: 235,IDs: [47, 8, 27, 46],Nomes: [Dev47, Dev8, Dev27, Dev46],Fit: [0.88, 0.75, 0.75, 0.75],Nível: [Junior, Middle, Senior, Master],Total Fit: 0.31
Cromossomo: 236,IDs: [81, 48, 17, 89],Nomes: [Dev81, Dev48, Dev17, Dev89],Fit: [0.75, 0.88, 0.81, 0.75],Nível: [Junior, Middle, Senior, Master],Total Fit: 0.03
Cromossomo: 237,IDs: [65, 104, 85, 97],Nomes: [Dev65, Dev104, Dev85, Dev97],Fit: [0.69, 0.75, 0.75, 0.81],Nível: [Senior, Junior, Master, Middle],Total Fit: 0.03
Cromossomo: 238,IDs: [82, 16, 29, 62],Nomes: [Dev82, Dev16, Dev29, Dev62],Fit: [0.81, 0.63, 0.69, 0.63],Nível: [Junior, Middle, Senior, Master],Total Fit: 0.66
Cromossomo: 239,IDs: [81, 48, 27, 46],Nomes: [Dev81, Dev48, Dev27, Dev46],Fit: [0.75, 0.88, 0.75, 0.75],Nível: [Junior, Middle, Senior, Master],Total Fit: 0.44
Cromossomo: 240,IDs: [47, 8, 17, 89],Nomes: [Dev47, Dev8, Dev17, Dev89],Fit: [0.88, 0.75, 0.81, 0.75],Nível: [Junior, Middle, Senior, Master],Total Fit: 0.03
Cromossomo: 241,IDs: [56, 28, 94, 85],Nomes: [Dev56, Dev28, Dev94, Dev85],Fit: [0.69, 0.69, 0.75, 0.75],Nível: [Junior, Middle, Senior, Master],Total Fit: 0.03
Cromossomo: 242,IDs: [82, 16, 29, 62],Nomes: [Dev82, Dev16, Dev29, Dev62],Fit: [0.81, 0.63, 0.69, 0.63],Nível: [Junior, Middle, Senior, Master],Total Fit: 0.66
Cromossomo: 243,IDs: [56, 28, 27, 46],Nomes: [Dev56, Dev28, Dev27, Dev46],Fit: [0.69, 0.69, 0.75, 0.75],Nível: [Junior, Middle, Senior, Master],Total Fit: 0.29
Cromossomo: 244,IDs: [45, 7, 17, 89],Nomes: [Dev45, Dev7, Dev17, Dev89],Fit: [0.88, 0.88, 0.81, 0.75],Nível: [Junior, Middle, Senior, Master],Total Fit: 0.03
Cromossomo: 245,IDs: [81, 48, 94, 85],Nomes: [Dev81, Dev48, Dev94, Dev85],Fit: [0.75, 0.88, 0.75, 0.75],Nível: [Junior, Middle, Senior, Master],Total Fit: 0.03
Cromossomo: 246,IDs: [82, 16, 29, 62],Nomes: [Dev82, Dev16, Dev29, Dev62],Fit: [0.81, 0.63, 0.69, 0.63],Nível: [Junior, Middle, Senior, Master],Total Fit: 0.66
Cromossomo: 247,IDs: [45, 7, 27, 46],Nomes: [Dev45, Dev7, Dev27, Dev46],Fit: [0.88, 0.88, 0.75, 0.75],Nível: [Junior, Middle, Senior, Master],Total Fit: 0.33
Cromossomo: 248,IDs: [56, 28, 17, 89],Nomes: [Dev56, Dev28, Dev17, Dev89],Fit: [0.69, 0.69, 0.81, 0.75],Nível: [Junior, Middle, Senior, Master],Total Fit: 0.03
Cromossomo: 249,IDs: [],Nomes: [],Fit: [],Nível: [],Total Fit: 0.00
Cromossomo: 250,IDs: [56, 7, 27, 46],Nomes: [Dev56, Dev7, Dev27, Dev46],Fit: [0.69, 0.88, 0.75, 0.75],Nível: [Junior, Middle, Senior, Master],Total Fit: 0.86
Cromossomo: 251,IDs: [82, 16, 29, 62],Nomes: [Dev82, Dev16, Dev29, Dev62],Fit: [0.81, 0.63, 0.69, 0.63],Nível: [Junior, Middle, Senior, Master],Total Fit: 0.66
Cromossomo: 252,IDs: [45, 97, 17, 89],Nomes: [Dev45, Dev97, Dev17, Dev89],Fit: [0.88, 0.56, 0.81, 0.75],Nível: [Junior, Middle, Senior, Master],Total Fit: 0.03
Cromossomo: 253,IDs: [81, 94, 85, 8],Nomes: [Dev81, Dev94, Dev85, Dev8],Fit: [0.75, 0.75, 0.75, 0.75],Nível: [Junior, Senior, Master, Middle],Total Fit: 0.03
Cromossomo: 254,IDs: [56, 7, 27, 46],Nomes: [Dev56, Dev7, Dev27, Dev46],Fit: [0.69, 0.88, 0.75, 0.75],Nível: [Junior, Middle, Senior, Master],Total Fit: 0.86
Cromossomo: 255,IDs: [45, 16, 29, 62],Nomes: [Dev45, Dev16, Dev29, Dev62],Fit: [0.88, 0.63, 0.69, 0.63],Nível: [Junior, Middle, Senior, Master],Total Fit: 0.54
Cromossomo: 256,IDs: [82, 97, 17, 89],Nomes: [Dev82, Dev97, Dev17, Dev89],Fit: [0.81, 0.56, 0.81, 0.75],Nível: [Junior, Middle, Senior, Master],Total Fit: 0.03
Cromossomo: 257,IDs: [],Nomes: [],Fit: [],Nível: [],Total Fit: 0.00
Cromossomo: 258,IDs: [82, 97, 29, 402],Nomes: [Dev82, Dev97, Dev29, Dev402],Fit: [0.81, 0.56, 0.69, 0.81],Nível: [Junior, Middle, Senior, Master],Total Fit: 0.86
Cromossomo: 259,IDs: [56, 7, 27, 46],Nomes: [Dev56, Dev7, Dev27, Dev46],Fit: [0.69, 0.88, 0.75, 0.75],Nível: [Junior, Middle, Senior, Master],Total Fit: 0.86
Cromossomo: 260,IDs: [45, 16, 17, 89],Nomes: [Dev45, Dev16, Dev17, Dev89],Fit: [0.88, 0.63, 0.81, 0.75],Nível: [Junior, Middle, Senior, Master],Total Fit: 0.21
Cromossomo: 261,IDs: [94, 8, 47, 85],Nomes: [Dev94, Dev8, Dev47, Dev85],Fit: [0.75, 0.75, 0.88, 0.75],Nível: [Senior, Middle, Junior, Master],Total Fit: 0.03
Cromossomo: 262,IDs: [82, 97, 29, 402],Nomes: [Dev82, Dev97, Dev29, Dev402],Fit: [0.81, 0.56, 0.69, 0.81],Nível: [Junior, Middle, Senior, Master],Total Fit: 0.86
Cromossomo: 263,IDs: [45, 16, 27, 46],Nomes: [Dev45, Dev16, Dev27, Dev46],Fit: [0.88, 0.63, 0.75, 0.75],Nível: [Junior, Middle, Senior, Master],Total Fit: 0.66
Cromossomo: 264,IDs: [56, 7, 17, 89],Nomes: [Dev56, Dev7, Dev17, Dev89],Fit: [0.69, 0.88, 0.81, 0.75],Nível: [Junior, Middle, Senior, Master],Total Fit: 0.56
Cromossomo: 265,IDs: [8, 94, 85, 55],Nomes: [Dev8, Dev94, Dev85, Dev55],Fit: [0.75, 0.75, 0.75, 0.69],Nível: [Middle, Senior, Master, Junior],Total Fit: 0.03
Cromossomo: 266,IDs: [82, 97, 29, 402],Nomes: [Dev82, Dev97, Dev29, Dev402],Fit: [0.81, 0.56, 0.69, 0.81],Nível: [Junior, Middle, Senior, Master],Total Fit: 0.86
Cromossomo: 267,IDs: [56, 16, 27, 46],Nomes: [Dev56, Dev16, Dev27, Dev46],Fit: [0.69, 0.63, 0.75, 0.75],Nível: [Junior, Middle, Senior, Master],Total Fit: 0.42
Cromossomo: 268,IDs: [45, 7, 17, 89],Nomes: [Dev45, Dev7, Dev17, Dev89],Fit: [0.88, 0.88, 0.81, 0.75],Nível: [Junior, Middle, Senior, Master],Total Fit: 0.03
Cromossomo: 269,IDs: [85, 104, 8, 65],Nomes: [Dev85, Dev104, Dev8, Dev65],Fit: [0.75, 0.75, 0.75, 0.69],Nível: [Master, Junior, Middle, Senior],Total Fit: 0.03
Cromossomo: 270,IDs: [82, 97, 29, 402],Nomes: [Dev82, Dev97, Dev29, Dev402],Fit: [0.81, 0.56, 0.69, 0.81],Nível: [Junior, Middle, Senior, Master],Total Fit: 0.86
Cromossomo: 271,IDs: [45, 7, 27, 46],Nomes: [Dev45, Dev7, Dev27, Dev46],Fit: [0.88, 0.88, 0.75, 0.75],Nível: [Junior, Middle, Senior, Master],Total Fit: 0.33
Cromossomo: 272,IDs: [81, 65, 85, 48],Nomes: [Dev81, Dev65, Dev85, Dev48],Fit: [0.75, 0.69, 0.75, 0.88],Nível: [Junior, Senior, Master, Middle],Total Fit: 0.03
Cromossomo: 273,IDs: [56, 16, 17, 89],Nomes: [Dev56, Dev16, Dev17, Dev89],Fit: [0.69, 0.63, 0.81, 0.75],Nível: [Junior, Middle, Senior, Master],Total Fit: 0.03
Cromossomo: 274,IDs: [82, 97, 29, 402],Nomes: [Dev82, Dev97, Dev29, Dev402],Fit: [0.81, 0.56, 0.69, 0.81],Nível: [Junior, Middle, Senior, Master],Total Fit: 0.86
Cromossomo: 275,IDs: [56, 7, 27, 46],Nomes: [Dev56, Dev7, Dev27, Dev46],Fit: [0.69, 0.88, 0.75, 0.75],Nível: [Junior, Middle, Senior, Master],Total Fit: 0.86
Cromossomo: 276,IDs: [45, 16, 17, 89],Nomes: [Dev45, Dev16, Dev17, Dev89],Fit: [0.88, 0.63, 0.81, 0.75],Nível: [Junior, Middle, Senior, Master],Total Fit: 0.21
Cromossomo: 277,IDs: [48, 104, 62, 65],Nomes: [Dev48, Dev104, Dev62, Dev65],Fit: [0.88, 0.75, 0.63, 0.69],Nível: [Middle, Junior, Master, Senior],Total Fit: 0.03
Cromossomo: 278,IDs: [82, 97, 29, 402],Nomes: [Dev82, Dev97, Dev29, Dev402],Fit: [0.81, 0.56, 0.69, 0.81],Nível: [Junior, Middle, Senior, Master],Total Fit: 0.86
Cromossomo: 279,IDs: [45, 16, 27, 46],Nomes: [Dev45, Dev16, Dev27, Dev46],Fit: [0.88, 0.63, 0.75, 0.75],Nível: [Junior, Middle, Senior, Master],Total Fit: 0.66
Cromossomo: 280,IDs: [56, 7, 17, 89],Nomes: [Dev56, Dev7, Dev17, Dev89],Fit: [0.69, 0.88, 0.81, 0.75],Nível: [Junior, Middle, Senior, Master],Total Fit: 0.56
Cromossomo: 281,IDs: [47, 28, 65, 85],Nomes: [Dev47, Dev28, Dev65, Dev85],Fit: [0.88, 0.69, 0.69, 0.75],Nível: [Junior, Middle, Senior, Master],Total Fit: 0.15
Cromossomo: 282,IDs: [82, 97, 29, 402],Nomes: [Dev82, Dev97, Dev29, Dev402],Fit: [0.81, 0.56, 0.69, 0.81],Nível: [Junior, Middle, Senior, Master],Total Fit: 0.86
Cromossomo: 283,IDs: [56, 28, 65, 85],Nomes: [Dev56, Dev28, Dev65, Dev85],Fit: [0.69, 0.69, 0.69, 0.75],Nível: [Junior, Middle, Senior, Master],Total Fit: 0.14
Cromossomo: 284,IDs: [47, 7, 17, 89],Nomes: [Dev47, Dev7, Dev17, Dev89],Fit: [0.88, 0.88, 0.81, 0.75],Nível: [Junior, Middle, Senior, Master],Total Fit: 0.03
Cromossomo: 285,IDs: [48, 45, 94, 62],Nomes: [Dev48, Dev45, Dev94, Dev62],Fit: [0.88, 0.88, 0.75, 0.63],Nível: [Middle, Junior, Senior, Master],Total Fit: 0.03
Cromossomo: 286,IDs: [82, 97, 29, 402],Nomes: [Dev82, Dev97, Dev29, Dev402],Fit: [0.81, 0.56, 0.69, 0.81],Nível: [Junior, Middle, Senior, Master],Total Fit: 0.86
Cromossomo: 287,IDs: [56, 7, 17, 89],Nomes: [Dev56, Dev7, Dev17, Dev89],Fit: [0.69, 0.88, 0.81, 0.75],Nível: [Junior, Middle, Senior, Master],Total Fit: 0.56
Cromossomo: 288,IDs: [47, 28, 65, 85],Nomes: [Dev47, Dev28, Dev65, Dev85],Fit: [0.88, 0.69, 0.69, 0.75],Nível: [Junior, Middle, Senior, Master],Total Fit: 0.15
Cromossomo: 289,IDs: [45, 94, 62, 8],Nomes: [Dev45, Dev94, Dev62, Dev8],Fit: [0.88, 0.75, 0.63, 0.75],Nível: [Junior, Senior, Master, Middle],Total Fit: 0.03
Cromossomo: 290,IDs: [82, 97, 29, 402],Nomes: [Dev82, Dev97, Dev29, Dev402],Fit: [0.81, 0.56, 0.69, 0.81],Nível: [Junior, Middle, Senior, Master],Total Fit: 0.86
Cromossomo: 291,IDs: [45, 16, 38, 62],Nomes: [Dev45, Dev16, Dev38, Dev62],Fit: [0.88, 0.63, 0.88, 0.63],Nível: [Junior, Middle, Senior, Master],Total Fit: 0.21
Cromossomo: 292,IDs: [56, 28, 65, 85],Nomes: [Dev56, Dev28, Dev65, Dev85],Fit: [0.69, 0.69, 0.69, 0.75],Nível: [Junior, Middle, Senior, Master],Total Fit: 0.14
Cromossomo: 293,IDs: [47, 7, 17, 89],Nomes: [Dev47, Dev7, Dev17, Dev89],Fit: [0.88, 0.88, 0.81, 0.75],Nível: [Junior, Middle, Senior, Master],Total Fit: 0.03
Cromossomo: 294,IDs: [82, 97, 29, 402],Nomes: [Dev82, Dev97, Dev29, Dev402],Fit: [0.81, 0.56, 0.69, 0.81],Nível: [Junior, Middle, Senior, Master],Total Fit: 0.86
Cromossomo: 295,IDs: [45, 16, 65, 85],Nomes: [Dev45, Dev16, Dev65, Dev85],Fit: [0.88, 0.63, 0.69, 0.75],Nível: [Junior, Middle, Senior, Master],Total Fit: 0.21
Cromossomo: 296,IDs: [56, 28, 38, 62],Nomes: [Dev56, Dev28, Dev38, Dev62],Fit: [0.69, 0.69, 0.88, 0.63],Nível: [Junior, Middle, Senior, Master],Total Fit: 0.17
Cromossomo: 297,IDs: [55, 8, 17, 89],Nomes: [Dev55, Dev8, Dev17, Dev89],Fit: [0.69, 0.75, 0.81, 0.75],Nível: [Junior, Middle, Senior, Master],Total Fit: 0.03
Cromossomo: 298,IDs: [82, 97, 29, 402],Nomes: [Dev82, Dev97, Dev29, Dev402],Fit: [0.81, 0.56, 0.69, 0.81],Nível: [Junior, Middle, Senior, Master],Total Fit: 0.86
Cromossomo: 299,IDs: [104, 48, 27, 62],Nomes: [Dev104, Dev48, Dev27, Dev62],Fit: [0.75, 0.88, 0.75, 0.63],Nível: [Junior, Middle, Senior, Master],Total Fit: 0.12
Cromossomo: 300,IDs: [45, 8, 17, 89],Nomes: [Dev45, Dev8, Dev17, Dev89],Fit: [0.88, 0.75, 0.81, 0.75],Nível: [Junior, Middle, Senior, Master],Total Fit: 0.03
Cromossomo: 301,IDs: [55, 16, 65, 85],Nomes: [Dev55, Dev16, Dev65, Dev85],Fit: [0.69, 0.63, 0.69, 0.75],Nível: [Junior, Middle, Senior, Master],Total Fit: 0.03
Cromossomo: 302,IDs: [82, 97, 29, 402],Nomes: [Dev82, Dev97, Dev29, Dev402],Fit: [0.81, 0.56, 0.69, 0.81],Nível: [Junior, Middle, Senior, Master],Total Fit: 0.86
Cromossomo: 303,IDs: [45, 48, 27, 62],Nomes: [Dev45, Dev48, Dev27, Dev62],Fit: [0.88, 0.88, 0.75, 0.63],Nível: [Junior, Middle, Senior, Master],Total Fit: 0.13
Cromossomo: 304,IDs: [104, 8, 17, 89],Nomes: [Dev104, Dev8, Dev17, Dev89],Fit: [0.75, 0.75, 0.81, 0.75],Nível: [Junior, Middle, Senior, Master],Total Fit: 0.03
Cromossomo: 305,IDs: [56, 28, 38, 46],Nomes: [Dev56, Dev28, Dev38, Dev46],Fit: [0.69, 0.69, 0.88, 0.75],Nível: [Junior, Middle, Senior, Master],Total Fit: 0.03
Cromossomo: 306,IDs: [82, 97, 29, 402],Nomes: [Dev82, Dev97, Dev29, Dev402],Fit: [0.81, 0.56, 0.69, 0.81],Nível: [Junior, Middle, Senior, Master],Total Fit: 0.86
Cromossomo: 307,IDs: [56, 28, 27, 62],Nomes: [Dev56, Dev28, Dev27, Dev62],Fit: [0.69, 0.69, 0.75, 0.63],Nível: [Junior, Middle, Senior, Master],Total Fit: 0.17
Cromossomo: 308,IDs: [45, 48, 38, 46],Nomes: [Dev45, Dev48, Dev38, Dev46],Fit: [0.88, 0.88, 0.88, 0.75],Nível: [Junior, Middle, Senior, Master],Total Fit: 0.03
Cromossomo: 309,IDs: [85, 104, 7, 17],Nomes: [Dev85, Dev104, Dev7, Dev17],Fit: [0.75, 0.75, 0.88, 0.81],Nível: [Master, Junior, Middle, Senior],Total Fit: 0.03
Cromossomo: 310,IDs: [82, 97, 29, 402],Nomes: [Dev82, Dev97, Dev29, Dev402],Fit: [0.81, 0.56, 0.69, 0.81],Nível: [Junior, Middle, Senior, Master],Total Fit: 0.86
Cromossomo: 311,IDs: [56, 48, 38, 46],Nomes: [Dev56, Dev48, Dev38, Dev46],Fit: [0.69, 0.88, 0.88, 0.75],Nível: [Junior, Middle, Senior, Master],Total Fit: 0.03
Cromossomo: 312,IDs: [45, 28, 27, 62],Nomes: [Dev45, Dev28, Dev27, Dev62],Fit: [0.88, 0.69, 0.75, 0.63],Nível: [Junior, Middle, Senior, Master],Total Fit: 0.03
Cromossomo: 313,IDs: [16, 65, 85, 53],Nomes: [Dev16, Dev65, Dev85, Dev53],Fit: [0.63, 0.69, 0.75, 0.81],Nível: [Middle, Senior, Master, Junior],Total Fit: 0.03
Cromossomo: 314,IDs: [82, 97, 29, 402],Nomes: [Dev82, Dev97, Dev29, Dev402],Fit: [0.81, 0.56, 0.69, 0.81],Nível: [Junior, Middle, Senior, Master],Total Fit: 0.86
Cromossomo: 315,IDs: [56, 28, 27, 62],Nomes: [Dev56, Dev28, Dev27, Dev62],Fit: [0.69, 0.69, 0.75, 0.63],Nível: [Junior, Middle, Senior, Master],Total Fit: 0.17
Cromossomo: 316,IDs: [45, 48, 38, 46],Nomes: [Dev45, Dev48, Dev38, Dev46],Fit: [0.88, 0.88, 0.88, 0.75],Nível: [Junior, Middle, Senior, Master],Total Fit: 0.03
Cromossomo: 317,IDs: [89, 16, 17, 104],Nomes: [Dev89, Dev16, Dev17, Dev104],Fit: [0.75, 0.63, 0.81, 0.75],Nível: [Master, Middle, Senior, Junior],Total Fit: 0.03
Cromossomo: 318,IDs: [82, 97, 29, 402],Nomes: [Dev82, Dev97, Dev29, Dev402],Fit: [0.81, 0.56, 0.69, 0.81],Nível: [Junior, Middle, Senior, Master],Total Fit: 0.86
Cromossomo: 319,IDs: [56, 48, 38, 46],Nomes: [Dev56, Dev48, Dev38, Dev46],Fit: [0.69, 0.88, 0.88, 0.75],Nível: [Junior, Middle, Senior, Master],Total Fit: 0.03
Cromossomo: 320,IDs: [45, 28, 27, 62],Nomes: [Dev45, Dev28, Dev27, Dev62],Fit: [0.88, 0.69, 0.75, 0.63],Nível: [Junior, Middle, Senior, Master],Total Fit: 0.03
Cromossomo: 321,IDs: [55, 8, 94, 85],Nomes: [Dev55, Dev8, Dev94, Dev85],Fit: [0.69, 0.75, 0.75, 0.75],Nível: [Junior, Middle, Senior, Master],Total Fit: 0.03
Cromossomo: 322,IDs: [82, 97, 29, 402],Nomes: [Dev82, Dev97, Dev29, Dev402],Fit: [0.81, 0.56, 0.69, 0.81],Nível: [Junior, Middle, Senior, Master],Total Fit: 0.86
Cromossomo: 323,IDs: [55, 48, 38, 46],Nomes: [Dev55, Dev48, Dev38, Dev46],Fit: [0.69, 0.88, 0.88, 0.75],Nível: [Junior, Middle, Senior, Master],Total Fit: 0.03
Cromossomo: 324,IDs: [56, 8, 94, 85],Nomes: [Dev56, Dev8, Dev94, Dev85],Fit: [0.69, 0.75, 0.75, 0.75],Nível: [Junior, Middle, Senior, Master],Total Fit: 0.03
Cromossomo: 325,IDs: [],Nomes: [],Fit: [],Nível: [],Total Fit: 0.00
Cromossomo: 326,IDs: [82, 97, 29, 402],Nomes: [Dev82, Dev97, Dev29, Dev402],Fit: [0.81, 0.56, 0.69, 0.81],Nível: [Junior, Middle, Senior, Master],Total Fit: 0.86
Cromossomo: 327,IDs: [47, 28, 65, 89],Nomes: [Dev47, Dev28, Dev65, Dev89],Fit: [0.88, 0.69, 0.69, 0.75],Nível: [Junior, Middle, Senior, Master],Total Fit: 0.15
Cromossomo: 328,IDs: [55, 48, 94, 85],Nomes: [Dev55, Dev48, Dev94, Dev85],Fit: [0.69, 0.88, 0.75, 0.75],Nível: [Junior, Middle, Senior, Master],Total Fit: 0.03
Cromossomo: 329,IDs: [56, 8, 38, 46],Nomes: [Dev56, Dev8, Dev38, Dev46],Fit: [0.69, 0.75, 0.88, 0.75],Nível: [Junior, Middle, Senior, Master],Total Fit: 0.03
Cromossomo: 330,IDs: [82, 97, 29, 402],Nomes: [Dev82, Dev97, Dev29, Dev402],Fit: [0.81, 0.56, 0.69, 0.81],Nível: [Junior, Middle, Senior, Master],Total Fit: 0.86
Cromossomo: 331,IDs: [56, 16, 27, 46],Nomes: [Dev56, Dev16, Dev27, Dev46],Fit: [0.69, 0.63, 0.75, 0.75],Nível: [Junior, Middle, Senior, Master],Total Fit: 0.42
Cromossomo: 332,IDs: [47, 28, 94, 85],Nomes: [Dev47, Dev28, Dev94, Dev85],Fit: [0.88, 0.69, 0.75, 0.75],Nível: [Junior, Middle, Senior, Master],Total Fit: 0.03
Cromossomo: 333,IDs: [55, 48, 65, 89],Nomes: [Dev55, Dev48, Dev65, Dev89],Fit: [0.69, 0.88, 0.69, 0.75],Nível: [Junior, Middle, Senior, Master],Total Fit: 0.03
Cromossomo: 334,IDs: [82, 97, 29, 402],Nomes: [Dev82, Dev97, Dev29, Dev402],Fit: [0.81, 0.56, 0.69, 0.81],Nível: [Junior, Middle, Senior, Master],Total Fit: 0.86
Cromossomo: 335,IDs: [104, 7, 17, 62],Nomes: [Dev104, Dev7, Dev17, Dev62],Fit: [0.75, 0.88, 0.81, 0.63],Nível: [Junior, Middle, Senior, Master],Total Fit: 0.55
Cromossomo: 336,IDs: [47, 16, 27, 46],Nomes: [Dev47, Dev16, Dev27, Dev46],Fit: [0.88, 0.63, 0.75, 0.75],Nível: [Junior, Middle, Senior, Master],Total Fit: 0.45
Cromossomo: 337,IDs: [56, 28, 94, 85],Nomes: [Dev56, Dev28, Dev94, Dev85],Fit: [0.69, 0.69, 0.75, 0.75],Nível: [Junior, Middle, Senior, Master],Total Fit: 0.03
Cromossomo: 338,IDs: [82, 97, 29, 402],Nomes: [Dev82, Dev97, Dev29, Dev402],Fit: [0.81, 0.56, 0.69, 0.81],Nível: [Junior, Middle, Senior, Master],Total Fit: 0.86
Cromossomo: 339,IDs: [104, 7, 27, 46],Nomes: [Dev104, Dev7, Dev27, Dev46],Fit: [0.75, 0.88, 0.75, 0.75],Nível: [Junior, Middle, Senior, Master],Total Fit: 0.31
Cromossomo: 340,IDs: [47, 16, 17, 62],Nomes: [Dev47, Dev16, Dev17, Dev62],Fit: [0.88, 0.63, 0.81, 0.63],Nível: [Junior, Middle, Senior, Master],Total Fit: 0.03
Cromossomo: 341,IDs: [94, 28, 85, 56],Nomes: [Dev94, Dev28, Dev85, Dev56],Fit: [0.75, 0.69, 0.75, 0.69],Nível: [Senior, Middle, Master, Junior],Total Fit: 0.03
Cromossomo: 342,IDs: [82, 97, 29, 402],Nomes: [Dev82, Dev97, Dev29, Dev402],Fit: [0.81, 0.56, 0.69, 0.81],Nível: [Junior, Middle, Senior, Master],Total Fit: 0.86
Cromossomo: 343,IDs: [47, 7, 27, 46],Nomes: [Dev47, Dev7, Dev27, Dev46],Fit: [0.88, 0.88, 0.75, 0.75],Nível: [Junior, Middle, Senior, Master],Total Fit: 0.33
Cromossomo: 344,IDs: [104, 16, 17, 62],Nomes: [Dev104, Dev16, Dev17, Dev62],Fit: [0.75, 0.63, 0.81, 0.63],Nível: [Junior, Middle, Senior, Master],Total Fit: 0.03
Cromossomo: 345,IDs: [],Nomes: [],Fit: [],Nível: [],Total Fit: 0.00
Cromossomo: 346,IDs: [82, 97, 29, 402],Nomes: [Dev82, Dev97, Dev29, Dev402],Fit: [0.81, 0.56, 0.69, 0.81],Nível: [Junior, Middle, Senior, Master],Total Fit: 0.86
Cromossomo: 347,IDs: [104, 7, 27, 46],Nomes: [Dev104, Dev7, Dev27, Dev46],Fit: [0.75, 0.88, 0.75, 0.75],Nível: [Junior, Middle, Senior, Master],Total Fit: 0.31
Cromossomo: 348,IDs: [81, 8, 38, 89],Nomes: [Dev81, Dev8, Dev38, Dev89],Fit: [0.75, 0.75, 0.88, 0.75],Nível: [Junior, Middle, Senior, Master],Total Fit: 0.03
Cromossomo: 349,IDs: [47, 16, 17, 62],Nomes: [Dev47, Dev16, Dev17, Dev62],Fit: [0.88, 0.63, 0.81, 0.63],Nível: [Junior, Middle, Senior, Master],Total Fit: 0.03
Cromossomo: 350,IDs: [82, 97, 29, 402],Nomes: [Dev82, Dev97, Dev29, Dev402],Fit: [0.81, 0.56, 0.69, 0.81],Nível: [Junior, Middle, Senior, Master],Total Fit: 0.86
Cromossomo: 351,IDs: [81, 7, 27, 46],Nomes: [Dev81, Dev7, Dev27, Dev46],Fit: [0.75, 0.88, 0.75, 0.75],Nível: [Junior, Middle, Senior, Master],Total Fit: 0.31
Cromossomo: 352,IDs: [47, 28, 65, 62],Nomes: [Dev47, Dev28, Dev65, Dev62],Fit: [0.88, 0.69, 0.69, 0.63],Nível: [Junior, Middle, Senior, Master],Total Fit: 0.14
Cromossomo: 353,IDs: [104, 8, 38, 89],Nomes: [Dev104, Dev8, Dev38, Dev89],Fit: [0.75, 0.75, 0.88, 0.75],Nível: [Junior, Middle, Senior, Master],Total Fit: 0.03
Cromossomo: 354,IDs: [82, 97, 29, 402],Nomes: [Dev82, Dev97, Dev29, Dev402],Fit: [0.81, 0.56, 0.69, 0.81],Nível: [Junior, Middle, Senior, Master],Total Fit: 0.86
Cromossomo: 355,IDs: [81, 7, 65, 62],Nomes: [Dev81, Dev7, Dev65, Dev62],Fit: [0.75, 0.88, 0.69, 0.63],Nível: [Junior, Middle, Senior, Master],Total Fit: 0.53
Cromossomo: 356,IDs: [47, 28, 27, 46],Nomes: [Dev47, Dev28, Dev27, Dev46],Fit: [0.88, 0.69, 0.75, 0.75],Nível: [Junior, Middle, Senior, Master],Total Fit: 0.31
Cromossomo: 357,IDs: [53, 48, 85, 17],Nomes: [Dev53, Dev48, Dev85, Dev17],Fit: [0.81, 0.88, 0.75, 0.81],Nível: [Junior, Middle, Master, Senior],Total Fit: 0.03
Cromossomo: 358,IDs: [82, 97, 29, 402],Nomes: [Dev82, Dev97, Dev29, Dev402],Fit: [0.81, 0.56, 0.69, 0.81],Nível: [Junior, Middle, Senior, Master],Total Fit: 0.86
Cromossomo: 359,IDs: [81, 7, 27, 46],Nomes: [Dev81, Dev7, Dev27, Dev46],Fit: [0.75, 0.88, 0.75, 0.75],Nível: [Junior, Middle, Senior, Master],Total Fit: 0.31
Cromossomo: 360,IDs: [53, 16, 38, 85],Nomes: [Dev53, Dev16, Dev38, Dev85],Fit: [0.81, 0.63, 0.88, 0.75],Nível: [Junior, Middle, Senior, Master],Total Fit: 0.21
Cromossomo: 361,IDs: [47, 28, 65, 62],Nomes: [Dev47, Dev28, Dev65, Dev62],Fit: [0.88, 0.69, 0.69, 0.63],Nível: [Junior, Middle, Senior, Master],Total Fit: 0.14
Cromossomo: 362,IDs: [82, 97, 29, 402],Nomes: [Dev82, Dev97, Dev29, Dev402],Fit: [0.81, 0.56, 0.69, 0.81],Nível: [Junior, Middle, Senior, Master],Total Fit: 0.86
Cromossomo: 363,IDs: [53, 7, 27, 46],Nomes: [Dev53, Dev7, Dev27, Dev46],Fit: [0.81, 0.88, 0.75, 0.75],Nível: [Junior, Middle, Senior, Master],Total Fit: 0.51
Cromossomo: 364,IDs: [94, 55, 48, 89],Nomes: [Dev94, Dev55, Dev48, Dev89],Fit: [0.75, 0.69, 0.88, 0.75],Nível: [Senior, Junior, Middle, Master],Total Fit: 0.03
Cromossomo: 365,IDs: [81, 16, 38, 85],Nomes: [Dev81, Dev16, Dev38, Dev85],Fit: [0.75, 0.63, 0.88, 0.75],Nível: [Junior, Middle, Senior, Master],Total Fit: 0.03
Cromossomo: 366,IDs: [82, 97, 29, 402],Nomes: [Dev82, Dev97, Dev29, Dev402],Fit: [0.81, 0.56, 0.69, 0.81],Nível: [Junior, Middle, Senior, Master],Total Fit: 0.86
Cromossomo: 367,IDs: [81, 7, 27, 46],Nomes: [Dev81, Dev7, Dev27, Dev46],Fit: [0.75, 0.88, 0.75, 0.75],Nível: [Junior, Middle, Senior, Master],Total Fit: 0.31
Cromossomo: 368,IDs: [53, 16, 38, 85],Nomes: [Dev53, Dev16, Dev38, Dev85],Fit: [0.81, 0.63, 0.88, 0.75],Nível: [Junior, Middle, Senior, Master],Total Fit: 0.21
Cromossomo: 369,IDs: [48, 62, 45, 17],Nomes: [Dev48, Dev62, Dev45, Dev17],Fit: [0.88, 0.63, 0.88, 0.81],Nível: [Middle, Master, Junior, Senior],Total Fit: 0.03
Cromossomo: 370,IDs: [82, 97, 29, 402],Nomes: [Dev82, Dev97, Dev29, Dev402],Fit: [0.81, 0.56, 0.69, 0.81],Nível: [Junior, Middle, Senior, Master],Total Fit: 0.86
Cromossomo: 371,IDs: [53, 7, 27, 46],Nomes: [Dev53, Dev7, Dev27, Dev46],Fit: [0.81, 0.88, 0.75, 0.75],Nível: [Junior, Middle, Senior, Master],Total Fit: 0.51
Cromossomo: 372,IDs: [45, 28, 17, 89],Nomes: [Dev45, Dev28, Dev17, Dev89],Fit: [0.88, 0.69, 0.81, 0.75],Nível: [Junior, Middle, Senior, Master],Total Fit: 0.03
Cromossomo: 373,IDs: [81, 16, 38, 85],Nomes: [Dev81, Dev16, Dev38, Dev85],Fit: [0.75, 0.63, 0.88, 0.75],Nível: [Junior, Middle, Senior, Master],Total Fit: 0.03
Cromossomo: 374,IDs: [82, 97, 29, 402],Nomes: [Dev82, Dev97, Dev29, Dev402],Fit: [0.81, 0.56, 0.69, 0.81],Nível: [Junior, Middle, Senior, Master],Total Fit: 0.86
Cromossomo: 375,IDs: [45, 28, 27, 46],Nomes: [Dev45, Dev28, Dev27, Dev46],Fit: [0.88, 0.69, 0.75, 0.75],Nível: [Junior, Middle, Senior, Master],Total Fit: 0.31
Cromossomo: 376,IDs: [53, 7, 17, 89],Nomes: [Dev53, Dev7, Dev17, Dev89],Fit: [0.81, 0.88, 0.81, 0.75],Nível: [Junior, Middle, Senior, Master],Total Fit: 0.03
Cromossomo: 377,IDs: [104, 8, 65, 62],Nomes: [Dev104, Dev8, Dev65, Dev62],Fit: [0.75, 0.75, 0.69, 0.63],Nível: [Junior, Middle, Senior, Master],Total Fit: 0.03
Cromossomo: 378,IDs: [82, 97, 29, 402],Nomes: [Dev82, Dev97, Dev29, Dev402],Fit: [0.81, 0.56, 0.69, 0.81],Nível: [Junior, Middle, Senior, Master],Total Fit: 0.86
Cromossomo: 379,IDs: [104, 28, 27, 46],Nomes: [Dev104, Dev28, Dev27, Dev46],Fit: [0.75, 0.69, 0.75, 0.75],Nível: [Junior, Middle, Senior, Master],Total Fit: 0.29
Cromossomo: 380,IDs: [53, 48, 38, 89],Nomes: [Dev53, Dev48, Dev38, Dev89],Fit: [0.81, 0.88, 0.88, 0.75],Nível: [Junior, Middle, Senior, Master],Total Fit: 0.23
Cromossomo: 381,IDs: [45, 8, 65, 62],Nomes: [Dev45, Dev8, Dev65, Dev62],Fit: [0.88, 0.75, 0.69, 0.63],Nível: [Junior, Middle, Senior, Master],Total Fit: 0.03
Cromossomo: 382,IDs: [82, 97, 29, 402],Nomes: [Dev82, Dev97, Dev29, Dev402],Fit: [0.81, 0.56, 0.69, 0.81],Nível: [Junior, Middle, Senior, Master],Total Fit: 0.86
Cromossomo: 383,IDs: [53, 28, 27, 46],Nomes: [Dev53, Dev28, Dev27, Dev46],Fit: [0.81, 0.69, 0.75, 0.75],Nível: [Junior, Middle, Senior, Master],Total Fit: 0.48
Cromossomo: 384,IDs: [104, 48, 38, 89],Nomes: [Dev104, Dev48, Dev38, Dev89],Fit: [0.75, 0.88, 0.88, 0.75],Nível: [Junior, Middle, Senior, Master],Total Fit: 0.03
Cromossomo: 385,IDs: [55, 16, 94, 85],Nomes: [Dev55, Dev16, Dev94, Dev85],Fit: [0.69, 0.63, 0.75, 0.75],Nível: [Junior, Middle, Senior, Master],Total Fit: 0.03
Cromossomo: 386,IDs: [82, 97, 29, 402],Nomes: [Dev82, Dev97, Dev29, Dev402],Fit: [0.81, 0.56, 0.69, 0.81],Nível: [Junior, Middle, Senior, Master],Total Fit: 0.86
Cromossomo: 387,IDs: [55, 16, 27, 46],Nomes: [Dev55, Dev16, Dev27, Dev46],Fit: [0.69, 0.63, 0.75, 0.75],Nível: [Junior, Middle, Senior, Master],Total Fit: 0.42
Cromossomo: 388,IDs: [104, 89, 8, 17],Nomes: [Dev104, Dev89, Dev8, Dev17],Fit: [0.75, 0.75, 0.75, 0.81],Nível: [Junior, Master, Middle, Senior],Total Fit: 0.03
Cromossomo: 389,IDs: [53, 28, 94, 85],Nomes: [Dev53, Dev28, Dev94, Dev85],Fit: [0.81, 0.69, 0.75, 0.75],Nível: [Junior, Middle, Senior, Master],Total Fit: 0.03
Cromossomo: 390,IDs: [82, 97, 29, 402],Nomes: [Dev82, Dev97, Dev29, Dev402],Fit: [0.81, 0.56, 0.69, 0.81],Nível: [Junior, Middle, Senior, Master],Total Fit: 0.86
Cromossomo: 391,IDs: [53, 28, 27, 46],Nomes: [Dev53, Dev28, Dev27, Dev46],Fit: [0.81, 0.69, 0.75, 0.75],Nível: [Junior, Middle, Senior, Master],Total Fit: 0.48
Cromossomo: 392,IDs: [104, 48, 17, 62],Nomes: [Dev104, Dev48, Dev17, Dev62],Fit: [0.75, 0.88, 0.81, 0.63],Nível: [Junior, Middle, Senior, Master],Total Fit: 0.03
Cromossomo: 393,IDs: [55, 16, 94, 85],Nomes: [Dev55, Dev16, Dev94, Dev85],Fit: [0.69, 0.63, 0.75, 0.75],Nível: [Junior, Middle, Senior, Master],Total Fit: 0.03
Cromossomo: 394,IDs: [82, 97, 29, 402],Nomes: [Dev82, Dev97, Dev29, Dev402],Fit: [0.81, 0.56, 0.69, 0.81],Nível: [Junior, Middle, Senior, Master],Total Fit: 0.86
Cromossomo: 395,IDs: [56, 7, 38, 89],Nomes: [Dev56, Dev7, Dev38, Dev89],Fit: [0.69, 0.88, 0.88, 0.75],Nível: [Junior, Middle, Senior, Master],Total Fit: 0.58
Cromossomo: 396,IDs: [104, 48, 27, 46],Nomes: [Dev104, Dev48, Dev27, Dev46],Fit: [0.75, 0.88, 0.75, 0.75],Nível: [Junior, Middle, Senior, Master],Total Fit: 0.44
Cromossomo: 397,IDs: [53, 28, 17, 62],Nomes: [Dev53, Dev28, Dev17, Dev62],Fit: [0.81, 0.69, 0.81, 0.63],Nível: [Junior, Middle, Senior, Master],Total Fit: 0.03
Cromossomo: 398,IDs: [82, 97, 29, 402],Nomes: [Dev82, Dev97, Dev29, Dev402],Fit: [0.81, 0.56, 0.69, 0.81],Nível: [Junior, Middle, Senior, Master],Total Fit: 0.86
Cromossomo: 399,IDs: [56, 48, 27, 46],Nomes: [Dev56, Dev48, Dev27, Dev46],Fit: [0.69, 0.88, 0.75, 0.75],Nível: [Junior, Middle, Senior, Master],Total Fit: 0.43
Cromossomo: 400,IDs: [104, 7, 38, 89],Nomes: [Dev104, Dev7, Dev38, Dev89],Fit: [0.75, 0.88, 0.88, 0.75],Nível: [Junior, Middle, Senior, Master],Total Fit: 0.03
Cromossomo: 401,IDs: [],Nomes: [],Fit: [],Nível: [],Total Fit: 0.00
Cromossomo: 402,IDs: [82, 97, 29, 402],Nomes: [Dev82, Dev97, Dev29, Dev402],Fit: [0.81, 0.56, 0.69, 0.81],Nível: [Junior, Middle, Senior, Master],Total Fit: 0.86
Cromossomo: 403,IDs: [104, 7, 27, 46],Nomes: [Dev104, Dev7, Dev27, Dev46],Fit: [0.75, 0.88, 0.75, 0.75],Nível: [Junior, Middle, Senior, Master],Total Fit: 0.31
Cromossomo: 404,IDs: [56, 48, 38, 89],Nomes: [Dev56, Dev48, Dev38, Dev89],Fit: [0.69, 0.88, 0.88, 0.75],Nível: [Junior, Middle, Senior, Master],Total Fit: 0.03
Cromossomo: 405,IDs: [8, 47, 65, 85],Nomes: [Dev8, Dev47, Dev65, Dev85],Fit: [0.75, 0.88, 0.69, 0.75],Nível: [Middle, Junior, Senior, Master],Total Fit: 0.03
