Cromossomo: 0,IDs: [82, 48, 29, 46],Nomes: [Dev82, Dev48, Dev29, Dev46],Fit: [0.70, 0.90, 0.80, 0.80],Nível: [Junior, Middle, Senior, Master],Total Fit: 0.19
Cromossomo: 1,IDs: [55, 7, 38, 85],Nomes: [Dev55, Dev7, Dev38, Dev85],Fit: [0.70, 0.90, 0.80, 0.80],Nível: [Junior, Middle, Senior, Master],Total Fit: 0.03
Cromossomo: 2,IDs: [28, 53, 94, 89],Nomes: [Dev28, Dev53, Dev94, Dev89],Fit: [0.80, 0.60, 0.60, 0.80],Nível: [Middle, Junior, Senior, Master],Total Fit: 0.03
Cromossomo: 3,IDs: [104, 8, 65, 62],Nomes: [Dev104, Dev8, Dev65, Dev62],Fit: [0.60, 0.70, 0.60, 0.60],Nível: [Junior, Middle, Senior, Master],Total Fit: 0.03
Cromossomo: 4,IDs: [104, 7, 38, 62],Nomes: [Dev104, Dev7, Dev38, Dev62],Fit: [0.60, 0.90, 0.80, 0.60],Nível: [Junior, Middle, Senior, Master],Total Fit: 0.52
Cromossomo: 5,IDs: [82, 48, 29, 46],Nomes: [Dev82, Dev48, Dev29, Dev46],Fit: [0.70, 0.90, 0.80, 0.80],Nível: [Junior, Middle, Senior, Master],Total Fit: 0.19
Cromossomo: 6,IDs: [47, 97, 94, 89],Nomes: [Dev47, Dev97, Dev94, Dev89],Fit: [0.80, 0.70, 0.60, 0.80],Nível: [Junior, Middle, Senior, Master],Total Fit: 0.03
Cromossomo: 7,IDs: [55, 8, 65, 85],Nomes: [Dev55, Dev8, Dev65, Dev85],Fit: [0.70, 0.70, 0.60, 0.80],Nível: [Junior, Middle, Senior, Master],Total Fit: 0.03
Cromossomo: 8,IDs: [104, 7, 38, 62],Nomes: [Dev104, Dev7, Dev38, Dev62],Fit: [0.60, 0.90, 0.80, 0.60],Nível: [Junior, Middle, Senior, Master],Total Fit: 0.52
Cromossomo: 9,IDs: [45, 28, 65, 85],Nomes: [Dev45, Dev28, Dev65, Dev85],Fit: [0.70, 0.80, 0.60, 0.80],Nível: [Junior, Middle, Senior, Master],Total Fit: 0.15
Cromossomo: 10,IDs: [47, 97, 29, 46],Nomes: [Dev47, Dev97, Dev29, Dev46],Fit: [0.80, 0.70, 0.80, 0.80],Nível: [Junior, Middle, Senior, Master],Total Fit: 0.03
Cromossomo: 11,IDs: [82, 48, 94, 89],Nomes: [Dev82, Dev48, Dev94, Dev89],Fit: [0.70, 0.90, 0.60, 0.80],Nível: [Junior, Middle, Senior, Master],Total Fit: 0.03
Cromossomo: 12,IDs: [104, 7, 38, 62],Nomes: [Dev104, Dev7, Dev38, Dev62],Fit: [0.60, 0.90, 0.80, 0.60],Nível: [Junior, Middle, Senior, Master],Total Fit: 0.52
Cromossomo: 13,IDs: [56, 48, 27, 89],Nomes: [Dev56, Dev48, Dev27, Dev89],Fit: [0.80, 0.90, 0.70, 0.80],Nível: [Junior, Middle, Senior, Master],Total Fit: 0.13
Cromossomo: 14,IDs: [45, 28, 29, 46],Nomes: [Dev45, Dev28, Dev29, Dev46],Fit: [0.70, 0.80, 0.80, 0.80],Nível: [Junior, Middle, Senior, Master],Total Fit: 0.03
Cromossomo: 15,IDs: [47, 97, 65, 85],Nomes: [Dev47, Dev97, Dev65, Dev85],Fit: [0.80, 0.70, 0.60, 0.80],Nível: [Junior, Middle, Senior, Master],Total Fit: 0.03
Cromossomo: 16,IDs: [104, 7, 38, 62],Nomes: [Dev104, Dev7, Dev38, Dev62],Fit: [0.60, 0.90, 0.80, 0.60],Nível: [Junior, Middle, Senior, Master],Total Fit: 0.52
Cromossomo: 17,IDs: [56, 48, 29, 46],Nomes: [Dev56, Dev48, Dev29, Dev46],Fit: [0.80, 0.90, 0.80, 0.80],Nível: [Junior, Middle, Senior, Master],Total Fit: 0.20
Cromossomo: 18,IDs: [45, 28, 27, 89],Nomes: [Dev45, Dev28, Dev27, Dev89],Fit: [0.70, 0.80, 0.70, 0.80],Nível: [Junior, Middle, Senior, Master],Total Fit: 0.03
Cromossomo: 19,IDs: [94, 55, 85, 16],Nomes: [Dev94, Dev55, Dev85, Dev16],Fit: [0.60, 0.70, 0.80, 0.60],Nível: [Senior, Junior, Master, Middle],Total Fit: 0.03
Cromossomo: 20,IDs: [104, 7, 38, 62],Nomes: [Dev104, Dev7, Dev38, Dev62],Fit: [0.60, 0.90, 0.80, 0.60],Nível: [Junior, Middle, Senior, Master],Total Fit: 0.52
Cromossomo: 21,IDs: [56, 28, 27, 46],Nomes: [Dev56, Dev28, Dev27, Dev46],Fit: [0.80, 0.80, 0.70, 0.80],Nível: [Junior, Middle, Senior, Master],Total Fit: 0.31
Cromossomo: 22,IDs: [45, 48, 29, 89],Nomes: [Dev45, Dev48, Dev29, Dev89],Fit: [0.70, 0.90, 0.80, 0.80],Nível: [Junior, Middle, Senior, Master],Total Fit: 0.03
Cromossomo: 23,IDs: [],Nomes: [],Fit: [],Nível: [],Total Fit: 0.00
Cromossomo: 24,IDs: [104, 7, 38, 62],Nomes: [Dev104, Dev7, Dev38, Dev62],Fit: [0.60, 0.90, 0.80, 0.60],Nível: [Junior, Middle, Senior, Master],Total Fit: 0.52
Cromossomo: 25,IDs: [56, 48, 29, 46],Nomes: [Dev56, Dev48, Dev29, Dev46],Fit: [0.80, 0.90, 0.80, 0.80],Nível: [Junior, Middle, Senior, Master],Total Fit: 0.20
Cromossomo: 26,IDs: [45, 28, 27, 89],Nomes: [Dev45, Dev28, Dev27, Dev89],Fit: [0.70, 0.80, 0.70, 0.80],Nível: [Junior, Middle, Senior, Master],Total Fit: 0.03
Cromossomo: 27,IDs: [55, 8, 94, 85],Nomes: [Dev55, Dev8, Dev94, Dev85],Fit: [0.70, 0.70, 0.60, 0.80],Nível: [Junior, Middle, Senior, Master],Total Fit: 0.03
Cromossomo: 28,IDs: [104, 7, 38, 62],Nomes: [Dev104, Dev7, Dev38, Dev62],Fit: [0.60, 0.90, 0.80, 0.60],Nível: [Junior, Middle, Senior, Master],Total Fit: 0.52
Cromossomo: 29,IDs: [82, 28, 65, 89],Nomes: [Dev82, Dev28, Dev65, Dev89],Fit: [0.70, 0.80, 0.60, 0.80],Nível: [Junior, Middle, Senior, Master],Total Fit: 0.15
Cromossomo: 30,IDs: [56, 48, 94, 85],Nomes: [Dev56, Dev48, Dev94, Dev85],Fit: [0.80, 0.90, 0.60, 0.80],Nível: [Junior, Middle, Senior, Master],Total Fit: 0.03
Cromossomo: 31,IDs: [55, 8, 29, 46],Nomes: [Dev55, Dev8, Dev29, Dev46],Fit: [0.70, 0.70, 0.80, 0.80],Nível: [Junior, Middle, Senior, Master],Total Fit: 0.03
Cromossomo: 32,IDs: [104, 7, 38, 62],Nomes: [Dev104, Dev7, Dev38, Dev62],Fit: [0.60, 0.90, 0.80, 0.60],Nível: [Junior, Middle, Senior, Master],Total Fit: 0.52
Cromossomo: 33,IDs: [82, 28, 29, 46],Nomes: [Dev82, Dev28, Dev29, Dev46],Fit: [0.70, 0.80, 0.80, 0.80],Nível: [Junior, Middle, Senior, Master],Total Fit: 0.19
Cromossomo: 34,IDs: [55, 8, 65, 89],Nomes: [Dev55, Dev8, Dev65, Dev89],Fit: [0.70, 0.70, 0.60, 0.80],Nível: [Junior, Middle, Senior, Master],Total Fit: 0.03
Cromossomo: 35,IDs: [],Nomes: [],Fit: [],Nível: [],Total Fit: 0.00
Cromossomo: 36,IDs: [104, 7, 38, 62],Nomes: [Dev104, Dev7, Dev38, Dev62],Fit: [0.60, 0.90, 0.80, 0.60],Nível: [Junior, Middle, Senior, Master],Total Fit: 0.52
Cromossomo: 37,IDs: [82, 28, 65, 89],Nomes: [Dev82, Dev28, Dev65, Dev89],Fit: [0.70, 0.80, 0.60, 0.80],Nível: [Junior, Middle, Senior, Master],Total Fit: 0.15
Cromossomo: 38,IDs: [47, 48, 17, 85],Nomes: [Dev47, Dev48, Dev17, Dev85],Fit: [0.80, 0.90, 0.70, 0.80],Nível: [Junior, Middle, Senior, Master],Total Fit: 0.03
Cromossomo: 39,IDs: [55, 8, 29, 46],Nomes: [Dev55, Dev8, Dev29, Dev46],Fit: [0.70, 0.70, 0.80, 0.80],Nível: [Junior, Middle, Senior, Master],Total Fit: 0.03
Cromossomo: 40,IDs: [104, 7, 38, 62],Nomes: [Dev104, Dev7, Dev38, Dev62],Fit: [0.60, 0.90, 0.80, 0.60],Nível: [Junior, Middle, Senior, Master],Total Fit: 0.52
Cromossomo: 41,IDs: [47, 48, 65, 89],Nomes: [Dev47, Dev48, Dev65, Dev89],Fit: [0.80, 0.90, 0.60, 0.80],Nível: [Junior, Middle, Senior, Master],Total Fit: 0.03
Cromossomo: 42,IDs: [82, 28, 17, 85],Nomes: [Dev82, Dev28, Dev17, Dev85],Fit: [0.70, 0.80, 0.70, 0.80],Nível: [Junior, Middle, Senior, Master],Total Fit: 0.03
Cromossomo: 43,IDs: [55, 29, 8, 46],Nomes: [Dev55, Dev29, Dev8, Dev46],Fit: [0.70, 0.80, 0.70, 0.80],Nível: [Junior, Senior, Middle, Master],Total Fit: 0.03
Cromossomo: 44,IDs: [104, 7, 38, 62],Nomes: [Dev104, Dev7, Dev38, Dev62],Fit: [0.60, 0.90, 0.80, 0.60],Nível: [Junior, Middle, Senior, Master],Total Fit: 0.52
Cromossomo: 45,IDs: [45, 8, 27, 46],Nomes: [Dev45, Dev8, Dev27, Dev46],Fit: [0.70, 0.70, 0.70, 0.80],Nível: [Junior, Middle, Senior, Master],Total Fit: 0.29
Cromossomo: 46,IDs: [47, 48, 17, 85],Nomes: [Dev47, Dev48, Dev17, Dev85],Fit: [0.80, 0.90, 0.70, 0.80],Nível: [Junior, Middle, Senior, Master],Total Fit: 0.03
Cromossomo: 47,IDs: [82, 366, 65, 89],Nomes: [Dev82, Dev366, Dev65, Dev89],Fit: [0.70, 0.60, 0.60, 0.80],Nível: [Junior, Middle, Senior, Master],Total Fit: 0.03
Cromossomo: 48,IDs: [104, 7, 38, 62],Nomes: [Dev104, Dev7, Dev38, Dev62],Fit: [0.60, 0.90, 0.80, 0.60],Nível: [Junior, Middle, Senior, Master],Total Fit: 0.52
Cromossomo: 49,IDs: [82, 366, 27, 46],Nomes: [Dev82, Dev366, Dev27, Dev46],Fit: [0.70, 0.60, 0.70, 0.80],Nível: [Junior, Middle, Senior, Master],Total Fit: 0.28
Cromossomo: 50,IDs: [29, 81, 97, 85],Nomes: [Dev29, Dev81, Dev97, Dev85],Fit: [0.80, 0.80, 0.70, 0.80],Nível: [Senior, Junior, Middle, Master],Total Fit: 0.03
Cromossomo: 51,IDs: [45, 8, 65, 89],Nomes: [Dev45, Dev8, Dev65, Dev89],Fit: [0.70, 0.70, 0.60, 0.80],Nível: [Junior, Middle, Senior, Master],Total Fit: 0.03
Cromossomo: 52,IDs: [104, 7, 38, 62],Nomes: [Dev104, Dev7, Dev38, Dev62],Fit: [0.60, 0.90, 0.80, 0.60],Nível: [Junior, Middle, Senior, Master],Total Fit: 0.52
Cromossomo: 53,IDs: [45, 8, 27, 46],Nomes: [Dev45, Dev8, Dev27, Dev46],Fit: [0.70, 0.70, 0.70, 0.80],Nível: [Junior, Middle, Senior, Master],Total Fit: 0.29
Cromossomo: 54,IDs: [53, 29, 85, 48],Nomes: [Dev53, Dev29, Dev85, Dev48],Fit: [0.60, 0.80, 0.80, 0.90],Nível: [Junior, Senior, Master, Middle],Total Fit: 0.03
Cromossomo: 55,IDs: [82, 366, 65, 89],Nomes: [Dev82, Dev366, Dev65, Dev89],Fit: [0.70, 0.60, 0.60, 0.80],Nível: [Junior, Middle, Senior, Master],Total Fit: 0.03
Cromossomo: 56,IDs: [104, 7, 38, 62],Nomes: [Dev104, Dev7, Dev38, Dev62],Fit: [0.60, 0.90, 0.80, 0.60],Nível: [Junior, Middle, Senior, Master],Total Fit: 0.52
Cromossomo: 57,IDs: [82, 366, 27, 46],Nomes: [Dev82, Dev366, Dev27, Dev46],Fit: [0.70, 0.60, 0.70, 0.80],Nível: [Junior, Middle, Senior, Master],Total Fit: 0.28
Cromossomo: 58,IDs: [45, 8, 65, 89],Nomes: [Dev45, Dev8, Dev65, Dev89],Fit: [0.70, 0.70, 0.60, 0.80],Nível: [Junior, Middle, Senior, Master],Total Fit: 0.03
Cromossomo: 59,IDs: [],Nomes: [],Fit: [],Nível: [],Total Fit: 0.00
Cromossomo: 60,IDs: [104, 7, 38, 62],Nomes: [Dev104, Dev7, Dev38, Dev62],Fit: [0.60, 0.90, 0.80, 0.60],Nível: [Junior, Middle, Senior, Master],Total Fit: 0.52
Cromossomo: 61,IDs: [45, 8, 27, 46],Nomes: [Dev45, Dev8, Dev27, Dev46],Fit: [0.70, 0.70, 0.70, 0.80],Nível: [Junior, Middle, Senior, Master],Total Fit: 0.29
Cromossomo: 62,IDs: [29, 97, 81, 85],Nomes: [Dev29, Dev97, Dev81, Dev85],Fit: [0.80, 0.70, 0.80, 0.80],Nível: [Senior, Middle, Junior, Master],Total Fit: 0.03
Cromossomo: 63,IDs: [82, 366, 65, 89],Nomes: [Dev82, Dev366, Dev65, Dev89],Fit: [0.70, 0.60, 0.60, 0.80],Nível: [Junior, Middle, Senior, Master],Total Fit: 0.03
Cromossomo: 64,IDs: [104, 7, 38, 62],Nomes: [Dev104, Dev7, Dev38, Dev62],Fit: [0.60, 0.90, 0.80, 0.60],Nível: [Junior, Middle, Senior, Master],Total Fit: 0.52
Cromossomo: 65,IDs: [56, 48, 29, 85],Nomes: [Dev56, Dev48, Dev29, Dev85],Fit: [0.80, 0.90, 0.80, 0.80],Nível: [Junior, Middle, Senior, Master],Total Fit: 0.20
Cromossomo: 66,IDs: [82, 8, 27, 89],Nomes: [Dev82, Dev8, Dev27, Dev89],Fit: [0.70, 0.70, 0.70, 0.80],Nível: [Junior, Middle, Senior, Master],Total Fit: 0.03
Cromossomo: 67,IDs: [45, 366, 65, 46],Nomes: [Dev45, Dev366, Dev65, Dev46],Fit: [0.70, 0.60, 0.60, 0.80],Nível: [Junior, Middle, Senior, Master],Total Fit: 0.03
Cromossomo: 68,IDs: [104, 7, 38, 62],Nomes: [Dev104, Dev7, Dev38, Dev62],Fit: [0.60, 0.90, 0.80, 0.60],Nível: [Junior, Middle, Senior, Master],Total Fit: 0.52
Cromossomo: 69,IDs: [82, 8, 29, 85],Nomes: [Dev82, Dev8, Dev29, Dev85],Fit: [0.70, 0.70, 0.80, 0.80],Nível: [Junior, Middle, Senior, Master],Total Fit: 0.18
Cromossomo: 70,IDs: [56, 48, 27, 89],Nomes: [Dev56, Dev48, Dev27, Dev89],Fit: [0.80, 0.90, 0.70, 0.80],Nível: [Junior, Middle, Senior, Master],Total Fit: 0.13
Cromossomo: 71,IDs: [17, 47, 16, 46],Nomes: [Dev17, Dev47, Dev16, Dev46],Fit: [0.70, 0.80, 0.60, 0.80],Nível: [Senior, Junior, Middle, Master],Total Fit: 0.03
Cromossomo: 72,IDs: [104, 7, 38, 62],Nomes: [Dev104, Dev7, Dev38, Dev62],Fit: [0.60, 0.90, 0.80, 0.60],Nível: [Junior, Middle, Senior, Master],Total Fit: 0.52
Cromossomo: 73,IDs: [56, 8, 29, 89],Nomes: [Dev56, Dev8, Dev29, Dev89],Fit: [0.80, 0.70, 0.80, 0.80],Nível: [Junior, Middle, Senior, Master],Total Fit: 0.19
Cromossomo: 74,IDs: [53, 16, 94, 46],Nomes: [Dev53, Dev16, Dev94, Dev46],Fit: [0.60, 0.60, 0.60, 0.80],Nível: [Junior, Middle, Senior, Master],Total Fit: 0.16
Cromossomo: 75,IDs: [82, 48, 27, 85],Nomes: [Dev82, Dev48, Dev27, Dev85],Fit: [0.70, 0.90, 0.70, 0.80],Nível: [Junior, Middle, Senior, Master],Total Fit: 0.12
Cromossomo: 76,IDs: [104, 7, 38, 62],Nomes: [Dev104, Dev7, Dev38, Dev62],Fit: [0.60, 0.90, 0.80, 0.60],Nível: [Junior, Middle, Senior, Master],Total Fit: 0.52
Cromossomo: 77,IDs: [56, 8, 382, 46],Nomes: [Dev56, Dev8, Dev382, Dev46],Fit: [0.80, 0.70, 0.60, 0.80],Nível: [Junior, Middle, Senior, Master],Total Fit: 0.09
Cromossomo: 78,IDs: [53, 16, 29, 89],Nomes: [Dev53, Dev16, Dev29, Dev89],Fit: [0.60, 0.60, 0.80, 0.80],Nível: [Junior, Middle, Senior, Master],Total Fit: 0.03
Cromossomo: 79,IDs: [],Nomes: [],Fit: [],Nível: [],Total Fit: 0.00
Cromossomo: 80,IDs: [104, 7, 38, 62],Nomes: [Dev104, Dev7, Dev38, Dev62],Fit: [0.60, 0.90, 0.80, 0.60],Nível: [Junior, Middle, Senior, Master],Total Fit: 0.52
Cromossomo: 81,IDs: [56, 8, 29, 89],Nomes: [Dev56, Dev8, Dev29, Dev89],Fit: [0.80, 0.70, 0.80, 0.80],Nível: [Junior, Middle, Senior, Master],Total Fit: 0.19
Cromossomo: 82,IDs: [53, 16, 382, 46],Nomes: [Dev53, Dev16, Dev382, Dev46],Fit: [0.60, 0.60, 0.60, 0.80],Nível: [Junior, Middle, Senior, Master],Total Fit: 0.16
Cromossomo: 83,IDs: [97, 47, 94, 85],Nomes: [Dev97, Dev47, Dev94, Dev85],Fit: [0.70, 0.80, 0.60, 0.80],Nível: [Middle, Junior, Senior, Master],Total Fit: 0.03
Cromossomo: 84,IDs: [104, 7, 38, 62],Nomes: [Dev104, Dev7, Dev38, Dev62],Fit: [0.60, 0.90, 0.80, 0.60],Nível: [Junior, Middle, Senior, Master],Total Fit: 0.52
Cromossomo: 85,IDs: [56, 8, 382, 46],Nomes: [Dev56, Dev8, Dev382, Dev46],Fit: [0.80, 0.70, 0.60, 0.80],Nível: [Junior, Middle, Senior, Master],Total Fit: 0.09
Cromossomo: 86,IDs: [65, 48, 45, 85],Nomes: [Dev65, Dev48, Dev45, Dev85],Fit: [0.60, 0.90, 0.70, 0.80],Nível: [Senior, Middle, Junior, Master],Total Fit: 0.03
Cromossomo: 87,IDs: [53, 16, 29, 89],Nomes: [Dev53, Dev16, Dev29, Dev89],Fit: [0.60, 0.60, 0.80, 0.80],Nível: [Junior, Middle, Senior, Master],Total Fit: 0.03
Cromossomo: 88,IDs: [104, 7, 38, 62],Nomes: [Dev104, Dev7, Dev38, Dev62],Fit: [0.60, 0.90, 0.80, 0.60],Nível: [Junior, Middle, Senior, Master],Total Fit: 0.52
Cromossomo: 89,IDs: [56, 8, 29, 89],Nomes: [Dev56, Dev8, Dev29, Dev89],Fit: [0.80, 0.70, 0.80, 0.80],Nível: [Junior, Middle, Senior, Master],Total Fit: 0.19
Cromossomo: 90,IDs: [53, 16, 382, 46],Nomes: [Dev53, Dev16, Dev382, Dev46],Fit: [0.60, 0.60, 0.60, 0.80],Nível: [Junior, Middle, Senior, Master],Total Fit: 0.16
Cromossomo: 91,IDs: [28, 55, 17, 85],Nomes: [Dev28, Dev55, Dev17, Dev85],Fit: [0.80, 0.70, 0.70, 0.80],Nível: [Middle, Junior, Senior, Master],Total Fit: 0.03
Cromossomo: 92,IDs: [104, 7, 38, 62],Nomes: [Dev104, Dev7, Dev38, Dev62],Fit: [0.60, 0.90, 0.80, 0.60],Nível: [Junior, Middle, Senior, Master],Total Fit: 0.52
Cromossomo: 93,IDs: [56, 8, 382, 46],Nomes: [Dev56, Dev8, Dev382, Dev46],Fit: [0.80, 0.70, 0.60, 0.80],Nível: [Junior, Middle, Senior, Master],Total Fit: 0.09
Cromossomo: 94,IDs: [53, 16, 29, 89],Nomes: [Dev53, Dev16, Dev29, Dev89],Fit: [0.60, 0.60, 0.80, 0.80],Nível: [Junior, Middle, Senior, Master],Total Fit: 0.03
Cromossomo: 95,IDs: [],Nomes: [],Fit: [],Nível: [],Total Fit: 0.00
Cromossomo: 96,IDs: [104, 7, 38, 62],Nomes: [Dev104, Dev7, Dev38, Dev62],Fit: [0.60, 0.90, 0.80, 0.60],Nível: [Junior, Middle, Senior, Master],Total Fit: 0.52
Cromossomo: 97,IDs: [56, 8, 29, 89],Nomes: [Dev56, Dev8, Dev29, Dev89],Fit: [0.80, 0.70, 0.80, 0.80],Nível: [Junior, Middle, Senior, Master],Total Fit: 0.19
Cromossomo: 98,IDs: [53, 16, 382, 46],Nomes: [Dev53, Dev16, Dev382, Dev46],Fit: [0.60, 0.60, 0.60, 0.80],Nível: [Junior, Middle, Senior, Master],Total Fit: 0.16
Cromossomo: 99,IDs: [45, 48, 94, 85],Nomes: [Dev45, Dev48, Dev94, Dev85],Fit: [0.70, 0.90, 0.60, 0.80],Nível: [Junior, Middle, Senior, Master],Total Fit: 0.03
Cromossomo: 100,IDs: [104, 7, 38, 62],Nomes: [Dev104, Dev7, Dev38, Dev62],Fit: [0.60, 0.90, 0.80, 0.60],Nível: [Junior, Middle, Senior, Master],Total Fit: 0.52
Cromossomo: 101,IDs: [55, 28, 27, 46],Nomes: [Dev55, Dev28, Dev27, Dev46],Fit: [0.70, 0.80, 0.70, 0.80],Nível: [Junior, Middle, Senior, Master],Total Fit: 0.30
Cromossomo: 102,IDs: [56, 48, 94, 89],Nomes: [Dev56, Dev48, Dev94, Dev89],Fit: [0.80, 0.90, 0.60, 0.80],Nível: [Junior, Middle, Senior, Master],Total Fit: 0.03
Cromossomo: 103,IDs: [45, 8, 29, 85],Nomes: [Dev45, Dev8, Dev29, Dev85],Fit: [0.70, 0.70, 0.80, 0.80],Nível: [Junior, Middle, Senior, Master],Total Fit: 0.03
Cromossomo: 104,IDs: [104, 7, 38, 62],Nomes: [Dev104, Dev7, Dev38, Dev62],Fit: [0.60, 0.90, 0.80, 0.60],Nível: [Junior, Middle, Senior, Master],Total Fit: 0.52
Cromossomo: 105,IDs: [45, 28, 27, 85],Nomes: [Dev45, Dev28, Dev27, Dev85],Fit: [0.70, 0.80, 0.70, 0.80],Nível: [Junior, Middle, Senior, Master],Total Fit: 0.03
Cromossomo: 106,IDs: [55, 8, 29, 46],Nomes: [Dev55, Dev8, Dev29, Dev46],Fit: [0.70, 0.70, 0.80, 0.80],Nível: [Junior, Middle, Senior, Master],Total Fit: 0.03
Cromossomo: 107,IDs: [17, 53, 89, 97],Nomes: [Dev17, Dev53, Dev89, Dev97],Fit: [0.70, 0.60, 0.80, 0.70],Nível: [Senior, Junior, Master, Middle],Total Fit: 0.03
Cromossomo: 108,IDs: [104, 7, 38, 62],Nomes: [Dev104, Dev7, Dev38, Dev62],Fit: [0.60, 0.90, 0.80, 0.60],Nível: [Junior, Middle, Senior, Master],Total Fit: 0.52
Cromossomo: 109,IDs: [55, 28, 27, 46],Nomes: [Dev55, Dev28, Dev27, Dev46],Fit: [0.70, 0.80, 0.70, 0.80],Nível: [Junior, Middle, Senior, Master],Total Fit: 0.30
Cromossomo: 110,IDs: [45, 8, 29, 85],Nomes: [Dev45, Dev8, Dev29, Dev85],Fit: [0.70, 0.70, 0.80, 0.80],Nível: [Junior, Middle, Senior, Master],Total Fit: 0.03
Cromossomo: 111,IDs: [82, 65, 97, 89],Nomes: [Dev82, Dev65, Dev97, Dev89],Fit: [0.70, 0.60, 0.70, 0.80],Nível: [Junior, Senior, Middle, Master],Total Fit: 0.03
Cromossomo: 112,IDs: [104, 7, 38, 62],Nomes: [Dev104, Dev7, Dev38, Dev62],Fit: [0.60, 0.90, 0.80, 0.60],Nível: [Junior, Middle, Senior, Master],Total Fit: 0.52
Cromossomo: 113,IDs: [45, 8, 27, 46],Nomes: [Dev45, Dev8, Dev27, Dev46],Fit: [0.70, 0.70, 0.70, 0.80],Nível: [Junior, Middle, Senior, Master],Total Fit: 0.29
Cromossomo: 114,IDs: [55, 28, 29, 85],Nomes: [Dev55, Dev28, Dev29, Dev85],Fit: [0.70, 0.80, 0.80, 0.80],Nível: [Junior, Middle, Senior, Master],Total Fit: 0.03
Cromossomo: 115,IDs: [82, 97, 94, 89],Nomes: [Dev82, Dev97, Dev94, Dev89],Fit: [0.70, 0.70, 0.60, 0.80],Nível: [Junior, Middle, Senior, Master],Total Fit: 0.03
Cromossomo: 116,IDs: [104, 7, 38, 62],Nomes: [Dev104, Dev7, Dev38, Dev62],Fit: [0.60, 0.90, 0.80, 0.60],Nível: [Junior, Middle, Senior, Master],Total Fit: 0.52
Cromossomo: 117,IDs: [82, 97, 27, 46],Nomes: [Dev82, Dev97, Dev27, Dev46],Fit: [0.70, 0.70, 0.70, 0.80],Nível: [Junior, Middle, Senior, Master],Total Fit: 0.29
Cromossomo: 118,IDs: [56, 17, 85, 28],Nomes: [Dev56, Dev17, Dev85, Dev28],Fit: [0.80, 0.70, 0.80, 0.80],Nível: [Junior, Senior, Master, Middle],Total Fit: 0.03
Cromossomo: 119,IDs: [45, 8, 94, 89],Nomes: [Dev45, Dev8, Dev94, Dev89],Fit: [0.70, 0.70, 0.60, 0.80],Nível: [Junior, Middle, Senior, Master],Total Fit: 0.03
Cromossomo: 120,IDs: [104, 7, 38, 62],Nomes: [Dev104, Dev7, Dev38, Dev62],Fit: [0.60, 0.90, 0.80, 0.60],Nível: [Junior, Middle, Senior, Master],Total Fit: 0.52
Cromossomo: 121,IDs: [45, 8, 27, 46],Nomes: [Dev45, Dev8, Dev27, Dev46],Fit: [0.70, 0.70, 0.70, 0.80],Nível: [Junior, Middle, Senior, Master],Total Fit: 0.29
Cromossomo: 122,IDs: [81, 28, 29, 85],Nomes: [Dev81, Dev28, Dev29, Dev85],Fit: [0.80, 0.80, 0.80, 0.80],Nível: [Junior, Middle, Senior, Master],Total Fit: 0.03
Cromossomo: 123,IDs: [82, 97, 94, 89],Nomes: [Dev82, Dev97, Dev94, Dev89],Fit: [0.70, 0.70, 0.60, 0.80],Nível: [Junior, Middle, Senior, Master],Total Fit: 0.03
Cromossomo: 124,IDs: [104, 7, 38, 62],Nomes: [Dev104, Dev7, Dev38, Dev62],Fit: [0.60, 0.90, 0.80, 0.60],Nível: [Junior, Middle, Senior, Master],Total Fit: 0.52
Cromossomo: 125,IDs: [81, 28, 27, 46],Nomes: [Dev81, Dev28, Dev27, Dev46],Fit: [0.80, 0.80, 0.70, 0.80],Nível: [Junior, Middle, Senior, Master],Total Fit: 0.31
Cromossomo: 126,IDs: [55, 48, 94, 89],Nomes: [Dev55, Dev48, Dev94, Dev89],Fit: [0.70, 0.90, 0.60, 0.80],Nível: [Junior, Middle, Senior, Master],Total Fit: 0.03
Cromossomo: 127,IDs: [45, 8, 29, 85],Nomes: [Dev45, Dev8, Dev29, Dev85],Fit: [0.70, 0.70, 0.80, 0.80],Nível: [Junior, Middle, Senior, Master],Total Fit: 0.03
Cromossomo: 128,IDs: [104, 7, 38, 62],Nomes: [Dev104, Dev7, Dev38, Dev62],Fit: [0.60, 0.90, 0.80, 0.60],Nível: [Junior, Middle, Senior, Master],Total Fit: 0.52
Cromossomo: 129,IDs: [56, 16, 29, 85],Nomes: [Dev56, Dev16, Dev29, Dev85],Fit: [0.80, 0.60, 0.80, 0.80],Nível: [Junior, Middle, Senior, Master],Total Fit: 0.18
Cromossomo: 130,IDs: [81, 48, 94, 46],Nomes: [Dev81, Dev48, Dev94, Dev46],Fit: [0.80, 0.90, 0.60, 0.80],Nível: [Junior, Middle, Senior, Master],Total Fit: 0.03
Cromossomo: 131,IDs: [55, 28, 27, 89],Nomes: [Dev55, Dev28, Dev27, Dev89],Fit: [0.70, 0.80, 0.70, 0.80],Nível: [Junior, Middle, Senior, Master],Total Fit: 0.03
Cromossomo: 132,IDs: [104, 7, 38, 62],Nomes: [Dev104, Dev7, Dev38, Dev62],Fit: [0.60, 0.90, 0.80, 0.60],Nível: [Junior, Middle, Senior, Master],Total Fit: 0.52
Cromossomo: 133,IDs: [81, 48, 29, 85],Nomes: [Dev81, Dev48, Dev29, Dev85],Fit: [0.80, 0.90, 0.80, 0.80],Nível: [Junior, Middle, Senior, Master],Total Fit: 0.03
Cromossomo: 134,IDs: [82, 8, 27, 89],Nomes: [Dev82, Dev8, Dev27, Dev89],Fit: [0.70, 0.70, 0.70, 0.80],Nível: [Junior, Middle, Senior, Master],Total Fit: 0.03
Cromossomo: 135,IDs: [56, 16, 94, 46],Nomes: [Dev56, Dev16, Dev94, Dev46],Fit: [0.80, 0.60, 0.60, 0.80],Nível: [Junior, Middle, Senior, Master],Total Fit: 0.03
Cromossomo: 136,IDs: [104, 7, 38, 62],Nomes: [Dev104, Dev7, Dev38, Dev62],Fit: [0.60, 0.90, 0.80, 0.60],Nível: [Junior, Middle, Senior, Master],Total Fit: 0.52
Cromossomo: 137,IDs: [56, 16, 27, 89],Nomes: [Dev56, Dev16, Dev27, Dev89],Fit: [0.80, 0.60, 0.70, 0.80],Nível: [Junior, Middle, Senior, Master],Total Fit: 0.14
Cromossomo: 138,IDs: [53, 97, 29, 85],Nomes: [Dev53, Dev97, Dev29, Dev85],Fit: [0.60, 0.70, 0.80, 0.80],Nível: [Junior, Middle, Senior, Master],Total Fit: 0.03
Cromossomo: 139,IDs: [82, 8, 94, 46],Nomes: [Dev82, Dev8, Dev94, Dev46],Fit: [0.70, 0.70, 0.60, 0.80],Nível: [Junior, Middle, Senior, Master],Total Fit: 0.03
Cromossomo: 140,IDs: [104, 7, 38, 62],Nomes: [Dev104, Dev7, Dev38, Dev62],Fit: [0.60, 0.90, 0.80, 0.60],Nível: [Junior, Middle, Senior, Master],Total Fit: 0.52
Cromossomo: 141,IDs: [56, 16, 29, 85],Nomes: [Dev56, Dev16, Dev29, Dev85],Fit: [0.80, 0.60, 0.80, 0.80],Nível: [Junior, Middle, Senior, Master],Total Fit: 0.18
Cromossomo: 142,IDs: [53, 97, 351, 89],Nomes: [Dev53, Dev97, Dev351, Dev89],Fit: [0.60, 0.70, 0.90, 0.80],Nível: [Junior, Middle, Senior, Master],Total Fit: 0.03
Cromossomo: 143,IDs: [82, 48, 65, 46],Nomes: [Dev82, Dev48, Dev65, Dev46],Fit: [0.70, 0.90, 0.60, 0.80],Nível: [Junior, Middle, Senior, Master],Total Fit: 0.03
Cromossomo: 144,IDs: [104, 7, 38, 62],Nomes: [Dev104, Dev7, Dev38, Dev62],Fit: [0.60, 0.90, 0.80, 0.60],Nível: [Junior, Middle, Senior, Master],Total Fit: 0.52
Cromossomo: 145,IDs: [82, 16, 29, 46],Nomes: [Dev82, Dev16, Dev29, Dev46],Fit: [0.70, 0.60, 0.80, 0.80],Nível: [Junior, Middle, Senior, Master],Total Fit: 0.17
Cromossomo: 146,IDs: [56, 48, 65, 85],Nomes: [Dev56, Dev48, Dev65, Dev85],Fit: [0.80, 0.90, 0.60, 0.80],Nível: [Junior, Middle, Senior, Master],Total Fit: 0.03
Cromossomo: 147,IDs: [],Nomes: [],Fit: [],Nível: [],Total Fit: 0.00
Cromossomo: 148,IDs: [104, 7, 38, 62],Nomes: [Dev104, Dev7, Dev38, Dev62],Fit: [0.60, 0.90, 0.80, 0.60],Nível: [Junior, Middle, Senior, Master],Total Fit: 0.52
Cromossomo: 149,IDs: [56, 16, 29, 85],Nomes: [Dev56, Dev16, Dev29, Dev85],Fit: [0.80, 0.60, 0.80, 0.80],Nível: [Junior, Middle, Senior, Master],Total Fit: 0.18
Cromossomo: 150,IDs: [28, 27, 81, 89],Nomes: [Dev28, Dev27, Dev81, Dev89],Fit: [0.80, 0.70, 0.80, 0.80],Nível: [Middle, Senior, Junior, Master],Total Fit: 0.03
Cromossomo: 151,IDs: [82, 48, 65, 46],Nomes: [Dev82, Dev48, Dev65, Dev46],Fit: [0.70, 0.90, 0.60, 0.80],Nível: [Junior, Middle, Senior, Master],Total Fit: 0.03
Cromossomo: 152,IDs: [104, 7, 38, 62],Nomes: [Dev104, Dev7, Dev38, Dev62],Fit: [0.60, 0.90, 0.80, 0.60],Nível: [Junior, Middle, Senior, Master],Total Fit: 0.52
Cromossomo: 153,IDs: [82, 48, 29, 85],Nomes: [Dev82, Dev48, Dev29, Dev85],Fit: [0.70, 0.90, 0.80, 0.80],Nível: [Junior, Middle, Senior, Master],Total Fit: 0.19
Cromossomo: 154,IDs: [8, 45, 89, 27],Nomes: [Dev8, Dev45, Dev89, Dev27],Fit: [0.70, 0.70, 0.80, 0.70],Nível: [Middle, Junior, Master, Senior],Total Fit: 0.03
Cromossomo: 155,IDs: [56, 16, 65, 46],Nomes: [Dev56, Dev16, Dev65, Dev46],Fit: [0.80, 0.60, 0.60, 0.80],Nível: [Junior, Middle, Senior, Master],Total Fit: 0.03
Cromossomo: 156,IDs: [104, 7, 38, 62],Nomes: [Dev104, Dev7, Dev38, Dev62],Fit: [0.60, 0.90, 0.80, 0.60],Nível: [Junior, Middle, Senior, Master],Total Fit: 0.52
Cromossomo: 157,IDs: [56, 16, 29, 85],Nomes: [Dev56, Dev16, Dev29, Dev85],Fit: [0.80, 0.60, 0.80, 0.80],Nível: [Junior, Middle, Senior, Master],Total Fit: 0.18
Cromossomo: 158,IDs: [82, 48, 65, 46],Nomes: [Dev82, Dev48, Dev65, Dev46],Fit: [0.70, 0.90, 0.60, 0.80],Nível: [Junior, Middle, Senior, Master],Total Fit: 0.03
Cromossomo: 159,IDs: [],Nomes: [],Fit: [],Nível: [],Total Fit: 0.00
Cromossomo: 160,IDs: [104, 7, 38, 62],Nomes: [Dev104, Dev7, Dev38, Dev62],Fit: [0.60, 0.90, 0.80, 0.60],Nível: [Junior, Middle, Senior, Master],Total Fit: 0.52
Cromossomo: 161,IDs: [82, 48, 29, 85],Nomes: [Dev82, Dev48, Dev29, Dev85],Fit: [0.70, 0.90, 0.80, 0.80],Nível: [Junior, Middle, Senior, Master],Total Fit: 0.19
Cromossomo: 162,IDs: [47, 97, 94, 89],Nomes: [Dev47, Dev97, Dev94, Dev89],Fit: [0.80, 0.70, 0.60, 0.80],Nível: [Junior, Middle, Senior, Master],Total Fit: 0.03
Cromossomo: 163,IDs: [56, 16, 65, 46],Nomes: [Dev56, Dev16, Dev65, Dev46],Fit: [0.80, 0.60, 0.60, 0.80],Nível: [Junior, Middle, Senior, Master],Total Fit: 0.03
Cromossomo: 164,IDs: [104, 7, 38, 62],Nomes: [Dev104, Dev7, Dev38, Dev62],Fit: [0.60, 0.90, 0.80, 0.60],Nível: [Junior, Middle, Senior, Master],Total Fit: 0.52
Cromossomo: 165,IDs: [47, 48, 29, 89],Nomes: [Dev47, Dev48, Dev29, Dev89],Fit: [0.80, 0.90, 0.80, 0.80],Nível: [Junior, Middle, Senior, Master],Total Fit: 0.03
Cromossomo: 166,IDs: [8, 46, 81, 17],Nomes: [Dev8, Dev46, Dev81, Dev17],Fit: [0.70, 0.80, 0.80, 0.70],Nível: [Middle, Master, Junior, Senior],Total Fit: 0.03
Cromossomo: 167,IDs: [82, 97, 94, 85],Nomes: [Dev82, Dev97, Dev94, Dev85],Fit: [0.70, 0.70, 0.60, 0.80],Nível: [Junior, Middle, Senior, Master],Total Fit: 0.03
Cromossomo: 168,IDs: [104, 7, 38, 62],Nomes: [Dev104, Dev7, Dev38, Dev62],Fit: [0.60, 0.90, 0.80, 0.60],Nível: [Junior, Middle, Senior, Master],Total Fit: 0.52
Cromossomo: 169,IDs: [45, 16, 17, 46],Nomes: [Dev45, Dev16, Dev17, Dev46],Fit: [0.70, 0.60, 0.70, 0.80],Nível: [Junior, Middle, Senior, Master],Total Fit: 0.20
Cromossomo: 170,IDs: [82, 48, 29, 85],Nomes: [Dev82, Dev48, Dev29, Dev85],Fit: [0.70, 0.90, 0.80, 0.80],Nível: [Junior, Middle, Senior, Master],Total Fit: 0.19
Cromossomo: 171,IDs: [47, 97, 94, 89],Nomes: [Dev47, Dev97, Dev94, Dev89],Fit: [0.80, 0.70, 0.60, 0.80],Nível: [Junior, Middle, Senior, Master],Total Fit: 0.03
Cromossomo: 172,IDs: [104, 7, 38, 62],Nomes: [Dev104, Dev7, Dev38, Dev62],Fit: [0.60, 0.90, 0.80, 0.60],Nível: [Junior, Middle, Senior, Master],Total Fit: 0.52
Cromossomo: 173,IDs: [45, 16, 29, 85],Nomes: [Dev45, Dev16, Dev29, Dev85],Fit: [0.70, 0.60, 0.80, 0.80],Nível: [Junior, Middle, Senior, Master],Total Fit: 0.20
Cromossomo: 174,IDs: [55, 28, 65, 89],Nomes: [Dev55, Dev28, Dev65, Dev89],Fit: [0.70, 0.80, 0.60, 0.80],Nível: [Junior, Middle, Senior, Master],Total Fit: 0.15
Cromossomo: 175,IDs: [82, 48, 17, 46],Nomes: [Dev82, Dev48, Dev17, Dev46],Fit: [0.70, 0.90, 0.70, 0.80],Nível: [Junior, Middle, Senior, Master],Total Fit: 0.03
Cromossomo: 176,IDs: [104, 7, 38, 62],Nomes: [Dev104, Dev7, Dev38, Dev62],Fit: [0.60, 0.90, 0.80, 0.60],Nível: [Junior, Middle, Senior, Master],Total Fit: 0.52
Cromossomo: 177,IDs: [45, 16, 65, 89],Nomes: [Dev45, Dev16, Dev65, Dev89],Fit: [0.70, 0.60, 0.60, 0.80],Nível: [Junior, Middle, Senior, Master],Total Fit: 0.19
Cromossomo: 178,IDs: [55, 28, 29, 85],Nomes: [Dev55, Dev28, Dev29, Dev85],Fit: [0.70, 0.80, 0.80, 0.80],Nível: [Junior, Middle, Senior, Master],Total Fit: 0.03
Cromossomo: 179,IDs: [8, 94, 82, 46],Nomes: [Dev8, Dev94, Dev82, Dev46],Fit: [0.70, 0.60, 0.70, 0.80],Nível: [Middle, Senior, Junior, Master],Total Fit: 0.03
Cromossomo: 180,IDs: [104, 7, 38, 62],Nomes: [Dev104, Dev7, Dev38, Dev62],Fit: [0.60, 0.90, 0.80, 0.60],Nível: [Junior, Middle, Senior, Master],Total Fit: 0.52
Cromossomo: 181,IDs: [45, 16, 29, 85],Nomes: [Dev45, Dev16, Dev29, Dev85],Fit: [0.70, 0.60, 0.80, 0.80],Nível: [Junior, Middle, Senior, Master],Total Fit: 0.20
Cromossomo: 182,IDs: [55, 28, 65, 89],Nomes: [Dev55, Dev28, Dev65, Dev89],Fit: [0.70, 0.80, 0.60, 0.80],Nível: [Junior, Middle, Senior, Master],Total Fit: 0.15
Cromossomo: 183,IDs: [81, 97, 94, 46],Nomes: [Dev81, Dev97, Dev94, Dev46],Fit: [0.80, 0.70, 0.60, 0.80],Nível: [Junior, Middle, Senior, Master],Total Fit: 0.03
Cromossomo: 184,IDs: [104, 7, 38, 62],Nomes: [Dev104, Dev7, Dev38, Dev62],Fit: [0.60, 0.90, 0.80, 0.60],Nível: [Junior, Middle, Senior, Master],Total Fit: 0.52
Cromossomo: 185,IDs: [45, 16, 94, 46],Nomes: [Dev45, Dev16, Dev94, Dev46],Fit: [0.70, 0.60, 0.60, 0.80],Nível: [Junior, Middle, Senior, Master],Total Fit: 0.19
Cromossomo: 186,IDs: [56, 48, 17, 89],Nomes: [Dev56, Dev48, Dev17, Dev89],Fit: [0.80, 0.90, 0.70, 0.80],Nível: [Junior, Middle, Senior, Master],Total Fit: 0.03
Cromossomo: 187,IDs: [81, 97, 29, 85],Nomes: [Dev81, Dev97, Dev29, Dev85],Fit: [0.80, 0.70, 0.80, 0.80],Nível: [Junior, Middle, Senior, Master],Total Fit: 0.03
Cromossomo: 188,IDs: [104, 7, 38, 62],Nomes: [Dev104, Dev7, Dev38, Dev62],Fit: [0.60, 0.90, 0.80, 0.60],Nível: [Junior, Middle, Senior, Master],Total Fit: 0.52
Cromossomo: 189,IDs: [45, 16, 29, 85],Nomes: [Dev45, Dev16, Dev29, Dev85],Fit: [0.70, 0.60, 0.80, 0.80],Nível: [Junior, Middle, Senior, Master],Total Fit: 0.20
Cromossomo: 190,IDs: [81, 97, 94, 46],Nomes: [Dev81, Dev97, Dev94, Dev46],Fit: [0.80, 0.70, 0.60, 0.80],Nível: [Junior, Middle, Senior, Master],Total Fit: 0.03
Cromossomo: 191,IDs: [47, 65, 8, 89],Nomes: [Dev47, Dev65, Dev8, Dev89],Fit: [0.80, 0.60, 0.70, 0.80],Nível: [Junior, Senior, Middle, Master],Total Fit: 0.03
Cromossomo: 192,IDs: [104, 7, 38, 62],Nomes: [Dev104, Dev7, Dev38, Dev62],Fit: [0.60, 0.90, 0.80, 0.60],Nível: [Junior, Middle, Senior, Master],Total Fit: 0.52
Cromossomo: 193,IDs: [55, 48, 27, 89],Nomes: [Dev55, Dev48, Dev27, Dev89],Fit: [0.70, 0.90, 0.70, 0.80],Nível: [Junior, Middle, Senior, Master],Total Fit: 0.12
Cromossomo: 194,IDs: [81, 16, 29, 46],Nomes: [Dev81, Dev16, Dev29, Dev46],Fit: [0.80, 0.60, 0.80, 0.80],Nível: [Junior, Middle, Senior, Master],Total Fit: 0.03
Cromossomo: 195,IDs: [45, 97, 94, 85],Nomes: [Dev45, Dev97, Dev94, Dev85],Fit: [0.70, 0.70, 0.60, 0.80],Nível: [Junior, Middle, Senior, Master],Total Fit: 0.03
Cromossomo: 196,IDs: [104, 7, 38, 62],Nomes: [Dev104, Dev7, Dev38, Dev62],Fit: [0.60, 0.90, 0.80, 0.60],Nível: [Junior, Middle, Senior, Master],Total Fit: 0.52
Cromossomo: 197,IDs: [81, 16, 27, 89],Nomes: [Dev81, Dev16, Dev27, Dev89],Fit: [0.80, 0.60, 0.70, 0.80],Nível: [Junior, Middle, Senior, Master],Total Fit: 0.14
Cromossomo: 198,IDs: [55, 48, 29, 46],Nomes: [Dev55, Dev48, Dev29, Dev46],Fit: [0.70, 0.90, 0.80, 0.80],Nível: [Junior, Middle, Senior, Master],Total Fit: 0.03
Cromossomo: 199,IDs: [47, 97, 17, 85],Nomes: [Dev47, Dev97, Dev17, Dev85],Fit: [0.80, 0.70, 0.70, 0.80],Nível: [Junior, Middle, Senior, Master],Total Fit: 0.03
Cromossomo: 200,IDs: [104, 7, 38, 62],Nomes: [Dev104, Dev7, Dev38, Dev62],Fit: [0.60, 0.90, 0.80, 0.60],Nível: [Junior, Middle, Senior, Master],Total Fit: 0.52
Cromossomo: 201,IDs: [53, 48, 94, 46],Nomes: [Dev53, Dev48, Dev94, Dev46],Fit: [0.60, 0.90, 0.60, 0.80],Nível: [Junior, Middle, Senior, Master],Total Fit: 0.17
Cromossomo: 202,IDs: [47, 16, 27, 85],Nomes: [Dev47, Dev16, Dev27, Dev85],Fit: [0.80, 0.60, 0.70, 0.80],Nível: [Junior, Middle, Senior, Master],Total Fit: 0.14
Cromossomo: 203,IDs: [81, 97, 17, 89],Nomes: [Dev81, Dev97, Dev17, Dev89],Fit: [0.80, 0.70, 0.70, 0.80],Nível: [Junior, Middle, Senior, Master],Total Fit: 0.03
Cromossomo: 204,IDs: [104, 7, 38, 62],Nomes: [Dev104, Dev7, Dev38, Dev62],Fit: [0.60, 0.90, 0.80, 0.60],Nível: [Junior, Middle, Senior, Master],Total Fit: 0.52
Cromossomo: 205,IDs: [53, 48, 27, 85],Nomes: [Dev53, Dev48, Dev27, Dev85],Fit: [0.60, 0.90, 0.70, 0.80],Nível: [Junior, Middle, Senior, Master],Total Fit: 0.12
Cromossomo: 206,IDs: [47, 16, 94, 46],Nomes: [Dev47, Dev16, Dev94, Dev46],Fit: [0.80, 0.60, 0.60, 0.80],Nível: [Junior, Middle, Senior, Master],Total Fit: 0.03
Cromossomo: 207,IDs: [],Nomes: [],Fit: [],Nível: [],Total Fit: 0.00
Cromossomo: 208,IDs: [104, 7, 38, 62],Nomes: [Dev104, Dev7, Dev38, Dev62],Fit: [0.60, 0.90, 0.80, 0.60],Nível: [Junior, Middle, Senior, Master],Total Fit: 0.52
Cromossomo: 209,IDs: [47, 48, 27, 46],Nomes: [Dev47, Dev48, Dev27, Dev46],Fit: [0.80, 0.90, 0.70, 0.80],Nível: [Junior, Middle, Senior, Master],Total Fit: 0.45
Cromossomo: 210,IDs: [97, 56, 65, 89],Nomes: [Dev97, Dev56, Dev65, Dev89],Fit: [0.70, 0.80, 0.60, 0.80],Nível: [Middle, Junior, Senior, Master],Total Fit: 0.03
Cromossomo: 211,IDs: [53, 16, 94, 85],Nomes: [Dev53, Dev16, Dev94, Dev85],Fit: [0.60, 0.60, 0.60, 0.80],Nível: [Junior, Middle, Senior, Master],Total Fit: 0.03
Cromossomo: 212,IDs: [53, 16, 27, 46],Nomes: [Dev53, Dev16, Dev27, Dev46],Fit: [0.60, 0.60, 0.70, 0.80],Nível: [Junior, Middle, Senior, Master],Total Fit: 0.57
Cromossomo: 213,IDs: [104, 7, 38, 62],Nomes: [Dev104, Dev7, Dev38, Dev62],Fit: [0.60, 0.90, 0.80, 0.60],Nível: [Junior, Middle, Senior, Master],Total Fit: 0.52
Cromossomo: 214,IDs: [47, 48, 94, 85],Nomes: [Dev47, Dev48, Dev94, Dev85],Fit: [0.80, 0.90, 0.60, 0.80],Nível: [Junior, Middle, Senior, Master],Total Fit: 0.03
Cromossomo: 215,IDs: [55, 97, 17, 89],Nomes: [Dev55, Dev97, Dev17, Dev89],Fit: [0.70, 0.70, 0.70, 0.80],Nível: [Junior, Middle, Senior, Master],Total Fit: 0.03
Cromossomo: 216,IDs: [53, 16, 27, 46],Nomes: [Dev53, Dev16, Dev27, Dev46],Fit: [0.60, 0.60, 0.70, 0.80],Nível: [Junior, Middle, Senior, Master],Total Fit: 0.57
Cromossomo: 217,IDs: [55, 97, 38, 62],Nomes: [Dev55, Dev97, Dev38, Dev62],Fit: [0.70, 0.70, 0.80, 0.60],Nível: [Junior, Middle, Senior, Master],Total Fit: 0.22
Cromossomo: 218,IDs: [82, 28, 29, 85],Nomes: [Dev82, Dev28, Dev29, Dev85],Fit: [0.70, 0.80, 0.80, 0.80],Nível: [Junior, Middle, Senior, Master],Total Fit: 0.19
Cromossomo: 219,IDs: [104, 7, 17, 89],Nomes: [Dev104, Dev7, Dev17, Dev89],Fit: [0.60, 0.90, 0.70, 0.80],Nível: [Junior, Middle, Senior, Master],Total Fit: 0.03
Cromossomo: 220,IDs: [53, 16, 27, 46],Nomes: [Dev53, Dev16, Dev27, Dev46],Fit: [0.60, 0.60, 0.70, 0.80],Nível: [Junior, Middle, Senior, Master],Total Fit: 0.57
Cromossomo: 221,IDs: [56, 7, 65, 89],Nomes: [Dev56, Dev7, Dev65, Dev89],Fit: [0.80, 0.90, 0.60, 0.80],Nível: [Junior, Middle, Senior, Master],Total Fit: 0.56
Cromossomo: 222,IDs: [55, 28, 29, 62],Nomes: [Dev55, Dev28, Dev29, Dev62],Fit: [0.70, 0.80, 0.80, 0.60],Nível: [Junior, Middle, Senior, Master],Total Fit: 0.35
Cromossomo: 223,IDs: [82, 97, 38, 85],Nomes: [Dev82, Dev97, Dev38, Dev85],Fit: [0.70, 0.70, 0.80, 0.80],Nível: [Junior, Middle, Senior, Master],Total Fit: 0.24
Cromossomo: 224,IDs: [56, 7, 38, 85],Nomes: [Dev56, Dev7, Dev38, Dev85],Fit: [0.80, 0.90, 0.80, 0.80],Nível: [Junior, Middle, Senior, Master],Total Fit: 0.59
Cromossomo: 225,IDs: [53, 16, 27, 46],Nomes: [Dev53, Dev16, Dev27, Dev46],Fit: [0.60, 0.60, 0.70, 0.80],Nível: [Junior, Middle, Senior, Master],Total Fit: 0.57
Cromossomo: 226,IDs: [82, 97, 65, 89],Nomes: [Dev82, Dev97, Dev65, Dev89],Fit: [0.70, 0.70, 0.60, 0.80],Nível: [Junior, Middle, Senior, Master],Total Fit: 0.03
Cromossomo: 227,IDs: [45, 28, 17, 62],Nomes: [Dev45, Dev28, Dev17, Dev62],Fit: [0.70, 0.80, 0.70, 0.60],Nível: [Junior, Middle, Senior, Master],Total Fit: 0.03
Cromossomo: 228,IDs: [56, 7, 38, 85],Nomes: [Dev56, Dev7, Dev38, Dev85],Fit: [0.80, 0.90, 0.80, 0.80],Nível: [Junior, Middle, Senior, Master],Total Fit: 0.59
Cromossomo: 229,IDs: [45, 16, 27, 62],Nomes: [Dev45, Dev16, Dev27, Dev62],Fit: [0.70, 0.60, 0.70, 0.60],Nível: [Junior, Middle, Senior, Master],Total Fit: 0.31
Cromossomo: 230,IDs: [53, 28, 17, 46],Nomes: [Dev53, Dev28, Dev17, Dev46],Fit: [0.60, 0.80, 0.70, 0.80],Nível: [Junior, Middle, Senior, Master],Total Fit: 0.20
Cromossomo: 231,IDs: [94, 97, 81, 89],Nomes: [Dev94, Dev97, Dev81, Dev89],Fit: [0.60, 0.70, 0.80, 0.80],Nível: [Senior, Middle, Junior, Master],Total Fit: 0.03
Cromossomo: 232,IDs: [56, 7, 38, 85],Nomes: [Dev56, Dev7, Dev38, Dev85],Fit: [0.80, 0.90, 0.80, 0.80],Nível: [Junior, Middle, Senior, Master],Total Fit: 0.59
Cromossomo: 233,IDs: [53, 16, 27, 46],Nomes: [Dev53, Dev16, Dev27, Dev46],Fit: [0.60, 0.60, 0.70, 0.80],Nível: [Junior, Middle, Senior, Master],Total Fit: 0.57
Cromossomo: 234,IDs: [104, 48, 29, 89],Nomes: [Dev104, Dev48, Dev29, Dev89],Fit: [0.60, 0.90, 0.80, 0.80],Nível: [Junior, Middle, Senior, Master],Total Fit: 0.03
Cromossomo: 235,IDs: [45, 28, 17, 62],Nomes: [Dev45, Dev28, Dev17, Dev62],Fit: [0.70, 0.80, 0.70, 0.60],Nível: [Junior, Middle, Senior, Master],Total Fit: 0.03
Cromossomo: 236,IDs: [56, 7, 38, 85],Nomes: [Dev56, Dev7, Dev38, Dev85],Fit: [0.80, 0.90, 0.80, 0.80],Nível: [Junior, Middle, Senior, Master],Total Fit: 0.59
Cromossomo: 237,IDs: [104, 48, 27, 46],Nomes: [Dev104, Dev48, Dev27, Dev46],Fit: [0.60, 0.90, 0.70, 0.80],Nível: [Junior, Middle, Senior, Master],Total Fit: 0.42
Cromossomo: 238,IDs: [53, 16, 29, 89],Nomes: [Dev53, Dev16, Dev29, Dev89],Fit: [0.60, 0.60, 0.80, 0.80],Nível: [Junior, Middle, Senior, Master],Total Fit: 0.03
Cromossomo: 239,IDs: [55, 8, 94, 62],Nomes: [Dev55, Dev8, Dev94, Dev62],Fit: [0.70, 0.70, 0.60, 0.60],Nível: [Junior, Middle, Senior, Master],Total Fit: 0.03
Cromossomo: 240,IDs: [56, 7, 38, 85],Nomes: [Dev56, Dev7, Dev38, Dev85],Fit: [0.80, 0.90, 0.80, 0.80],Nível: [Junior, Middle, Senior, Master],Total Fit: 0.59
Cromossomo: 241,IDs: [55, 8, 27, 46],Nomes: [Dev55, Dev8, Dev27, Dev46],Fit: [0.70, 0.70, 0.70, 0.80],Nível: [Junior, Middle, Senior, Master],Total Fit: 0.29
Cromossomo: 242,IDs: [16, 47, 17, 89],Nomes: [Dev16, Dev47, Dev17, Dev89],Fit: [0.60, 0.80, 0.70, 0.80],Nível: [Middle, Junior, Senior, Master],Total Fit: 0.03
Cromossomo: 243,IDs: [104, 48, 94, 62],Nomes: [Dev104, Dev48, Dev94, Dev62],Fit: [0.60, 0.90, 0.60, 0.60],Nível: [Junior, Middle, Senior, Master],Total Fit: 0.03
Cromossomo: 244,IDs: [56, 7, 38, 85],Nomes: [Dev56, Dev7, Dev38, Dev85],Fit: [0.80, 0.90, 0.80, 0.80],Nível: [Junior, Middle, Senior, Master],Total Fit: 0.59
Cromossomo: 245,IDs: [55, 48, 94, 46],Nomes: [Dev55, Dev48, Dev94, Dev46],Fit: [0.70, 0.90, 0.60, 0.80],Nível: [Junior, Middle, Senior, Master],Total Fit: 0.03
Cromossomo: 246,IDs: [16, 81, 29, 89],Nomes: [Dev16, Dev81, Dev29, Dev89],Fit: [0.60, 0.80, 0.80, 0.80],Nível: [Middle, Junior, Senior, Master],Total Fit: 0.03
Cromossomo: 247,IDs: [104, 8, 27, 62],Nomes: [Dev104, Dev8, Dev27, Dev62],Fit: [0.60, 0.70, 0.70, 0.60],Nível: [Junior, Middle, Senior, Master],Total Fit: 0.03
Cromossomo: 248,IDs: [56, 7, 38, 85],Nomes: [Dev56, Dev7, Dev38, Dev85],Fit: [0.80, 0.90, 0.80, 0.80],Nível: [Junior, Middle, Senior, Master],Total Fit: 0.59
Cromossomo: 249,IDs: [53, 28, 65, 89],Nomes: [Dev53, Dev28, Dev65, Dev89],Fit: [0.60, 0.80, 0.60, 0.80],Nível: [Junior, Middle, Senior, Master],Total Fit: 0.14
Cromossomo: 250,IDs: [55, 48, 27, 62],Nomes: [Dev55, Dev48, Dev27, Dev62],Fit: [0.70, 0.90, 0.70, 0.60],Nível: [Junior, Middle, Senior, Master],Total Fit: 0.12
Cromossomo: 251,IDs: [104, 8, 94, 46],Nomes: [Dev104, Dev8, Dev94, Dev46],Fit: [0.60, 0.70, 0.60, 0.80],Nível: [Junior, Middle, Senior, Master],Total Fit: 0.03
Cromossomo: 252,IDs: [56, 7, 38, 85],Nomes: [Dev56, Dev7, Dev38, Dev85],Fit: [0.80, 0.90, 0.80, 0.80],Nível: [Junior, Middle, Senior, Master],Total Fit: 0.59
Cromossomo: 253,IDs: [55, 28, 65, 62],Nomes: [Dev55, Dev28, Dev65, Dev62],Fit: [0.70, 0.80, 0.60, 0.60],Nível: [Junior, Middle, Senior, Master],Total Fit: 0.14
Cromossomo: 254,IDs: [53, 48, 27, 89],Nomes: [Dev53, Dev48, Dev27, Dev89],Fit: [0.60, 0.90, 0.70, 0.80],Nível: [Junior, Middle, Senior, Master],Total Fit: 0.12
Cromossomo: 255,IDs: [82, 16, 17, 46],Nomes: [Dev82, Dev16, Dev17, Dev46],Fit: [0.70, 0.60, 0.70, 0.80],Nível: [Junior, Middle, Senior, Master],Total Fit: 0.03
Cromossomo: 256,IDs: [56, 7, 38, 85],Nomes: [Dev56, Dev7, Dev38, Dev85],Fit: [0.80, 0.90, 0.80, 0.80],Nível: [Junior, Middle, Senior, Master],Total Fit: 0.59
Cromossomo: 257,IDs: [55, 28, 27, 89],Nomes: [Dev55, Dev28, Dev27, Dev89],Fit: [0.70, 0.80, 0.70, 0.80],Nível: [Junior, Middle, Senior, Master],Total Fit: 0.03
Cromossomo: 258,IDs: [53, 48, 65, 62],Nomes: [Dev53, Dev48, Dev65, Dev62],Fit: [0.60, 0.90, 0.60, 0.60],Nível: [Junior, Middle, Senior, Master],Total Fit: 0.03
Cromossomo: 259,IDs: [16, 82, 94, 46],Nomes: [Dev16, Dev82, Dev94, Dev46],Fit: [0.60, 0.70, 0.60, 0.80],Nível: [Middle, Junior, Senior, Master],Total Fit: 0.03
Cromossomo: 260,IDs: [56, 7, 38, 85],Nomes: [Dev56, Dev7, Dev38, Dev85],Fit: [0.80, 0.90, 0.80, 0.80],Nível: [Junior, Middle, Senior, Master],Total Fit: 0.59
Cromossomo: 261,IDs: [82, 16, 29, 46],Nomes: [Dev82, Dev16, Dev29, Dev46],Fit: [0.70, 0.60, 0.80, 0.80],Nível: [Junior, Middle, Senior, Master],Total Fit: 0.17
Cromossomo: 262,IDs: [55, 28, 65, 62],Nomes: [Dev55, Dev28, Dev65, Dev62],Fit: [0.70, 0.80, 0.60, 0.60],Nível: [Junior, Middle, Senior, Master],Total Fit: 0.14
Cromossomo: 263,IDs: [53, 48, 27, 89],Nomes: [Dev53, Dev48, Dev27, Dev89],Fit: [0.60, 0.90, 0.70, 0.80],Nível: [Junior, Middle, Senior, Master],Total Fit: 0.12
Cromossomo: 264,IDs: [56, 7, 38, 85],Nomes: [Dev56, Dev7, Dev38, Dev85],Fit: [0.80, 0.90, 0.80, 0.80],Nível: [Junior, Middle, Senior, Master],Total Fit: 0.59
Cromossomo: 265,IDs: [82, 16, 65, 62],Nomes: [Dev82, Dev16, Dev65, Dev62],Fit: [0.70, 0.60, 0.60, 0.60],Nível: [Junior, Middle, Senior, Master],Total Fit: 0.15
Cromossomo: 266,IDs: [55, 28, 29, 46],Nomes: [Dev55, Dev28, Dev29, Dev46],Fit: [0.70, 0.80, 0.80, 0.80],Nível: [Junior, Middle, Senior, Master],Total Fit: 0.03
Cromossomo: 267,IDs: [104, 97, 94, 89],Nomes: [Dev104, Dev97, Dev94, Dev89],Fit: [0.60, 0.70, 0.60, 0.80],Nível: [Junior, Middle, Senior, Master],Total Fit: 0.03
Cromossomo: 268,IDs: [56, 7, 38, 85],Nomes: [Dev56, Dev7, Dev38, Dev85],Fit: [0.80, 0.90, 0.80, 0.80],Nível: [Junior, Middle, Senior, Master],Total Fit: 0.59
Cromossomo: 269,IDs: [82, 97, 94, 62],Nomes: [Dev82, Dev97, Dev94, Dev62],Fit: [0.70, 0.70, 0.60, 0.60],Nível: [Junior, Middle, Senior, Master],Total Fit: 0.16
Cromossomo: 270,IDs: [29, 55, 8, 46],Nomes: [Dev29, Dev55, Dev8, Dev46],Fit: [0.80, 0.70, 0.70, 0.80],Nível: [Senior, Junior, Middle, Master],Total Fit: 0.03
Cromossomo: 271,IDs: [104, 16, 65, 89],Nomes: [Dev104, Dev16, Dev65, Dev89],Fit: [0.60, 0.60, 0.60, 0.80],Nível: [Junior, Middle, Senior, Master],Total Fit: 0.03
Cromossomo: 272,IDs: [56, 7, 38, 85],Nomes: [Dev56, Dev7, Dev38, Dev85],Fit: [0.80, 0.90, 0.80, 0.80],Nível: [Junior, Middle, Senior, Master],Total Fit: 0.59
Cromossomo: 273,IDs: [81, 28, 27, 46],Nomes: [Dev81, Dev28, Dev27, Dev46],Fit: [0.80, 0.80, 0.70, 0.80],Nível: [Junior, Middle, Senior, Master],Total Fit: 0.31
Cromossomo: 274,IDs: [82, 16, 65, 62],Nomes: [Dev82, Dev16, Dev65, Dev62],Fit: [0.70, 0.60, 0.60, 0.60],Nível: [Junior, Middle, Senior, Master],Total Fit: 0.15
Cromossomo: 275,IDs: [104, 97, 94, 89],Nomes: [Dev104, Dev97, Dev94, Dev89],Fit: [0.60, 0.70, 0.60, 0.80],Nível: [Junior, Middle, Senior, Master],Total Fit: 0.03
Cromossomo: 276,IDs: [56, 7, 38, 85],Nomes: [Dev56, Dev7, Dev38, Dev85],Fit: [0.80, 0.90, 0.80, 0.80],Nível: [Junior, Middle, Senior, Master],Total Fit: 0.59
Cromossomo: 277,IDs: [82, 16, 27, 46],Nomes: [Dev82, Dev16, Dev27, Dev46],Fit: [0.70, 0.60, 0.70, 0.80],Nível: [Junior, Middle, Senior, Master],Total Fit: 0.42
Cromossomo: 278,IDs: [81, 28, 65, 62],Nomes: [Dev81, Dev28, Dev65, Dev62],Fit: [0.80, 0.80, 0.60, 0.60],Nível: [Junior, Middle, Senior, Master],Total Fit: 0.14
Cromossomo: 279,IDs: [8, 53, 89, 94],Nomes: [Dev8, Dev53, Dev89, Dev94],Fit: [0.70, 0.60, 0.80, 0.60],Nível: [Middle, Junior, Master, Senior],Total Fit: 0.03
Cromossomo: 280,IDs: [56, 7, 38, 85],Nomes: [Dev56, Dev7, Dev38, Dev85],Fit: [0.80, 0.90, 0.80, 0.80],Nível: [Junior, Middle, Senior, Master],Total Fit: 0.59
Cromossomo: 281,IDs: [81, 28, 27, 46],Nomes: [Dev81, Dev28, Dev27, Dev46],Fit: [0.80, 0.80, 0.70, 0.80],Nível: [Junior, Middle, Senior, Master],Total Fit: 0.31
Cromossomo: 282,IDs: [82, 16, 65, 62],Nomes: [Dev82, Dev16, Dev65, Dev62],Fit: [0.70, 0.60, 0.60, 0.60],Nível: [Junior, Middle, Senior, Master],Total Fit: 0.15
Cromossomo: 283,IDs: [89, 17, 53, 48],Nomes: [Dev89, Dev17, Dev53, Dev48],Fit: [0.80, 0.70, 0.60, 0.90],Nível: [Master, Senior, Junior, Middle],Total Fit: 0.03
Cromossomo: 284,IDs: [56, 7, 38, 85],Nomes: [Dev56, Dev7, Dev38, Dev85],Fit: [0.80, 0.90, 0.80, 0.80],Nível: [Junior, Middle, Senior, Master],Total Fit: 0.59
Cromossomo: 285,IDs: [82, 28, 27, 62],Nomes: [Dev82, Dev28, Dev27, Dev62],Fit: [0.70, 0.80, 0.70, 0.60],Nível: [Junior, Middle, Senior, Master],Total Fit: 0.17
Cromossomo: 286,IDs: [81, 16, 65, 46],Nomes: [Dev81, Dev16, Dev65, Dev46],Fit: [0.80, 0.60, 0.60, 0.80],Nível: [Junior, Middle, Senior, Master],Total Fit: 0.03
Cromossomo: 287,IDs: [],Nomes: [],Fit: [],Nível: [],Total Fit: 0.00
Cromossomo: 288,IDs: [56, 7, 38, 85],Nomes: [Dev56, Dev7, Dev38, Dev85],Fit: [0.80, 0.90, 0.80, 0.80],Nível: [Junior, Middle, Senior, Master],Total Fit: 0.59
Cromossomo: 289,IDs: [82, 28, 65, 46],Nomes: [Dev82, Dev28, Dev65, Dev46],Fit: [0.70, 0.80, 0.60, 0.80],Nível: [Junior, Middle, Senior, Master],Total Fit: 0.15
Cromossomo: 290,IDs: [81, 16, 27, 62],Nomes: [Dev81, Dev16, Dev27, Dev62],Fit: [0.80, 0.60, 0.70, 0.60],Nível: [Junior, Middle, Senior, Master],Total Fit: 0.13
Cromossomo: 291,IDs: [53, 29, 8, 89],Nomes: [Dev53, Dev29, Dev8, Dev89],Fit: [0.60, 0.80, 0.70, 0.80],Nível: [Junior, Senior, Middle, Master],Total Fit: 0.03
Cromossomo: 292,IDs: [56, 7, 38, 85],Nomes: [Dev56, Dev7, Dev38, Dev85],Fit: [0.80, 0.90, 0.80, 0.80],Nível: [Junior, Middle, Senior, Master],Total Fit: 0.59
Cromossomo: 293,IDs: [82, 28, 27, 62],Nomes: [Dev82, Dev28, Dev27, Dev62],Fit: [0.70, 0.80, 0.70, 0.60],Nível: [Junior, Middle, Senior, Master],Total Fit: 0.17
Cromossomo: 294,IDs: [53, 89, 48, 94],Nomes: [Dev53, Dev89, Dev48, Dev94],Fit: [0.60, 0.80, 0.90, 0.60],Nível: [Junior, Master, Middle, Senior],Total Fit: 0.03
Cromossomo: 295,IDs: [81, 16, 65, 46],Nomes: [Dev81, Dev16, Dev65, Dev46],Fit: [0.80, 0.60, 0.60, 0.80],Nível: [Junior, Middle, Senior, Master],Total Fit: 0.03
Cromossomo: 296,IDs: [56, 7, 38, 85],Nomes: [Dev56, Dev7, Dev38, Dev85],Fit: [0.80, 0.90, 0.80, 0.80],Nível: [Junior, Middle, Senior, Master],Total Fit: 0.59
Cromossomo: 297,IDs: [82, 28, 65, 46],Nomes: [Dev82, Dev28, Dev65, Dev46],Fit: [0.70, 0.80, 0.60, 0.80],Nível: [Junior, Middle, Senior, Master],Total Fit: 0.15
Cromossomo: 298,IDs: [81, 16, 27, 62],Nomes: [Dev81, Dev16, Dev27, Dev62],Fit: [0.80, 0.60, 0.70, 0.60],Nível: [Junior, Middle, Senior, Master],Total Fit: 0.13
Cromossomo: 299,IDs: [53, 89, 8, 94],Nomes: [Dev53, Dev89, Dev8, Dev94],Fit: [0.60, 0.80, 0.70, 0.60],Nível: [Junior, Master, Middle, Senior],Total Fit: 0.03
Cromossomo: 300,IDs: [56, 7, 38, 85],Nomes: [Dev56, Dev7, Dev38, Dev85],Fit: [0.80, 0.90, 0.80, 0.80],Nível: [Junior, Middle, Senior, Master],Total Fit: 0.59
Cromossomo: 301,IDs: [82, 28, 27, 62],Nomes: [Dev82, Dev28, Dev27, Dev62],Fit: [0.70, 0.80, 0.70, 0.60],Nível: [Junior, Middle, Senior, Master],Total Fit: 0.17
Cromossomo: 302,IDs: [45, 97, 17, 89],Nomes: [Dev45, Dev97, Dev17, Dev89],Fit: [0.70, 0.70, 0.70, 0.80],Nível: [Junior, Middle, Senior, Master],Total Fit: 0.03
Cromossomo: 303,IDs: [81, 16, 65, 46],Nomes: [Dev81, Dev16, Dev65, Dev46],Fit: [0.80, 0.60, 0.60, 0.80],Nível: [Junior, Middle, Senior, Master],Total Fit: 0.03
Cromossomo: 304,IDs: [56, 7, 38, 85],Nomes: [Dev56, Dev7, Dev38, Dev85],Fit: [0.80, 0.90, 0.80, 0.80],Nível: [Junior, Middle, Senior, Master],Total Fit: 0.59
Cromossomo: 305,IDs: [53, 48, 29, 46],Nomes: [Dev53, Dev48, Dev29, Dev46],Fit: [0.60, 0.90, 0.80, 0.80],Nível: [Junior, Middle, Senior, Master],Total Fit: 0.19
Cromossomo: 306,IDs: [82, 28, 17, 89],Nomes: [Dev82, Dev28, Dev17, Dev89],Fit: [0.70, 0.80, 0.70, 0.80],Nível: [Junior, Middle, Senior, Master],Total Fit: 0.03
Cromossomo: 307,IDs: [45, 97, 27, 62],Nomes: [Dev45, Dev97, Dev27, Dev62],Fit: [0.70, 0.70, 0.70, 0.60],Nível: [Junior, Middle, Senior, Master],Total Fit: 0.03
Cromossomo: 308,IDs: [56, 7, 38, 85],Nomes: [Dev56, Dev7, Dev38, Dev85],Fit: [0.80, 0.90, 0.80, 0.80],Nível: [Junior, Middle, Senior, Master],Total Fit: 0.59
Cromossomo: 309,IDs: [53, 48, 27, 62],Nomes: [Dev53, Dev48, Dev27, Dev62],Fit: [0.60, 0.90, 0.70, 0.60],Nível: [Junior, Middle, Senior, Master],Total Fit: 0.11
Cromossomo: 310,IDs: [45, 97, 29, 46],Nomes: [Dev45, Dev97, Dev29, Dev46],Fit: [0.70, 0.70, 0.80, 0.80],Nível: [Junior, Middle, Senior, Master],Total Fit: 0.03
Cromossomo: 311,IDs: [104, 8, 17, 89],Nomes: [Dev104, Dev8, Dev17, Dev89],Fit: [0.60, 0.70, 0.70, 0.80],Nível: [Junior, Middle, Senior, Master],Total Fit: 0.03
Cromossomo: 312,IDs: [56, 7, 38, 85],Nomes: [Dev56, Dev7, Dev38, Dev85],Fit: [0.80, 0.90, 0.80, 0.80],Nível: [Junior, Middle, Senior, Master],Total Fit: 0.59
Cromossomo: 313,IDs: [82, 16, 65, 62],Nomes: [Dev82, Dev16, Dev65, Dev62],Fit: [0.70, 0.60, 0.60, 0.60],Nível: [Junior, Middle, Senior, Master],Total Fit: 0.15
Cromossomo: 314,IDs: [104, 8, 29, 46],Nomes: [Dev104, Dev8, Dev29, Dev46],Fit: [0.60, 0.70, 0.80, 0.80],Nível: [Junior, Middle, Senior, Master],Total Fit: 0.03
Cromossomo: 315,IDs: [45, 97, 17, 89],Nomes: [Dev45, Dev97, Dev17, Dev89],Fit: [0.70, 0.70, 0.70, 0.80],Nível: [Junior, Middle, Senior, Master],Total Fit: 0.03
Cromossomo: 316,IDs: [56, 7, 38, 85],Nomes: [Dev56, Dev7, Dev38, Dev85],Fit: [0.80, 0.90, 0.80, 0.80],Nível: [Junior, Middle, Senior, Master],Total Fit: 0.59
Cromossomo: 317,IDs: [45, 16, 65, 89],Nomes: [Dev45, Dev16, Dev65, Dev89],Fit: [0.70, 0.60, 0.60, 0.80],Nível: [Junior, Middle, Senior, Master],Total Fit: 0.19
Cromossomo: 318,IDs: [94, 53, 48, 46],Nomes: [Dev94, Dev53, Dev48, Dev46],Fit: [0.60, 0.60, 0.90, 0.80],Nível: [Senior, Junior, Middle, Master],Total Fit: 0.17
Cromossomo: 319,IDs: [82, 97, 17, 62],Nomes: [Dev82, Dev97, Dev17, Dev62],Fit: [0.70, 0.70, 0.70, 0.60],Nível: [Junior, Middle, Senior, Master],Total Fit: 0.16
Cromossomo: 320,IDs: [56, 7, 38, 85],Nomes: [Dev56, Dev7, Dev38, Dev85],Fit: [0.80, 0.90, 0.80, 0.80],Nível: [Junior, Middle, Senior, Master],Total Fit: 0.59
Cromossomo: 321,IDs: [47, 28, 27, 46],Nomes: [Dev47, Dev28, Dev27, Dev46],Fit: [0.80, 0.80, 0.70, 0.80],Nível: [Junior, Middle, Senior, Master],Total Fit: 0.31
Cromossomo: 322,IDs: [82, 16, 65, 62],Nomes: [Dev82, Dev16, Dev65, Dev62],Fit: [0.70, 0.60, 0.60, 0.60],Nível: [Junior, Middle, Senior, Master],Total Fit: 0.15
Cromossomo: 323,IDs: [45, 97, 17, 89],Nomes: [Dev45, Dev97, Dev17, Dev89],Fit: [0.70, 0.70, 0.70, 0.80],Nível: [Junior, Middle, Senior, Master],Total Fit: 0.03
Cromossomo: 324,IDs: [56, 7, 38, 85],Nomes: [Dev56, Dev7, Dev38, Dev85],Fit: [0.80, 0.90, 0.80, 0.80],Nível: [Junior, Middle, Senior, Master],Total Fit: 0.59
Cromossomo: 325,IDs: [82, 16, 27, 46],Nomes: [Dev82, Dev16, Dev27, Dev46],Fit: [0.70, 0.60, 0.70, 0.80],Nível: [Junior, Middle, Senior, Master],Total Fit: 0.42
Cromossomo: 326,IDs: [47, 28, 65, 62],Nomes: [Dev47, Dev28, Dev65, Dev62],Fit: [0.80, 0.80, 0.60, 0.60],Nível: [Junior, Middle, Senior, Master],Total Fit: 0.14
Cromossomo: 327,IDs: [53, 29, 89, 48],Nomes: [Dev53, Dev29, Dev89, Dev48],Fit: [0.60, 0.80, 0.80, 0.90],Nível: [Junior, Senior, Master, Middle],Total Fit: 0.03
Cromossomo: 328,IDs: [56, 7, 38, 85],Nomes: [Dev56, Dev7, Dev38, Dev85],Fit: [0.80, 0.90, 0.80, 0.80],Nível: [Junior, Middle, Senior, Master],Total Fit: 0.59
Cromossomo: 329,IDs: [47, 28, 27, 46],Nomes: [Dev47, Dev28, Dev27, Dev46],Fit: [0.80, 0.80, 0.70, 0.80],Nível: [Junior, Middle, Senior, Master],Total Fit: 0.31
Cromossomo: 330,IDs: [82, 16, 65, 62],Nomes: [Dev82, Dev16, Dev65, Dev62],Fit: [0.70, 0.60, 0.60, 0.60],Nível: [Junior, Middle, Senior, Master],Total Fit: 0.15
Cromossomo: 331,IDs: [17, 104, 48, 89],Nomes: [Dev17, Dev104, Dev48, Dev89],Fit: [0.70, 0.60, 0.90, 0.80],Nível: [Senior, Junior, Middle, Master],Total Fit: 0.03
Cromossomo: 332,IDs: [56, 7, 38, 85],Nomes: [Dev56, Dev7, Dev38, Dev85],Fit: [0.80, 0.90, 0.80, 0.80],Nível: [Junior, Middle, Senior, Master],Total Fit: 0.59
Cromossomo: 333,IDs: [82, 28, 27, 62],Nomes: [Dev82, Dev28, Dev27, Dev62],Fit: [0.70, 0.80, 0.70, 0.60],Nível: [Junior, Middle, Senior, Master],Total Fit: 0.17
Cromossomo: 334,IDs: [47, 16, 65, 46],Nomes: [Dev47, Dev16, Dev65, Dev46],Fit: [0.80, 0.60, 0.60, 0.80],Nível: [Junior, Middle, Senior, Master],Total Fit: 0.03
Cromossomo: 335,IDs: [55, 97, 94, 89],Nomes: [Dev55, Dev97, Dev94, Dev89],Fit: [0.70, 0.70, 0.60, 0.80],Nível: [Junior, Middle, Senior, Master],Total Fit: 0.03
Cromossomo: 336,IDs: [56, 7, 38, 85],Nomes: [Dev56, Dev7, Dev38, Dev85],Fit: [0.80, 0.90, 0.80, 0.80],Nível: [Junior, Middle, Senior, Master],Total Fit: 0.59
Cromossomo: 337,IDs: [82, 97, 94, 62],Nomes: [Dev82, Dev97, Dev94, Dev62],Fit: [0.70, 0.70, 0.60, 0.60],Nível: [Junior, Middle, Senior, Master],Total Fit: 0.16
Cromossomo: 338,IDs: [55, 269, 27, 89],Nomes: [Dev55, Dev269, Dev27, Dev89],Fit: [0.70, 0.80, 0.70, 0.80],Nível: [Junior, Middle, Senior, Master],Total Fit: 0.12
Cromossomo: 339,IDs: [],Nomes: [],Fit: [],Nível: [],Total Fit: 0.00
Cromossomo: 340,IDs: [56, 7, 38, 85],Nomes: [Dev56, Dev7, Dev38, Dev85],Fit: [0.80, 0.90, 0.80, 0.80],Nível: [Junior, Middle, Senior, Master],Total Fit: 0.59
Cromossomo: 341,IDs: [82, 269, 27, 62],Nomes: [Dev82, Dev269, Dev27, Dev62],Fit: [0.70, 0.80, 0.70, 0.60],Nível: [Junior, Middle, Senior, Master],Total Fit: 0.17
Cromossomo: 342,IDs: [29, 81, 28, 46],Nomes: [Dev29, Dev81, Dev28, Dev46],Fit: [0.80, 0.80, 0.80, 0.80],Nível: [Senior, Junior, Middle, Master],Total Fit: 0.03
Cromossomo: 343,IDs: [55, 97, 94, 89],Nomes: [Dev55, Dev97, Dev94, Dev89],Fit: [0.70, 0.70, 0.60, 0.80],Nível: [Junior, Middle, Senior, Master],Total Fit: 0.03
Cromossomo: 344,IDs: [56, 7, 38, 85],Nomes: [Dev56, Dev7, Dev38, Dev85],Fit: [0.80, 0.90, 0.80, 0.80],Nível: [Junior, Middle, Senior, Master],Total Fit: 0.59
Cromossomo: 345,IDs: [82, 269, 94, 89],Nomes: [Dev82, Dev269, Dev94, Dev89],Fit: [0.70, 0.80, 0.60, 0.80],Nível: [Junior, Middle, Senior, Master],Total Fit: 0.12
Cromossomo: 346,IDs: [45, 48, 65, 46],Nomes: [Dev45, Dev48, Dev65, Dev46],Fit: [0.70, 0.90, 0.60, 0.80],Nível: [Junior, Middle, Senior, Master],Total Fit: 0.03
Cromossomo: 347,IDs: [55, 97, 27, 62],Nomes: [Dev55, Dev97, Dev27, Dev62],Fit: [0.70, 0.70, 0.70, 0.60],Nível: [Junior, Middle, Senior, Master],Total Fit: 0.03
Cromossomo: 348,IDs: [56, 7, 38, 85],Nomes: [Dev56, Dev7, Dev38, Dev85],Fit: [0.80, 0.90, 0.80, 0.80],Nível: [Junior, Middle, Senior, Master],Total Fit: 0.59
Cromossomo: 349,IDs: [45, 48, 94, 89],Nomes: [Dev45, Dev48, Dev94, Dev89],Fit: [0.70, 0.90, 0.60, 0.80],Nível: [Junior, Middle, Senior, Master],Total Fit: 0.03
Cromossomo: 350,IDs: [82, 269, 65, 46],Nomes: [Dev82, Dev269, Dev65, Dev46],Fit: [0.70, 0.80, 0.60, 0.80],Nível: [Junior, Middle, Senior, Master],Total Fit: 0.03
Cromossomo: 351,IDs: [53, 97, 17, 62],Nomes: [Dev53, Dev97, Dev17, Dev62],Fit: [0.60, 0.70, 0.70, 0.60],Nível: [Junior, Middle, Senior, Master],Total Fit: 0.03
Cromossomo: 352,IDs: [56, 7, 38, 85],Nomes: [Dev56, Dev7, Dev38, Dev85],Fit: [0.80, 0.90, 0.80, 0.80],Nível: [Junior, Middle, Senior, Master],Total Fit: 0.59
Cromossomo: 353,IDs: [82, 269, 17, 62],Nomes: [Dev82, Dev269, Dev17, Dev62],Fit: [0.70, 0.80, 0.70, 0.60],Nível: [Junior, Middle, Senior, Master],Total Fit: 0.17
Cromossomo: 354,IDs: [53, 97, 65, 46],Nomes: [Dev53, Dev97, Dev65, Dev46],Fit: [0.60, 0.70, 0.60, 0.80],Nível: [Junior, Middle, Senior, Master],Total Fit: 0.16
Cromossomo: 355,IDs: [47, 16, 94, 89],Nomes: [Dev47, Dev16, Dev94, Dev89],Fit: [0.80, 0.60, 0.60, 0.80],Nível: [Junior, Middle, Senior, Master],Total Fit: 0.03
Cromossomo: 356,IDs: [56, 7, 38, 85],Nomes: [Dev56, Dev7, Dev38, Dev85],Fit: [0.80, 0.90, 0.80, 0.80],Nível: [Junior, Middle, Senior, Master],Total Fit: 0.59
Cromossomo: 357,IDs: [47, 16, 65, 46],Nomes: [Dev47, Dev16, Dev65, Dev46],Fit: [0.80, 0.60, 0.60, 0.80],Nível: [Junior, Middle, Senior, Master],Total Fit: 0.03
Cromossomo: 358,IDs: [53, 97, 94, 89],Nomes: [Dev53, Dev97, Dev94, Dev89],Fit: [0.60, 0.70, 0.60, 0.80],Nível: [Junior, Middle, Senior, Master],Total Fit: 0.03
Cromossomo: 359,IDs: [],Nomes: [],Fit: [],Nível: [],Total Fit: 0.00
Cromossomo: 360,IDs: [56, 7, 38, 85],Nomes: [Dev56, Dev7, Dev38, Dev85],Fit: [0.80, 0.90, 0.80, 0.80],Nível: [Junior, Middle, Senior, Master],Total Fit: 0.59
Cromossomo: 361,IDs: [53, 97, 65, 46],Nomes: [Dev53, Dev97, Dev65, Dev46],Fit: [0.60, 0.70, 0.60, 0.80],Nível: [Junior, Middle, Senior, Master],Total Fit: 0.16
Cromossomo: 362,IDs: [47, 16, 94, 89],Nomes: [Dev47, Dev16, Dev94, Dev89],Fit: [0.80, 0.60, 0.60, 0.80],Nível: [Junior, Middle, Senior, Master],Total Fit: 0.03
Cromossomo: 363,IDs: [28, 104, 27, 62],Nomes: [Dev28, Dev104, Dev27, Dev62],Fit: [0.80, 0.60, 0.70, 0.60],Nível: [Middle, Junior, Senior, Master],Total Fit: 0.03
Cromossomo: 364,IDs: [48, 29, 62, 82],Nomes: [Dev48, Dev29, Dev62, Dev82],Fit: [0.90, 0.80, 0.60, 0.70],Nível: [Middle, Senior, Master, Junior],Total Fit: 0.72
Cromossomo: 365,IDs: [56, 7, 38, 85],Nomes: [Dev56, Dev7, Dev38, Dev85],Fit: [0.80, 0.90, 0.80, 0.80],Nível: [Junior, Middle, Senior, Master],Total Fit: 0.59
Cromossomo: 366,IDs: [47, 16, 65, 46],Nomes: [Dev47, Dev16, Dev65, Dev46],Fit: [0.80, 0.60, 0.60, 0.80],Nível: [Junior, Middle, Senior, Master],Total Fit: 0.03
Cromossomo: 367,IDs: [53, 97, 94, 89],Nomes: [Dev53, Dev97, Dev94, Dev89],Fit: [0.60, 0.70, 0.60, 0.80],Nível: [Junior, Middle, Senior, Master],Total Fit: 0.03
Cromossomo: 368,IDs: [48, 29, 62, 82],Nomes: [Dev48, Dev29, Dev62, Dev82],Fit: [0.90, 0.80, 0.60, 0.70],Nível: [Middle, Senior, Master, Junior],Total Fit: 0.72
Cromossomo: 369,IDs: [56, 7, 94, 89],Nomes: [Dev56, Dev7, Dev94, Dev89],Fit: [0.80, 0.90, 0.60, 0.80],Nível: [Junior, Middle, Senior, Master],Total Fit: 0.56
Cromossomo: 370,IDs: [53, 97, 38, 85],Nomes: [Dev53, Dev97, Dev38, Dev85],Fit: [0.60, 0.70, 0.80, 0.80],Nível: [Junior, Middle, Senior, Master],Total Fit: 0.43
Cromossomo: 371,IDs: [27, 16, 47, 46],Nomes: [Dev27, Dev16, Dev47, Dev46],Fit: [0.70, 0.60, 0.80, 0.80],Nível: [Senior, Middle, Junior, Master],Total Fit: 0.43
Cromossomo: 372,IDs: [48, 29, 62, 82],Nomes: [Dev48, Dev29, Dev62, Dev82],Fit: [0.90, 0.80, 0.60, 0.70],Nível: [Middle, Senior, Master, Junior],Total Fit: 0.72
Cromossomo: 373,IDs: [55, 16, 27, 46],Nomes: [Dev55, Dev16, Dev27, Dev46],Fit: [0.70, 0.60, 0.70, 0.80],Nível: [Junior, Middle, Senior, Master],Total Fit: 0.42
Cromossomo: 374,IDs: [56, 97, 38, 89],Nomes: [Dev56, Dev97, Dev38, Dev89],Fit: [0.80, 0.70, 0.80, 0.80],Nível: [Junior, Middle, Senior, Master],Total Fit: 0.25
Cromossomo: 375,IDs: [53, 7, 94, 85],Nomes: [Dev53, Dev7, Dev94, Dev85],Fit: [0.60, 0.90, 0.60, 0.80],Nível: [Junior, Middle, Senior, Master],Total Fit: 0.03
Cromossomo: 376,IDs: [48, 29, 62, 82],Nomes: [Dev48, Dev29, Dev62, Dev82],Fit: [0.90, 0.80, 0.60, 0.70],Nível: [Middle, Senior, Master, Junior],Total Fit: 0.72
Cromossomo: 377,IDs: [56, 97, 27, 46],Nomes: [Dev56, Dev97, Dev27, Dev46],Fit: [0.80, 0.70, 0.70, 0.80],Nível: [Junior, Middle, Senior, Master],Total Fit: 0.30
Cromossomo: 378,IDs: [47, 28, 94, 85],Nomes: [Dev47, Dev28, Dev94, Dev85],Fit: [0.80, 0.80, 0.60, 0.80],Nível: [Junior, Middle, Senior, Master],Total Fit: 0.03
Cromossomo: 379,IDs: [55, 16, 38, 89],Nomes: [Dev55, Dev16, Dev38, Dev89],Fit: [0.70, 0.60, 0.80, 0.80],Nível: [Junior, Middle, Senior, Master],Total Fit: 0.03
Cromossomo: 380,IDs: [48, 29, 62, 82],Nomes: [Dev48, Dev29, Dev62, Dev82],Fit: [0.90, 0.80, 0.60, 0.70],Nível: [Middle, Senior, Master, Junior],Total Fit: 0.72
Cromossomo: 381,IDs: [47, 28, 27, 46],Nomes: [Dev47, Dev28, Dev27, Dev46],Fit: [0.80, 0.80, 0.70, 0.80],Nível: [Junior, Middle, Senior, Master],Total Fit: 0.31
Cromossomo: 382,IDs: [56, 97, 94, 85],Nomes: [Dev56, Dev97, Dev94, Dev85],Fit: [0.80, 0.70, 0.60, 0.80],Nível: [Junior, Middle, Senior, Master],Total Fit: 0.03
Cromossomo: 383,IDs: [],Nomes: [],Fit: [],Nível: [],Total Fit: 0.00
Cromossomo: 384,IDs: [48, 29, 62, 82],Nomes: [Dev48, Dev29, Dev62, Dev82],Fit: [0.90, 0.80, 0.60, 0.70],Nível: [Middle, Senior, Master, Junior],Total Fit: 0.72
Cromossomo: 385,IDs: [56, 97, 27, 46],Nomes: [Dev56, Dev97, Dev27, Dev46],Fit: [0.80, 0.70, 0.70, 0.80],Nível: [Junior, Middle, Senior, Master],Total Fit: 0.30
Cromossomo: 386,IDs: [81, 8, 38, 89],Nomes: [Dev81, Dev8, Dev38, Dev89],Fit: [0.80, 0.70, 0.80, 0.80],Nível: [Junior, Middle, Senior, Master],Total Fit: 0.03
Cromossomo: 387,IDs: [47, 28, 94, 85],Nomes: [Dev47, Dev28, Dev94, Dev85],Fit: [0.80, 0.80, 0.60, 0.80],Nível: [Junior, Middle, Senior, Master],Total Fit: 0.03
Cromossomo: 388,IDs: [48, 29, 62, 82],Nomes: [Dev48, Dev29, Dev62, Dev82],Fit: [0.90, 0.80, 0.60, 0.70],Nível: [Middle, Senior, Master, Junior],Total Fit: 0.72
Cromossomo: 389,IDs: [104, 28, 65, 85],Nomes: [Dev104, Dev28, Dev65, Dev85],Fit: [0.60, 0.80, 0.60, 0.80],Nível: [Junior, Middle, Senior, Master],Total Fit: 0.14
Cromossomo: 390,IDs: [56, 8, 38, 46],Nomes: [Dev56, Dev8, Dev38, Dev46],Fit: [0.80, 0.70, 0.80, 0.80],Nível: [Junior, Middle, Senior, Master],Total Fit: 0.03
Cromossomo: 391,IDs: [81, 97, 27, 89],Nomes: [Dev81, Dev97, Dev27, Dev89],Fit: [0.80, 0.70, 0.70, 0.80],Nível: [Junior, Middle, Senior, Master],Total Fit: 0.03
Cromossomo: 392,IDs: [48, 29, 62, 82],Nomes: [Dev48, Dev29, Dev62, Dev82],Fit: [0.90, 0.80, 0.60, 0.70],Nível: [Middle, Senior, Master, Junior],Total Fit: 0.72
Cromossomo: 393,IDs: [81, 28, 65, 89],Nomes: [Dev81, Dev28, Dev65, Dev89],Fit: [0.80, 0.80, 0.60, 0.80],Nível: [Junior, Middle, Senior, Master],Total Fit: 0.15
Cromossomo: 394,IDs: [45, 7, 94, 46],Nomes: [Dev45, Dev7, Dev94, Dev46],Fit: [0.70, 0.90, 0.60, 0.80],Nível: [Junior, Middle, Senior, Master],Total Fit: 0.03
Cromossomo: 395,IDs: [104, 97, 27, 85],Nomes: [Dev104, Dev97, Dev27, Dev85],Fit: [0.60, 0.70, 0.70, 0.80],Nível: [Junior, Middle, Senior, Master],Total Fit: 0.03
Cromossomo: 396,IDs: [48, 29, 62, 82],Nomes: [Dev48, Dev29, Dev62, Dev82],Fit: [0.90, 0.80, 0.60, 0.70],Nível: [Middle, Senior, Master, Junior],Total Fit: 0.72
Cromossomo: 397,IDs: [104, 97, 38, 85],Nomes: [Dev104, Dev97, Dev38, Dev85],Fit: [0.60, 0.70, 0.80, 0.80],Nível: [Junior, Middle, Senior, Master],Total Fit: 0.23
Cromossomo: 398,IDs: [45, 28, 65, 46],Nomes: [Dev45, Dev28, Dev65, Dev46],Fit: [0.70, 0.80, 0.60, 0.80],Nível: [Junior, Middle, Senior, Master],Total Fit: 0.15
Cromossomo: 399,IDs: [81, 7, 94, 89],Nomes: [Dev81, Dev7, Dev94, Dev89],Fit: [0.80, 0.90, 0.60, 0.80],Nível: [Junior, Middle, Senior, Master],Total Fit: 0.03
