Cromossomo: 0,IDs: [53, 28, 29, 62],Nomes: [Dev53, Dev28, Dev29, Dev62],Fit: [0.60, 0.80, 0.80, 0.60],Nível: [Junior, Middle, Senior, Master],Total Fit: 0.34
Cromossomo: 1,IDs: [55, 48, 27, 85],Nomes: [Dev55, Dev48, Dev27, Dev85],Fit: [0.70, 0.90, 0.70, 0.80],Nível: [Junior, Middle, Senior, Master],Total Fit: 0.12
Cromossomo: 2,IDs: [17, 81, 89, 8],Nomes: [Dev17, Dev81, Dev89, Dev8],Fit: [0.70, 0.80, 0.80, 0.70],Nível: [Senior, Junior, Master, Middle],Total Fit: 0.03
Cromossomo: 3,IDs: [104, 16, 65, 46],Nomes: [Dev104, Dev16, Dev65, Dev46],Fit: [0.60, 0.60, 0.60, 0.80],Nível: [Junior, Middle, Senior, Master],Total Fit: 0.03
Cromossomo: 4,IDs: [55, 16, 351, 402],Nomes: [Dev55, Dev16, Dev351, Dev402],Fit: [0.668204073912715, 0.6768863793857381, 0.90, 0.80],Nível: [Junior, Middle, Senior, Master],Total Fit: 0.46
Cromossomo: 5,IDs: [104, 48, 27, 46],Nomes: [Dev104, Dev48, Dev27, Dev46],Fit: [0.6249077042672289, 0.7515889174776158, 0.6853668259490904, 0.8],Nível: [Junior, Middle, Senior, Master],Total Fit: 0.40
Cromossomo: 6,IDs: [53, 28, 29, 62],Nomes: [Dev53, Dev28, Dev29, Dev62],Fit: [0.60, 0.80, 0.80, 0.60],Nível: [Junior, Middle, Senior, Master],Total Fit: 0.34
Cromossomo: 7,IDs: [],Nomes: [],Fit: [],Nível: [],Total Fit: 0.00
Cromossomo: 8,IDs: [81, 7, 94, 62],Nomes: [Dev81, Dev7, Dev94, Dev62],Fit: [0.80, 0.90, 0.60, 0.60],Nível: [Junior, Middle, Senior, Master],Total Fit: 0.52
Cromossomo: 9,IDs: [55, 16, 351, 402],Nomes: [Dev55, Dev16, Dev351, Dev402],Fit: [0.668204073912715, 0.6768863793857381, 0.90, 0.80],Nível: [Junior, Middle, Senior, Master],Total Fit: 0.46
Cromossomo: 10,IDs: [53, 28, 29, 46],Nomes: [Dev53, Dev28, Dev29, Dev46],Fit: [0.6098017703029489, 0.789919496064817, 0.7694235205430857, 0.7371629207014663],Nível: [Junior, Middle, Senior, Master],Total Fit: 0.17
Cromossomo: 11,IDs: [104, 174, 27, 327],Nomes: [Dev104, Dev174, Dev27, Dev327],Fit: [0.6193744561100052, 0.80, 0.724405536995001, 0.80],Nível: [Junior, Middle, Senior, Master],Total Fit: 0.03
Cromossomo: 12,IDs: [81, 7, 94, 62],Nomes: [Dev81, Dev7, Dev94, Dev62],Fit: [0.80, 0.90, 0.60, 0.60],Nível: [Junior, Middle, Senior, Master],Total Fit: 0.52
Cromossomo: 13,IDs: [53, 28, 29, 402],Nomes: [Dev53, Dev28, Dev29, Dev402],Fit: [0.6181573900971257, 0.7845904841538379, 0.8094618989448368, 0.7848335521137417],Nível: [Junior, Middle, Senior, Master],Total Fit: 0.36
Cromossomo: 14,IDs: [247, 16, 351, 46],Nomes: [Dev247, Dev16, Dev351, Dev46],Fit: [0.70, 0.7304386814101522, 0.90, 0.7548043928115076],Nível: [Junior, Middle, Senior, Master],Total Fit: 0.09
Cromossomo: 15,IDs: [38, 89, 48, 47],Nomes: [Dev38, Dev89, Dev48, Dev47],Fit: [0.80, 0.80, 0.90, 0.80],Nível: [Senior, Master, Middle, Junior],Total Fit: 0.03
Cromossomo: 16,IDs: [81, 7, 94, 62],Nomes: [Dev81, Dev7, Dev94, Dev62],Fit: [0.80, 0.90, 0.60, 0.60],Nível: [Junior, Middle, Senior, Master],Total Fit: 0.52
Cromossomo: 17,IDs: [247, 174, 351, 311],Nomes: [Dev247, Dev174, Dev351, Dev311],Fit: [0.6732455959910243, 0.80, 0.90, 0.80],Nível: [Junior, Middle, Senior, Master],Total Fit: 0.44
Cromossomo: 18,IDs: [53, 16, 29, 46],Nomes: [Dev53, Dev16, Dev29, Dev46],Fit: [0.6372769900780073, 0.7458634375468197, 0.8376373015299794, 0.7680301029024366],Nível: [Junior, Middle, Senior, Master],Total Fit: 0.18
Cromossomo: 19,IDs: [45, 85, 28, 38],Nomes: [Dev45, Dev85, Dev28, Dev38],Fit: [0.70, 0.80, 0.80, 0.80],Nível: [Junior, Master, Middle, Senior],Total Fit: 0.03
Cromossomo: 20,IDs: [81, 7, 94, 62],Nomes: [Dev81, Dev7, Dev94, Dev62],Fit: [0.80, 0.90, 0.60, 0.60],Nível: [Junior, Middle, Senior, Master],Total Fit: 0.52
Cromossomo: 21,IDs: [247, 174, 351, 46],Nomes: [Dev247, Dev174, Dev351, Dev46],Fit: [0.6574084920685892, 0.7799502134882703, 0.8905941294016518, 0.7715551970300976],Nível: [Junior, Middle, Senior, Master],Total Fit: 0.09
Cromossomo: 22,IDs: [53, 7, 94, 311],Nomes: [Dev53, Dev7, Dev94, Dev311],Fit: [0.6407158243701947, 0.90, 1.00, 0.7954338835720721],Nível: [Junior, Middle, Senior, Master],Total Fit: 0.03
Cromossomo: 23,IDs: [104, 48, 38, 85],Nomes: [Dev104, Dev48, Dev38, Dev85],Fit: [0.60, 0.90, 0.80, 0.80],Nível: [Junior, Middle, Senior, Master],Total Fit: 0.03
Cromossomo: 24,IDs: [81, 7, 94, 62],Nomes: [Dev81, Dev7, Dev94, Dev62],Fit: [0.80, 0.90, 0.60, 0.60],Nível: [Junior, Middle, Senior, Master],Total Fit: 0.52
Cromossomo: 25,IDs: [202, 7, 351, 85],Nomes: [Dev202, Dev7, Dev351, Dev85],Fit: [0.70, 0.90, 0.884462504445122, 0.7974573832954399],Nível: [Junior, Middle, Senior, Master],Total Fit: 0.39
Cromossomo: 26,IDs: [247, 48, 38, 46],Nomes: [Dev247, Dev48, Dev38, Dev46],Fit: [0.6391371949274843, 0.8490539767678154, 0.825786131558391, 0.7809324292025439],Nível: [Junior, Middle, Senior, Master],Total Fit: 0.03
Cromossomo: 27,IDs: [56, 8, 17, 89],Nomes: [Dev56, Dev8, Dev17, Dev89],Fit: [0.80, 0.70, 0.70, 0.80],Nível: [Junior, Middle, Senior, Master],Total Fit: 0.03
Cromossomo: 28,IDs: [81, 7, 94, 62],Nomes: [Dev81, Dev7, Dev94, Dev62],Fit: [0.80, 0.90, 0.60, 0.60],Nível: [Junior, Middle, Senior, Master],Total Fit: 0.52
Cromossomo: 29,IDs: [53, 28, 38, 85],Nomes: [Dev53, Dev28, Dev38, Dev85],Fit: [0.60, 0.80, 0.80, 0.80],Nível: [Junior, Middle, Senior, Master],Total Fit: 0.21
Cromossomo: 30,IDs: [317, 181, 448, 89],Nomes: [Dev317, Dev181, Dev448, Dev89],Fit: [0.80, 0.90, 0.80, 0.7958249631270053],Nível: [Junior, Middle, Senior, Master],Total Fit: 0.03
Cromossomo: 31,IDs: [247, 8, 17, 46],Nomes: [Dev247, Dev8, Dev17, Dev46],Fit: [0.6566004173120473, 0.7064062264108029, 0.7099747107956232, 0.7850079228974214],Nível: [Junior, Middle, Senior, Master],Total Fit: 0.03
Cromossomo: 32,IDs: [53, 181, 38, 46],Nomes: [Dev53, Dev181, Dev38, Dev46],Fit: [0.6120683590480247, 0.90, 0.794978602626565, 0.789017367425378],Nível: [Junior, Middle, Senior, Master],Total Fit: 0.62
Cromossomo: 33,IDs: [81, 7, 94, 62],Nomes: [Dev81, Dev7, Dev94, Dev62],Fit: [0.80, 0.90, 0.60, 0.60],Nível: [Junior, Middle, Senior, Master],Total Fit: 0.52
Cromossomo: 34,IDs: [45, 16, 27, 89],Nomes: [Dev45, Dev16, Dev27, Dev89],Fit: [0.70, 0.60, 0.70, 0.80],Nível: [Junior, Middle, Senior, Master],Total Fit: 0.34
Cromossomo: 35,IDs: [247, 8, 17, 85],Nomes: [Dev247, Dev8, Dev17, Dev85],Fit: [0.6381445496176248, 0.728637595199836, 0.7260472698651207, 0.7957743558484596],Nível: [Junior, Middle, Senior, Master],Total Fit: 0.03
Cromossomo: 36,IDs: [53, 181, 38, 46],Nomes: [Dev53, Dev181, Dev38, Dev46],Fit: [0.6120683590480247, 0.90, 0.794978602626565, 0.789017367425378],Nível: [Junior, Middle, Senior, Master],Total Fit: 0.62
Cromossomo: 37,IDs: [81, 97, 29, 62],Nomes: [Dev81, Dev97, Dev29, Dev62],Fit: [0.80, 0.70, 0.80, 0.60],Nível: [Junior, Middle, Senior, Master],Total Fit: 0.35
Cromossomo: 38,IDs: [220, 28, 94, 402],Nomes: [Dev220, Dev28, Dev94, Dev402],Fit: [0.90, 0.80, 1.00, 0.80],Nível: [Junior, Middle, Senior, Master],Total Fit: 0.04
Cromossomo: 39,IDs: [45, 7, 27, 89],Nomes: [Dev45, Dev7, Dev27, Dev89],Fit: [0.7491104085801771, 0.8698928210530426, 0.6643826037251575, 0.7274442939322052],Nível: [Junior, Middle, Senior, Master],Total Fit: 0.03
Cromossomo: 40,IDs: [53, 181, 38, 46],Nomes: [Dev53, Dev181, Dev38, Dev46],Fit: [0.6120683590480247, 0.90, 0.794978602626565, 0.789017367425378],Nível: [Junior, Middle, Senior, Master],Total Fit: 0.62
Cromossomo: 41,IDs: [445, 97, 351, 327],Nomes: [Dev445, Dev97, Dev351, Dev327],Fit: [0.90, 0.7174484920425239, 0.90, 0.80],Nível: [Junior, Middle, Senior, Master],Total Fit: 0.40
Cromossomo: 42,IDs: [220, 28, 29, 62],Nomes: [Dev220, Dev28, Dev29, Dev62],Fit: [0.8633867669682977, 0.7623975887393392, 0.8272122412153098, 0.6112096238130105],Nível: [Junior, Middle, Senior, Master],Total Fit: 0.37
Cromossomo: 43,IDs: [45, 7, 89, 65],Nomes: [Dev45, Dev7, Dev89, Dev65],Fit: [0.70, 0.90, 0.80, 0.60],Nível: [Junior, Middle, Master, Senior],Total Fit: 0.03
Cromossomo: 44,IDs: [53, 181, 38, 46],Nomes: [Dev53, Dev181, Dev38, Dev46],Fit: [0.6120683590480247, 0.90, 0.794978602626565, 0.789017367425378],Nível: [Junior, Middle, Senior, Master],Total Fit: 0.62
Cromossomo: 45,IDs: [445, 28, 351, 327],Nomes: [Dev445, Dev28, Dev351, Dev327],Fit: [0.90, 0.741173200636891, 0.90, 0.7955131737167929],Nível: [Junior, Middle, Senior, Master],Total Fit: 0.40
Cromossomo: 46,IDs: [220, 97, 29, 62],Nomes: [Dev220, Dev97, Dev29, Dev62],Fit: [0.8692228494267086, 0.7302667307271484, 0.8383914043725692, 0.6303939887285629],Nível: [Junior, Middle, Senior, Master],Total Fit: 0.37
Cromossomo: 47,IDs: [8, 85, 45, 17],Nomes: [Dev8, Dev85, Dev45, Dev17],Fit: [0.70, 0.80, 0.70, 0.70],Nível: [Middle, Master, Junior, Senior],Total Fit: 0.03
Cromossomo: 48,IDs: [53, 181, 38, 46],Nomes: [Dev53, Dev181, Dev38, Dev46],Fit: [0.6120683590480247, 0.90, 0.794978602626565, 0.789017367425378],Nível: [Junior, Middle, Senior, Master],Total Fit: 0.62
Cromossomo: 49,IDs: [445, 28, 351, 327],Nomes: [Dev445, Dev28, Dev351, Dev327],Fit: [0.8894046010399705, 0.7400563029222523, 0.8805262200051804, 0.7630527272867162],Nível: [Junior, Middle, Senior, Master],Total Fit: 0.39
Cromossomo: 50,IDs: [220, 97, 29, 46],Nomes: [Dev220, Dev97, Dev29, Dev46],Fit: [0.875628205585162, 0.7312309224529009, 0.8617288546136281, 0.80],Nível: [Junior, Middle, Senior, Master],Total Fit: 0.03
Cromossomo: 51,IDs: [89, 65, 56, 48],Nomes: [Dev89, Dev65, Dev56, Dev48],Fit: [0.80, 0.60, 0.80, 0.90],Nível: [Master, Senior, Junior, Middle],Total Fit: 0.03
Cromossomo: 52,IDs: [53, 181, 38, 46],Nomes: [Dev53, Dev181, Dev38, Dev46],Fit: [0.6120683590480247, 0.90, 0.794978602626565, 0.789017367425378],Nível: [Junior, Middle, Senior, Master],Total Fit: 0.62
Cromossomo: 53,IDs: [445, 97, 351, 327],Nomes: [Dev445, Dev97, Dev351, Dev327],Fit: [0.8860414106593668, 0.731767794533688, 0.8798670047044294, 0.7721120844501305],Nível: [Junior, Middle, Senior, Master],Total Fit: 0.39
Cromossomo: 54,IDs: [220, 28, 94, 62],Nomes: [Dev220, Dev28, Dev94, Dev62],Fit: [0.8816219211153703, 0.738235049584929, 1.00, 0.80],Nível: [Junior, Middle, Senior, Master],Total Fit: 0.03
Cromossomo: 55,IDs: [],Nomes: [],Fit: [],Nível: [],Total Fit: 0.00
Cromossomo: 56,IDs: [220, 7, 94, 62],Nomes: [Dev220, Dev7, Dev94, Dev62],Fit: [0.8817170172843096, 0.90, 1.00, 0.80],Nível: [Junior, Middle, Senior, Master],Total Fit: 0.64
Cromossomo: 57,IDs: [53, 181, 38, 46],Nomes: [Dev53, Dev181, Dev38, Dev46],Fit: [0.6120683590480247, 0.90, 0.794978602626565, 0.789017367425378],Nível: [Junior, Middle, Senior, Master],Total Fit: 0.62
Cromossomo: 58,IDs: [445, 97, 351, 327],Nomes: [Dev445, Dev97, Dev351, Dev327],Fit: [0.8842333393188586, 0.7328595922547858, 0.9018934488364437, 0.781365607940272],Nível: [Junior, Middle, Senior, Master],Total Fit: 0.40
Cromossomo: 59,IDs: [55, 17, 85, 16],Nomes: [Dev55, Dev17, Dev85, Dev16],Fit: [0.70, 0.70, 0.80, 0.60],Nível: [Junior, Senior, Master, Middle],Total Fit: 0.03
Cromossomo: 60,IDs: [220, 7, 94, 62],Nomes: [Dev220, Dev7, Dev94, Dev62],Fit: [0.8817170172843096, 0.90, 1.00, 0.80],Nível: [Junior, Middle, Senior, Master],Total Fit: 0.64
Cromossomo: 61,IDs: [445, 181, 94, 46],Nomes: [Dev445, Dev181, Dev94, Dev46],Fit: [0.8557033746753349, 0.8808810956247525, 1.00, 0.7859619261653141],Nível: [Junior, Middle, Senior, Master],Total Fit: 0.11
Cromossomo: 62,IDs: [53, 97, 351, 327],Nomes: [Dev53, Dev97, Dev351, Dev327],Fit: [0.7458363772067145, 0.799117772130362, 0.8711481290212928, 0.7851659903500645],Nível: [Junior, Middle, Senior, Master],Total Fit: 0.03
Cromossomo: 63,IDs: [104, 8, 38, 89],Nomes: [Dev104, Dev8, Dev38, Dev89],Fit: [0.60, 0.70, 0.80, 0.80],Nível: [Junior, Middle, Senior, Master],Total Fit: 0.03
Cromossomo: 64,IDs: [220, 7, 94, 62],Nomes: [Dev220, Dev7, Dev94, Dev62],Fit: [0.8817170172843096, 0.90, 1.00, 0.80],Nível: [Junior, Middle, Senior, Master],Total Fit: 0.64
Cromossomo: 65,IDs: [445, 181, 94, 89],Nomes: [Dev445, Dev181, Dev94, Dev89],Fit: [0.8234237937786048, 0.8438975161451447, 0.9481481233290535, 0.7946278302741124],Nível: [Junior, Middle, Senior, Master],Total Fit: 0.03
Cromossomo: 66,IDs: [305, 7, 38, 46],Nomes: [Dev305, Dev7, Dev38, Dev46],Fit: [0.80, 0.90, 0.8715972494535824, 0.7883463997837703],Nível: [Junior, Middle, Senior, Master],Total Fit: 0.03
Cromossomo: 67,IDs: [],Nomes: [],Fit: [],Nível: [],Total Fit: 0.00
Cromossomo: 68,IDs: [220, 7, 94, 62],Nomes: [Dev220, Dev7, Dev94, Dev62],Fit: [0.8817170172843096, 0.90, 1.00, 0.80],Nível: [Junior, Middle, Senior, Master],Total Fit: 0.64
Cromossomo: 69,IDs: [445, 181, 38, 46],Nomes: [Dev445, Dev181, Dev38, Dev46],Fit: [0.8215491113914057, 0.8590126226627013, 0.9098700599177825, 0.7904117290785895],Nível: [Junior, Middle, Senior, Master],Total Fit: 0.17
Cromossomo: 70,IDs: [335, 7, 94, 89],Nomes: [Dev335, Dev7, Dev94, Dev89],Fit: [0.90, 0.8856326537732764, 0.9359880228032778, 0.7942507601490745],Nível: [Junior, Middle, Senior, Master],Total Fit: 0.04
Cromossomo: 71,IDs: [],Nomes: [],Fit: [],Nível: [],Total Fit: 0.00
Cromossomo: 72,IDs: [220, 7, 94, 62],Nomes: [Dev220, Dev7, Dev94, Dev62],Fit: [0.8817170172843096, 0.90, 1.00, 0.80],Nível: [Junior, Middle, Senior, Master],Total Fit: 0.64
Cromossomo: 73,IDs: [335, 7, 38, 89],Nomes: [Dev335, Dev7, Dev38, Dev89],Fit: [0.8882537232743029, 0.8795956730141354, 0.921390900194878, 0.7933903868371351],Nível: [Junior, Middle, Senior, Master],Total Fit: 0.07
Cromossomo: 74,IDs: [220, 181, 94, 311],Nomes: [Dev220, Dev181, Dev94, Dev311],Fit: [0.90, 0.8628836847460817, 0.9335377079143953, 0.80],Nível: [Junior, Middle, Senior, Master],Total Fit: 0.03
Cromossomo: 75,IDs: [55, 8, 29, 46],Nomes: [Dev55, Dev8, Dev29, Dev46],Fit: [0.70, 0.70, 0.80, 0.80],Nível: [Junior, Middle, Senior, Master],Total Fit: 0.03
Cromossomo: 76,IDs: [220, 7, 94, 62],Nomes: [Dev220, Dev7, Dev94, Dev62],Fit: [0.8817170172843096, 0.90, 1.00, 0.80],Nível: [Junior, Middle, Senior, Master],Total Fit: 0.64
Cromossomo: 77,IDs: [55, 7, 29, 46],Nomes: [Dev55, Dev7, Dev29, Dev46],Fit: [0.7702679481304641, 0.8357244362552655, 0.8214429659346402, 0.7974472680016014],Nível: [Junior, Middle, Senior, Master],Total Fit: 0.58
Cromossomo: 78,IDs: [446, 181, 94, 89],Nomes: [Dev446, Dev181, Dev94, Dev89],Fit: [0.80, 0.90, 1.00, 0.7953460906174332],Nível: [Junior, Middle, Senior, Master],Total Fit: 0.17
Cromossomo: 79,IDs: [81, 38, 48, 85],Nomes: [Dev81, Dev38, Dev48, Dev85],Fit: [0.80, 0.80, 0.90, 0.80],Nível: [Junior, Senior, Middle, Master],Total Fit: 0.03
Cromossomo: 80,IDs: [220, 7, 94, 62],Nomes: [Dev220, Dev7, Dev94, Dev62],Fit: [0.8817170172843096, 0.90, 1.00, 0.80],Nível: [Junior, Middle, Senior, Master],Total Fit: 0.64
Cromossomo: 81,IDs: [446, 7, 94, 46],Nomes: [Dev446, Dev7, Dev94, Dev46],Fit: [0.7944309517888091, 0.8504480108900938, 0.9514485721270484, 0.7970684195421941],Nível: [Junior, Middle, Senior, Master],Total Fit: 0.17
Cromossomo: 82,IDs: [55, 181, 94, 89],Nomes: [Dev55, Dev181, Dev94, Dev89],Fit: [0.7785444771859793, 0.90, 0.9646860474004362, 0.7958795432922797],Nível: [Junior, Middle, Senior, Master],Total Fit: 0.03
Cromossomo: 83,IDs: [104, 29, 85, 16],Nomes: [Dev104, Dev29, Dev85, Dev16],Fit: [0.60, 0.80, 0.80, 0.60],Nível: [Junior, Senior, Master, Middle],Total Fit: 0.03
Cromossomo: 84,IDs: [220, 7, 94, 62],Nomes: [Dev220, Dev7, Dev94, Dev62],Fit: [0.8817170172843096, 0.90, 1.00, 0.80],Nível: [Junior, Middle, Senior, Master],Total Fit: 0.64
Cromossomo: 85,IDs: [446, 181, 94, 327],Nomes: [Dev446, Dev181, Dev94, Dev327],Fit: [0.7869998476089968, 0.90, 0.9585770228465301, 0.80],Nível: [Junior, Middle, Senior, Master],Total Fit: 0.17
Cromossomo: 86,IDs: [55, 7, 94, 46],Nomes: [Dev55, Dev7, Dev94, Dev46],Fit: [0.7853617290167207, 0.8538794245517412, 0.9575219235955735, 0.7970553293308981],Nível: [Junior, Middle, Senior, Master],Total Fit: 0.03
Cromossomo: 87,IDs: [85, 104, 38, 28],Nomes: [Dev85, Dev104, Dev38, Dev28],Fit: [0.80, 0.60, 0.80, 0.80],Nível: [Master, Junior, Senior, Middle],Total Fit: 0.03
Cromossomo: 88,IDs: [220, 7, 94, 62],Nomes: [Dev220, Dev7, Dev94, Dev62],Fit: [0.8817170172843096, 0.90, 1.00, 0.80],Nível: [Junior, Middle, Senior, Master],Total Fit: 0.64
Cromossomo: 89,IDs: [229, 7, 94, 327],Nomes: [Dev229, Dev7, Dev94, Dev327],Fit: [0.80, 0.8722300208860676, 0.9575315393344211, 0.7991028731754074],Nível: [Junior, Middle, Senior, Master],Total Fit: 0.17
Cromossomo: 90,IDs: [55, 181, 94, 46],Nomes: [Dev55, Dev181, Dev94, Dev46],Fit: [0.7858987490489062, 0.8782341855900642, 0.957788268495563, 0.7983259091996731],Nível: [Junior, Middle, Senior, Master],Total Fit: 0.10
Cromossomo: 91,IDs: [47, 16, 38, 85],Nomes: [Dev47, Dev16, Dev38, Dev85],Fit: [0.80, 0.60, 0.80, 0.80],Nível: [Junior, Middle, Senior, Master],Total Fit: 0.03
Cromossomo: 92,IDs: [220, 7, 94, 62],Nomes: [Dev220, Dev7, Dev94, Dev62],Fit: [0.8817170172843096, 0.90, 1.00, 0.80],Nível: [Junior, Middle, Senior, Master],Total Fit: 0.64
Cromossomo: 93,IDs: [55, 183, 94, 311],Nomes: [Dev55, Dev183, Dev94, Dev311],Fit: [0.7912369686551275, 0.80, 0.9366495035646365, 0.80],Nível: [Junior, Middle, Senior, Master],Total Fit: 0.03
Cromossomo: 94,IDs: [47, 16, 94, 46],Nomes: [Dev47, Dev16, Dev94, Dev46],Fit: [0.7947804064924212, 0.6018266887046371, 0.9363955980340007, 0.7990912642160466],Nível: [Junior, Middle, Senior, Master],Total Fit: 0.03
Cromossomo: 95,IDs: [81, 8, 65, 89],Nomes: [Dev81, Dev8, Dev65, Dev89],Fit: [0.80, 0.70, 0.60, 0.80],Nível: [Junior, Middle, Senior, Master],Total Fit: 0.03
Cromossomo: 96,IDs: [220, 7, 94, 62],Nomes: [Dev220, Dev7, Dev94, Dev62],Fit: [0.8817170172843096, 0.90, 1.00, 0.80],Nível: [Junior, Middle, Senior, Master],Total Fit: 0.64
Cromossomo: 97,IDs: [56, 48, 27, 85],Nomes: [Dev56, Dev48, Dev27, Dev85],Fit: [0.80, 0.90, 0.70, 0.80],Nível: [Junior, Middle, Senior, Master],Total Fit: 0.13
Cromossomo: 98,IDs: [356, 269, 65, 311],Nomes: [Dev356, Dev269, Dev65, Dev311],Fit: [0.80, 0.80, 0.6276184813032304, 0.80],Nível: [Junior, Middle, Senior, Master],Total Fit: 0.12
Cromossomo: 99,IDs: [47, 8, 94, 46],Nomes: [Dev47, Dev8, Dev94, Dev46],Fit: [0.7965132426453145, 0.6981027312100347, 0.8043672571431798, 0.7994852765082471],Nível: [Junior, Middle, Senior, Master],Total Fit: 0.03
Cromossomo: 100,IDs: [220, 7, 94, 62],Nomes: [Dev220, Dev7, Dev94, Dev62],Fit: [0.8817170172843096, 0.90, 1.00, 0.80],Nível: [Junior, Middle, Senior, Master],Total Fit: 0.64
Cromossomo: 101,IDs: [45, 97, 38, 89],Nomes: [Dev45, Dev97, Dev38, Dev89],Fit: [0.70, 0.70, 0.80, 0.80],Nível: [Junior, Middle, Senior, Master],Total Fit: 0.24
Cromossomo: 102,IDs: [82, 48, 27, 311],Nomes: [Dev82, Dev48, Dev27, Dev311],Fit: [0.80, 0.8550380586646409, 0.6755464091390142, 0.80],Nível: [Junior, Middle, Senior, Master],Total Fit: 0.13
Cromossomo: 103,IDs: [56, 269, 65, 85],Nomes: [Dev56, Dev269, Dev65, Dev85],Fit: [0.8, 0.8105026349969214, 0.6420794070933096, 0.8],Nível: [Junior, Middle, Senior, Master],Total Fit: 0.12
Cromossomo: 104,IDs: [220, 7, 94, 62],Nomes: [Dev220, Dev7, Dev94, Dev62],Fit: [0.8817170172843096, 0.90, 1.00, 0.80],Nível: [Junior, Middle, Senior, Master],Total Fit: 0.64
Cromossomo: 105,IDs: [45, 48, 27, 311],Nomes: [Dev45, Dev48, Dev27, Dev311],Fit: [0.7037596820705089, 0.8466499323850234, 0.6798636617608786, 0.8],Nível: [Junior, Middle, Senior, Master],Total Fit: 0.12
Cromossomo: 106,IDs: [82, 28, 38, 46],Nomes: [Dev82, Dev28, Dev38, Dev46],Fit: [0.7870394092637295, 0.80, 0.7819861375066925, 0.80],Nível: [Junior, Middle, Senior, Master],Total Fit: 0.03
Cromossomo: 107,IDs: [],Nomes: [],Fit: [],Nível: [],Total Fit: 0.00
Cromossomo: 108,IDs: [220, 7, 94, 62],Nomes: [Dev220, Dev7, Dev94, Dev62],Fit: [0.8817170172843096, 0.90, 1.00, 0.80],Nível: [Junior, Middle, Senior, Master],Total Fit: 0.64
Cromossomo: 109,IDs: [82, 28, 27, 402],Nomes: [Dev82, Dev28, Dev27, Dev402],Fit: [0.7822677620650845, 0.822974769867763, 0.6935603308733336, 0.80],Nível: [Junior, Middle, Senior, Master],Total Fit: 0.37
Cromossomo: 110,IDs: [45, 48, 38, 46],Nomes: [Dev45, Dev48, Dev38, Dev46],Fit: [0.7344375243172321, 0.829038605834532, 0.779655541952147, 0.8],Nível: [Junior, Middle, Senior, Master],Total Fit: 0.03
Cromossomo: 111,IDs: [],Nomes: [],Fit: [],Nível: [],Total Fit: 0.00
Cromossomo: 112,IDs: [308, 48, 27, 198],Nomes: [Dev308, Dev48, Dev27, Dev198],Fit: [0.80, 0.8266666534731959, 0.7108358081880922, 0.80],Nível: [Junior, Middle, Senior, Master],Total Fit: 0.82
Cromossomo: 113,IDs: [220, 7, 94, 62],Nomes: [Dev220, Dev7, Dev94, Dev62],Fit: [0.8817170172843096, 0.90, 1.00, 0.80],Nível: [Junior, Middle, Senior, Master],Total Fit: 0.64
Cromossomo: 114,IDs: [45, 28, 38, 46],Nomes: [Dev45, Dev28, Dev38, Dev46],Fit: [0.7393285330307063, 0.8239285264947674, 0.777248080589025, 0.8],Nível: [Junior, Middle, Senior, Master],Total Fit: 0.03
Cromossomo: 115,IDs: [56, 97, 65, 89],Nomes: [Dev56, Dev97, Dev65, Dev89],Fit: [0.80, 0.70, 0.60, 0.80],Nível: [Junior, Middle, Senior, Master],Total Fit: 0.03
Cromossomo: 116,IDs: [308, 48, 27, 198],Nomes: [Dev308, Dev48, Dev27, Dev198],Fit: [0.80, 0.8266666534731959, 0.7108358081880922, 0.80],Nível: [Junior, Middle, Senior, Master],Total Fit: 0.82
Cromossomo: 117,IDs: [56, 7, 94, 89],Nomes: [Dev56, Dev7, Dev94, Dev89],Fit: [0.8213681087807572, 0.8654143668609682, 0.9536108231214533, 0.8],Nível: [Junior, Middle, Senior, Master],Total Fit: 0.62
Cromossomo: 118,IDs: [336, 181, 65, 198],Nomes: [Dev336, Dev181, Dev65, Dev198],Fit: [0.90, 0.90, 0.6533070409858861, 0.80],Nível: [Junior, Middle, Senior, Master],Total Fit: 0.03
Cromossomo: 119,IDs: [16, 104, 29, 85],Nomes: [Dev16, Dev104, Dev29, Dev85],Fit: [0.60, 0.60, 0.80, 0.80],Nível: [Middle, Junior, Senior, Master],Total Fit: 0.03
Cromossomo: 120,IDs: [445, 7, 94, 402],Nomes: [Dev445, Dev7, Dev94, Dev402],Fit: [0.90, 0.8722168142381703, 0.8697516342669049, 0.80],Nível: [Junior, Middle, Senior, Master],Total Fit: 1.45
Cromossomo: 121,IDs: [308, 48, 27, 198],Nomes: [Dev308, Dev48, Dev27, Dev198],Fit: [0.80, 0.8266666534731959, 0.7108358081880922, 0.80],Nível: [Junior, Middle, Senior, Master],Total Fit: 0.82
Cromossomo: 122,IDs: [336, 181, 65, 198],Nomes: [Dev336, Dev181, Dev65, Dev198],Fit: [0.8780957468759006, 0.8841704856152417, 0.7479470825262375, 0.8],Nível: [Junior, Middle, Senior, Master],Total Fit: 0.03
Cromossomo: 123,IDs: [81, 28, 38, 89],Nomes: [Dev81, Dev28, Dev38, Dev89],Fit: [0.80, 0.80, 0.80, 0.80],Nível: [Junior, Middle, Senior, Master],Total Fit: 0.03
Cromossomo: 124,IDs: [445, 7, 94, 402],Nomes: [Dev445, Dev7, Dev94, Dev402],Fit: [0.90, 0.8722168142381703, 0.8697516342669049, 0.80],Nível: [Junior, Middle, Senior, Master],Total Fit: 1.45
Cromossomo: 125,IDs: [81, 48, 27, 89],Nomes: [Dev81, Dev48, Dev27, Dev89],Fit: [0.8, 0.8147287719839856, 0.7414320770786169, 0.8],Nível: [Junior, Middle, Senior, Master],Total Fit: 0.13
Cromossomo: 126,IDs: [326, 28, 38, 211],Nomes: [Dev326, Dev28, Dev38, Dev211],Fit: [0.80, 0.8082961408262981, 0.7730063572804948, 1.00],Nível: [Junior, Middle, Senior, Master],Total Fit: 0.03
Cromossomo: 127,IDs: [55, 16, 65, 85],Nomes: [Dev55, Dev16, Dev65, Dev85],Fit: [0.70, 0.60, 0.60, 0.80],Nível: [Junior, Middle, Senior, Master],Total Fit: 0.03
Cromossomo: 128,IDs: [445, 7, 94, 402],Nomes: [Dev445, Dev7, Dev94, Dev402],Fit: [0.90, 0.8722168142381703, 0.8697516342669049, 0.80],Nível: [Junior, Middle, Senior, Master],Total Fit: 1.45
Cromossomo: 129,IDs: [326, 48, 27, 211],Nomes: [Dev326, Dev48, Dev27, Dev211],Fit: [0.8, 0.8145132801948718, 0.7482961417540874, 0.9558048241169054],Nível: [Junior, Middle, Senior, Master],Total Fit: 0.83
Cromossomo: 130,IDs: [362, 181, 38, 89],Nomes: [Dev362, Dev181, Dev38, Dev89],Fit: [0.80, 0.90, 0.7601806510081761, 0.896938076665344],Nível: [Junior, Middle, Senior, Master],Total Fit: 0.23
Cromossomo: 131,IDs: [17, 104, 85, 16],Nomes: [Dev17, Dev104, Dev85, Dev16],Fit: [0.70, 0.60, 0.80, 0.60],Nível: [Senior, Junior, Master, Middle],Total Fit: 0.03
Cromossomo: 132,IDs: [445, 7, 94, 402],Nomes: [Dev445, Dev7, Dev94, Dev402],Fit: [0.90, 0.8722168142381703, 0.8697516342669049, 0.80],Nível: [Junior, Middle, Senior, Master],Total Fit: 1.45
Cromossomo: 133,IDs: [445, 48, 351, 211],Nomes: [Dev445, Dev48, Dev351, Dev211],Fit: [0.90, 0.8278390584215333, 0.90, 1.00],Nível: [Junior, Middle, Senior, Master],Total Fit: 0.51
Cromossomo: 134,IDs: [326, 181, 38, 89],Nomes: [Dev326, Dev181, Dev38, Dev89],Fit: [0.8, 0.8894037250749394, 0.7576368747639805, 0.898059152738556],Nível: [Junior, Middle, Senior, Master],Total Fit: 0.07
Cromossomo: 135,IDs: [53, 97, 27, 85],Nomes: [Dev53, Dev97, Dev27, Dev85],Fit: [0.60, 0.70, 0.70, 0.80],Nível: [Junior, Middle, Senior, Master],Total Fit: 0.03
Cromossomo: 136,IDs: [445, 7, 94, 402],Nomes: [Dev445, Dev7, Dev94, Dev402],Fit: [0.90, 0.8722168142381703, 0.8697516342669049, 0.80],Nível: [Junior, Middle, Senior, Master],Total Fit: 1.45
Cromossomo: 137,IDs: [445, 181, 94, 211],Nomes: [Dev445, Dev181, Dev94, Dev211],Fit: [0.7743771663810466, 0.90, 1.00, 0.9576998293970803],Nível: [Junior, Middle, Senior, Master],Total Fit: 0.18
Cromossomo: 138,IDs: [47, 28, 29, 89],Nomes: [Dev47, Dev28, Dev29, Dev89],Fit: [0.80, 0.80, 0.80, 0.80],Nível: [Junior, Middle, Senior, Master],Total Fit: 0.03
Cromossomo: 139,IDs: [53, 97, 351, 211],Nomes: [Dev53, Dev97, Dev351, Dev211],Fit: [0.6171238378603965, 0.7436106342273506, 0.8337016808725625, 0.9547715241483883],Nível: [Junior, Middle, Senior, Master],Total Fit: 0.03
Cromossomo: 140,IDs: [445, 7, 94, 402],Nomes: [Dev445, Dev7, Dev94, Dev402],Fit: [0.90, 0.8722168142381703, 0.8697516342669049, 0.80],Nível: [Junior, Middle, Senior, Master],Total Fit: 1.45
Cromossomo: 141,IDs: [453, 7, 351, 211],Nomes: [Dev453, Dev7, Dev351, Dev211],Fit: [0.80, 0.90, 0.90, 0.927480268287494],Nível: [Junior, Middle, Senior, Master],Total Fit: 0.63
Cromossomo: 142,IDs: [445, 181, 29, 89],Nomes: [Dev445, Dev181, Dev29, Dev89],Fit: [0.782340693760096, 0.870684942880562, 0.8080829872528689, 0.8186560834894141],Nível: [Junior, Middle, Senior, Master],Total Fit: 0.39
Cromossomo: 143,IDs: [81, 28, 62, 65],Nomes: [Dev81, Dev28, Dev62, Dev65],Fit: [0.80, 0.80, 0.60, 0.60],Nível: [Junior, Middle, Master, Senior],Total Fit: 0.14
Cromossomo: 144,IDs: [445, 7, 94, 402],Nomes: [Dev445, Dev7, Dev94, Dev402],Fit: [0.90, 0.8722168142381703, 0.8697516342669049, 0.80],Nível: [Junior, Middle, Senior, Master],Total Fit: 1.45
Cromossomo: 145,IDs: [423, 7, 351, 211],Nomes: [Dev423, Dev7, Dev351, Dev211],Fit: [0.80, 0.8947733993210908, 0.90, 0.9009469179792072],Nível: [Junior, Middle, Senior, Master],Total Fit: 0.42
Cromossomo: 146,IDs: [82, 28, 65, 46],Nomes: [Dev82, Dev28, Dev65, Dev46],Fit: [0.70, 0.80, 0.60, 0.80],Nível: [Junior, Middle, Senior, Master],Total Fit: 0.15
Cromossomo: 147,IDs: [453, 181, 29, 211],Nomes: [Dev453, Dev181, Dev29, Dev211],Fit: [0.7995980533824449, 0.8741148231551779, 0.8227448354461365, 0.8767889296974096],Nível: [Junior, Middle, Senior, Master],Total Fit: 0.03
Cromossomo: 148,IDs: [445, 7, 94, 402],Nomes: [Dev445, Dev7, Dev94, Dev402],Fit: [0.90, 0.8722168142381703, 0.8697516342669049, 0.80],Nível: [Junior, Middle, Senior, Master],Total Fit: 1.45
Cromossomo: 149,IDs: [56, 48, 27, 62],Nomes: [Dev56, Dev48, Dev27, Dev62],Fit: [0.80, 0.90, 0.70, 0.60],Nível: [Junior, Middle, Senior, Master],Total Fit: 0.30
Cromossomo: 150,IDs: [336, 181, 351, 211],Nomes: [Dev336, Dev181, Dev351, Dev211],Fit: [0.90, 0.90, 0.90, 0.8616363758875932],Nível: [Junior, Middle, Senior, Master],Total Fit: 0.04
Cromossomo: 151,IDs: [423, 7, 65, 211],Nomes: [Dev423, Dev7, Dev65, Dev211],Fit: [0.7692960020467995, 0.8799490206220557, 0.6516709074181495, 0.893053605564431],Nível: [Junior, Middle, Senior, Master],Total Fit: 0.03
Cromossomo: 152,IDs: [445, 7, 94, 402],Nomes: [Dev445, Dev7, Dev94, Dev402],Fit: [0.90, 0.8722168142381703, 0.8697516342669049, 0.80],Nível: [Junior, Middle, Senior, Master],Total Fit: 1.45
Cromossomo: 153,IDs: [53, 97, 38, 85],Nomes: [Dev53, Dev97, Dev38, Dev85],Fit: [0.60, 0.70, 0.80, 0.80],Nível: [Junior, Middle, Senior, Master],Total Fit: 0.44
Cromossomo: 154,IDs: [423, 7, 138, 402],Nomes: [Dev423, Dev7, Dev138, Dev402],Fit: [0.7833793047249641, 0.8835374955505387, 0.70, 0.80],Nível: [Junior, Middle, Senior, Master],Total Fit: 0.38
Cromossomo: 155,IDs: [56, 48, 65, 62],Nomes: [Dev56, Dev48, Dev65, Dev62],Fit: [0.7934422300591892, 0.8957795053500455, 0.6682007153155656, 0.6317763879298324],Nível: [Junior, Middle, Senior, Master],Total Fit: 0.18
Cromossomo: 156,IDs: [445, 7, 94, 402],Nomes: [Dev445, Dev7, Dev94, Dev402],Fit: [0.90, 0.8722168142381703, 0.8697516342669049, 0.80],Nível: [Junior, Middle, Senior, Master],Total Fit: 1.45
Cromossomo: 157,IDs: [423, 270, 94, 198],Nomes: [Dev423, Dev270, Dev94, Dev198],Fit: [0.769061575941316, 0.80, 1.00, 0.80],Nível: [Junior, Middle, Senior, Master],Total Fit: 0.03
Cromossomo: 158,IDs: [53, 97, 138, 402],Nomes: [Dev53, Dev97, Dev138, Dev402],Fit: [0.6096557839175887, 0.7632318112683234, 0.7038500828936969, 0.8],Nível: [Junior, Middle, Senior, Master],Total Fit: 0.03
Cromossomo: 159,IDs: [81, 16, 65, 85],Nomes: [Dev81, Dev16, Dev65, Dev85],Fit: [0.80, 0.60, 0.60, 0.80],Nível: [Junior, Middle, Senior, Master],Total Fit: 0.03
Cromossomo: 160,IDs: [445, 7, 94, 402],Nomes: [Dev445, Dev7, Dev94, Dev402],Fit: [0.90, 0.8722168142381703, 0.8697516342669049, 0.80],Nível: [Junior, Middle, Senior, Master],Total Fit: 1.45
Cromossomo: 161,IDs: [362, 270, 65, 62],Nomes: [Dev362, Dev270, Dev65, Dev62],Fit: [0.80, 0.7381208676585584, 0.6292504526042159, 0.80],Nível: [Junior, Middle, Senior, Master],Total Fit: 0.36
Cromossomo: 162,IDs: [56, 8, 27, 46],Nomes: [Dev56, Dev8, Dev27, Dev46],Fit: [0.80, 0.70, 0.70, 0.80],Nível: [Junior, Middle, Senior, Master],Total Fit: 0.30
Cromossomo: 163,IDs: [423, 16, 94, 198],Nomes: [Dev423, Dev16, Dev94, Dev198],Fit: [0.7691244939829524, 0.6994809660661616, 0.9749818056487595, 0.8],Nível: [Junior, Middle, Senior, Master],Total Fit: 0.03
Cromossomo: 164,IDs: [445, 7, 94, 402],Nomes: [Dev445, Dev7, Dev94, Dev402],Fit: [0.90, 0.8722168142381703, 0.8697516342669049, 0.80],Nível: [Junior, Middle, Senior, Master],Total Fit: 1.45
Cromossomo: 165,IDs: [55, 97, 38, 62],Nomes: [Dev55, Dev97, Dev38, Dev62],Fit: [0.70, 0.70, 0.80, 0.60],Nível: [Junior, Middle, Senior, Master],Total Fit: 0.22
Cromossomo: 166,IDs: [453, 28, 27, 198],Nomes: [Dev453, Dev28, Dev27, Dev198],Fit: [0.80, 0.80, 0.80, 0.80],Nível: [Junior, Middle, Senior, Master],Total Fit: 0.03
Cromossomo: 167,IDs: [56, 8, 65, 46],Nomes: [Dev56, Dev8, Dev65, Dev46],Fit: [0.8, 0.7013560061406015, 0.6321353523095303, 0.8],Nível: [Junior, Middle, Senior, Master],Total Fit: 0.03
Cromossomo: 168,IDs: [445, 7, 94, 402],Nomes: [Dev445, Dev7, Dev94, Dev402],Fit: [0.90, 0.8722168142381703, 0.8697516342669049, 0.80],Nível: [Junior, Middle, Senior, Master],Total Fit: 1.45
Cromossomo: 169,IDs: [56, 97, 38, 46],Nomes: [Dev56, Dev97, Dev38, Dev46],Fit: [0.7507638035799511, 0.7006214524326535, 0.7296471254737324, 0.7845286833277928],Nível: [Junior, Middle, Senior, Master],Total Fit: 0.24
Cromossomo: 170,IDs: [55, 8, 161, 402],Nomes: [Dev55, Dev8, Dev161, Dev402],Fit: [0.7138069706097454, 0.7012773855083346, 0.80, 0.80],Nível: [Junior, Middle, Senior, Master],Total Fit: 0.03
Cromossomo: 171,IDs: [53, 16, 17, 85],Nomes: [Dev53, Dev16, Dev17, Dev85],Fit: [0.60, 0.60, 0.70, 0.80],Nível: [Junior, Middle, Senior, Master],Total Fit: 0.03
Cromossomo: 172,IDs: [445, 7, 94, 402],Nomes: [Dev445, Dev7, Dev94, Dev402],Fit: [0.90, 0.8722168142381703, 0.8697516342669049, 0.80],Nível: [Junior, Middle, Senior, Master],Total Fit: 1.45
Cromossomo: 173,IDs: [453, 181, 293, 46],Nomes: [Dev453, Dev181, Dev293, Dev46],Fit: [0.80, 0.90, 0.70, 0.7876857734504443],Nível: [Junior, Middle, Senior, Master],Total Fit: 0.10
Cromossomo: 174,IDs: [27, 82, 8, 89],Nomes: [Dev27, Dev82, Dev8, Dev89],Fit: [0.70, 0.70, 0.70, 0.80],Nível: [Senior, Junior, Middle, Master],Total Fit: 0.03
Cromossomo: 175,IDs: [56, 16, 17, 85],Nomes: [Dev56, Dev16, Dev17, Dev85],Fit: [0.6949374246716358, 0.6191760714189221, 0.7104738402549973, 0.793787643091268],Nível: [Junior, Middle, Senior, Master],Total Fit: 0.03
Cromossomo: 176,IDs: [445, 7, 94, 402],Nomes: [Dev445, Dev7, Dev94, Dev402],Fit: [0.90, 0.8722168142381703, 0.8697516342669049, 0.80],Nível: [Junior, Middle, Senior, Master],Total Fit: 1.45
Cromossomo: 177,IDs: [229, 181, 161, 46],Nomes: [Dev229, Dev181, Dev161, Dev46],Fit: [0.80, 0.8804621900966589, 0.80, 0.7880225139718506],Nível: [Junior, Middle, Senior, Master],Total Fit: 0.39
Cromossomo: 178,IDs: [56, 16, 293, 85],Nomes: [Dev56, Dev16, Dev293, Dev85],Fit: [0.7342418396895607, 0.7301227012574136, 0.7018013987813692, 0.793472505600453],Nível: [Junior, Middle, Senior, Master],Total Fit: 0.03
Cromossomo: 179,IDs: [],Nomes: [],Fit: [],Nível: [],Total Fit: 0.00
Cromossomo: 180,IDs: [445, 7, 94, 402],Nomes: [Dev445, Dev7, Dev94, Dev402],Fit: [0.90, 0.8722168142381703, 0.8697516342669049, 0.80],Nível: [Junior, Middle, Senior, Master],Total Fit: 1.45
Cromossomo: 181,IDs: [56, 181, 94, 85],Nomes: [Dev56, Dev181, Dev94, Dev85],Fit: [0.7374103480013674, 0.8496794037946214, 1.00, 0.7934018084750364],Nível: [Junior, Middle, Senior, Master],Total Fit: 0.03
Cromossomo: 182,IDs: [229, 16, 448, 62],Nomes: [Dev229, Dev16, Dev448, Dev62],Fit: [0.7864715116909763, 0.7999379796807119, 0.80, 0.80],Nível: [Junior, Middle, Senior, Master],Total Fit: 0.03
Cromossomo: 183,IDs: [45, 8, 29, 46],Nomes: [Dev45, Dev8, Dev29, Dev46],Fit: [0.70, 0.70, 0.80, 0.80],Nível: [Junior, Middle, Senior, Master],Total Fit: 0.03
Cromossomo: 184,IDs: [445, 7, 94, 402],Nomes: [Dev445, Dev7, Dev94, Dev402],Fit: [0.90, 0.8722168142381703, 0.8697516342669049, 0.80],Nível: [Junior, Middle, Senior, Master],Total Fit: 1.45
Cromossomo: 185,IDs: [229, 269, 38, 198],Nomes: [Dev229, Dev269, Dev38, Dev198],Fit: [0.7548338425392633, 0.80, 0.80, 0.80],Nível: [Junior, Middle, Senior, Master],Total Fit: 0.22
Cromossomo: 186,IDs: [45, 16, 448, 62],Nomes: [Dev45, Dev16, Dev448, Dev62],Fit: [0.706691927252309, 0.7596184167106244, 0.8, 0.8],Nível: [Junior, Middle, Senior, Master],Total Fit: 0.21
Cromossomo: 187,IDs: [48, 53, 89, 17],Nomes: [Dev48, Dev53, Dev89, Dev17],Fit: [0.90, 0.60, 0.80, 0.70],Nível: [Middle, Junior, Master, Senior],Total Fit: 0.03
Cromossomo: 188,IDs: [445, 7, 94, 402],Nomes: [Dev445, Dev7, Dev94, Dev402],Fit: [0.90, 0.8722168142381703, 0.8697516342669049, 0.80],Nível: [Junior, Middle, Senior, Master],Total Fit: 1.45
Cromossomo: 189,IDs: [45, 16, 38, 198],Nomes: [Dev45, Dev16, Dev38, Dev198],Fit: [0.7141484663129343, 0.7649771602347607, 0.8, 0.8],Nível: [Junior, Middle, Senior, Master],Total Fit: 0.22
Cromossomo: 190,IDs: [229, 181, 27, 136],Nomes: [Dev229, Dev181, Dev27, Dev136],Fit: [0.7490870864728489, 0.90, 0.80, 0.80],Nível: [Junior, Middle, Senior, Master],Total Fit: 0.03
Cromossomo: 191,IDs: [47, 85, 8, 17],Nomes: [Dev47, Dev85, Dev8, Dev17],Fit: [0.80, 0.80, 0.70, 0.70],Nível: [Junior, Master, Middle, Senior],Total Fit: 0.03
Cromossomo: 192,IDs: [445, 7, 94, 402],Nomes: [Dev445, Dev7, Dev94, Dev402],Fit: [0.90, 0.8722168142381703, 0.8697516342669049, 0.80],Nível: [Junior, Middle, Senior, Master],Total Fit: 1.45
Cromossomo: 193,IDs: [45, 16, 27, 136],Nomes: [Dev45, Dev16, Dev27, Dev136],Fit: [0.7287212400111986, 0.7871293673934838, 0.8, 0.8],Nível: [Junior, Middle, Senior, Master],Total Fit: 0.37
Cromossomo: 194,IDs: [229, 181, 448, 211],Nomes: [Dev229, Dev181, Dev448, Dev211],Fit: [0.7480469011123987, 0.8539854602000946, 0.80, 1.00],Nível: [Junior, Middle, Senior, Master],Total Fit: 0.03
Cromossomo: 195,IDs: [81, 48, 17, 85],Nomes: [Dev81, Dev48, Dev17, Dev85],Fit: [0.80, 0.90, 0.70, 0.80],Nível: [Junior, Middle, Senior, Master],Total Fit: 0.03
Cromossomo: 196,IDs: [445, 7, 94, 402],Nomes: [Dev445, Dev7, Dev94, Dev402],Fit: [0.90, 0.8722168142381703, 0.8697516342669049, 0.80],Nível: [Junior, Middle, Senior, Master],Total Fit: 1.45
Cromossomo: 197,IDs: [47, 16, 29, 62],Nomes: [Dev47, Dev16, Dev29, Dev62],Fit: [0.80, 0.60, 0.80, 0.60],Nível: [Junior, Middle, Senior, Master],Total Fit: 0.34
Cromossomo: 198,IDs: [81, 7, 27, 46],Nomes: [Dev81, Dev7, Dev27, Dev46],Fit: [0.7968909495047379, 0.90, 0.7875131457061723, 0.80],Nível: [Junior, Middle, Senior, Master],Total Fit: 0.33
Cromossomo: 199,IDs: [45, 48, 17, 85],Nomes: [Dev45, Dev48, Dev17, Dev85],Fit: [0.7311685833637103, 0.8915729767839803, 0.7236523848328138, 0.8],Nível: [Junior, Middle, Senior, Master],Total Fit: 0.03
Cromossomo: 200,IDs: [445, 7, 94, 402],Nomes: [Dev445, Dev7, Dev94, Dev402],Fit: [0.90, 0.8722168142381703, 0.8697516342669049, 0.80],Nível: [Junior, Middle, Senior, Master],Total Fit: 1.45
Cromossomo: 201,IDs: [81, 7, 29, 46],Nomes: [Dev81, Dev7, Dev29, Dev46],Fit: [0.7968943550840604, 0.8974659966591497, 0.7948604876325382, 0.7424098524035126],Nível: [Junior, Middle, Senior, Master],Total Fit: 0.58
Cromossomo: 202,IDs: [47, 181, 161, 327],Nomes: [Dev47, Dev181, Dev161, Dev327],Fit: [0.799614132550319, 0.90, 0.80, 0.80],Nível: [Junior, Middle, Senior, Master],Total Fit: 0.03
Cromossomo: 203,IDs: [8, 62, 53, 65],Nomes: [Dev8, Dev62, Dev53, Dev65],Fit: [0.70, 0.60, 0.60, 0.60],Nível: [Middle, Master, Junior, Senior],Total Fit: 0.03
Cromossomo: 204,IDs: [445, 7, 94, 402],Nomes: [Dev445, Dev7, Dev94, Dev402],Fit: [0.90, 0.8722168142381703, 0.8697516342669049, 0.80],Nível: [Junior, Middle, Senior, Master],Total Fit: 1.45
Cromossomo: 205,IDs: [53, 97, 38, 89],Nomes: [Dev53, Dev97, Dev38, Dev89],Fit: [0.60, 0.70, 0.80, 0.80],Nível: [Junior, Middle, Senior, Master],Total Fit: 0.44
Cromossomo: 206,IDs: [47, 181, 29, 62],Nomes: [Dev47, Dev181, Dev29, Dev62],Fit: [0.7988874726755217, 0.90, 0.7969445488596625, 0.80],Nível: [Junior, Middle, Senior, Master],Total Fit: 0.40
Cromossomo: 207,IDs: [81, 7, 161, 46],Nomes: [Dev81, Dev7, Dev161, Dev46],Fit: [0.7980299783340601, 0.8981291300808116, 0.7998484559153436, 0.7498774900128733],Nível: [Junior, Middle, Senior, Master],Total Fit: 0.29
Cromossomo: 208,IDs: [445, 7, 94, 402],Nomes: [Dev445, Dev7, Dev94, Dev402],Fit: [0.90, 0.8722168142381703, 0.8697516342669049, 0.80],Nível: [Junior, Middle, Senior, Master],Total Fit: 1.45
Cromossomo: 209,IDs: [397, 97, 38, 89],Nomes: [Dev397, Dev97, Dev38, Dev89],Fit: [0.70, 0.7797433109893259, 0.7999373921828575, 0.791054980592208],Nível: [Junior, Middle, Senior, Master],Total Fit: 1.04
Cromossomo: 210,IDs: [53, 7, 161, 46],Nomes: [Dev53, Dev7, Dev161, Dev46],Fit: [0.637946143661305, 0.8149466839839077, 0.7999096575073632, 0.7639375695922591],Nível: [Junior, Middle, Senior, Master],Total Fit: 0.94
Cromossomo: 211,IDs: [104, 65, 48, 62],Nomes: [Dev104, Dev65, Dev48, Dev62],Fit: [0.60, 0.60, 0.90, 0.60],Nível: [Junior, Senior, Middle, Master],Total Fit: 0.03
Cromossomo: 212,IDs: [445, 7, 94, 402],Nomes: [Dev445, Dev7, Dev94, Dev402],Fit: [0.90, 0.8722168142381703, 0.8697516342669049, 0.80],Nível: [Junior, Middle, Senior, Master],Total Fit: 1.45
Cromossomo: 213,IDs: [438, 97, 351, 62],Nomes: [Dev438, Dev97, Dev351, Dev62],Fit: [0.70, 0.7951482312319437, 0.90, 0.80],Nível: [Junior, Middle, Senior, Master],Total Fit: 0.38
Cromossomo: 214,IDs: [397, 7, 38, 46],Nomes: [Dev397, Dev7, Dev38, Dev46],Fit: [0.6758367509890031, 0.8096691468718096, 0.799928845903283, 0.7716381259388323],Nível: [Junior, Middle, Senior, Master],Total Fit: 0.03
Cromossomo: 215,IDs: [],Nomes: [],Fit: [],Nível: [],Total Fit: 0.00
Cromossomo: 216,IDs: [445, 7, 94, 402],Nomes: [Dev445, Dev7, Dev94, Dev402],Fit: [0.90, 0.8722168142381703, 0.8697516342669049, 0.80],Nível: [Junior, Middle, Senior, Master],Total Fit: 1.45
Cromossomo: 217,IDs: [438, 7, 38, 62],Nomes: [Dev438, Dev7, Dev38, Dev62],Fit: [0.6885903706232188, 0.8064347810635343, 0.8267238420641453, 0.7961126310756897],Nível: [Junior, Middle, Senior, Master],Total Fit: 0.56
Cromossomo: 218,IDs: [53, 16, 27, 89],Nomes: [Dev53, Dev16, Dev27, Dev89],Fit: [0.60, 0.60, 0.70, 0.80],Nível: [Junior, Middle, Senior, Master],Total Fit: 0.14
Cromossomo: 219,IDs: [397, 97, 351, 46],Nomes: [Dev397, Dev97, Dev351, Dev46],Fit: [0.6786143050277837, 0.7985014229162991, 0.90, 0.80],Nível: [Junior, Middle, Senior, Master],Total Fit: 0.03
Cromossomo: 220,IDs: [445, 7, 94, 402],Nomes: [Dev445, Dev7, Dev94, Dev402],Fit: [0.90, 0.8722168142381703, 0.8697516342669049, 0.80],Nível: [Junior, Middle, Senior, Master],Total Fit: 1.45
Cromossomo: 221,IDs: [365, 137, 38, 62],Nomes: [Dev365, Dev137, Dev38, Dev62],Fit: [0.80, 0.80, 0.80, 0.7971068071947931],Nível: [Junior, Middle, Senior, Master],Total Fit: 0.06
Cromossomo: 222,IDs: [53, 7, 27, 89],Nomes: [Dev53, Dev7, Dev27, Dev89],Fit: [0.6348344031500456, 0.7756002775564231, 0.7473792400716823, 0.798169023458186],Nível: [Junior, Middle, Senior, Master],Total Fit: 0.03
Cromossomo: 223,IDs: [56, 8, 85, 65],Nomes: [Dev56, Dev8, Dev85, Dev65],Fit: [0.80, 0.70, 0.80, 0.60],Nível: [Junior, Middle, Master, Senior],Total Fit: 0.03
Cromossomo: 224,IDs: [445, 7, 94, 402],Nomes: [Dev445, Dev7, Dev94, Dev402],Fit: [0.90, 0.8722168142381703, 0.8697516342669049, 0.80],Nível: [Junior, Middle, Senior, Master],Total Fit: 1.45
Cromossomo: 225,IDs: [104, 7, 351, 62],Nomes: [Dev104, Dev7, Dev351, Dev62],Fit: [0.80, 0.7821145830825974, 0.90, 0.7973360362086854],Nível: [Junior, Middle, Senior, Master],Total Fit: 1.38
Cromossomo: 226,IDs: [365, 137, 27, 89],Nomes: [Dev365, Dev137, Dev27, Dev89],Fit: [0.719232560006376, 0.795068364064778, 0.7578534152796544, 0.7978989648292144],Nível: [Junior, Middle, Senior, Master],Total Fit: 0.03
Cromossomo: 227,IDs: [56, 8, 17, 46],Nomes: [Dev56, Dev8, Dev17, Dev46],Fit: [0.80, 0.70, 0.70, 0.80],Nível: [Junior, Middle, Senior, Master],Total Fit: 0.03
Cromossomo: 228,IDs: [445, 7, 94, 402],Nomes: [Dev445, Dev7, Dev94, Dev402],Fit: [0.90, 0.8722168142381703, 0.8697516342669049, 0.80],Nível: [Junior, Middle, Senior, Master],Total Fit: 1.45
Cromossomo: 229,IDs: [56, 7, 17, 62],Nomes: [Dev56, Dev7, Dev17, Dev62],Fit: [0.8, 0.7492469187710004, 0.744259104127031, 0.7973902826355688],Nível: [Junior, Middle, Senior, Master],Total Fit: 1.30
Cromossomo: 230,IDs: [200, 8, 27, 211],Nomes: [Dev200, Dev8, Dev27, Dev211],Fit: [0.80, 0.7264620412586215, 0.80, 1.00],Nível: [Junior, Middle, Senior, Master],Total Fit: 0.07
Cromossomo: 231,IDs: [38, 47, 89, 16],Nomes: [Dev38, Dev47, Dev89, Dev16],Fit: [0.80, 0.80, 0.80, 0.60],Nível: [Senior, Junior, Master, Middle],Total Fit: 0.03
Cromossomo: 232,IDs: [445, 7, 94, 402],Nomes: [Dev445, Dev7, Dev94, Dev402],Fit: [0.90, 0.8722168142381703, 0.8697516342669049, 0.80],Nível: [Junior, Middle, Senior, Master],Total Fit: 1.45
Cromossomo: 233,IDs: [200, 7, 17, 211],Nomes: [Dev200, Dev7, Dev17, Dev211],Fit: [0.8, 0.7479023824348525, 0.7717423938838868, 0.955667161711801],Nível: [Junior, Middle, Senior, Master],Total Fit: 0.59
Cromossomo: 234,IDs: [317, 8, 382, 211],Nomes: [Dev317, Dev8, Dev382, Dev211],Fit: [0.80, 0.732746493812842, 0.60, 0.9081447976321022],Nível: [Junior, Middle, Senior, Master],Total Fit: 0.09
Cromossomo: 235,IDs: [53, 97, 29, 89],Nomes: [Dev53, Dev97, Dev29, Dev89],Fit: [0.60, 0.70, 0.80, 0.80],Nível: [Junior, Middle, Senior, Master],Total Fit: 0.03
Cromossomo: 236,IDs: [445, 7, 94, 402],Nomes: [Dev445, Dev7, Dev94, Dev402],Fit: [0.90, 0.8722168142381703, 0.8697516342669049, 0.80],Nível: [Junior, Middle, Senior, Master],Total Fit: 1.45
Cromossomo: 237,IDs: [200, 7, 17, 211],Nomes: [Dev200, Dev7, Dev17, Dev211],Fit: [0.7995536011983911, 0.7333192867748599, 0.7812919071427975, 0.9422251027769792],Nível: [Junior, Middle, Senior, Master],Total Fit: 0.59
Cromossomo: 238,IDs: [447, 97, 29, 89],Nomes: [Dev447, Dev97, Dev29, Dev89],Fit: [0.80, 0.708759921795179, 0.7860676801456568, 0.8330792570295589],Nível: [Junior, Middle, Senior, Master],Total Fit: 0.03
Cromossomo: 239,IDs: [104, 65, 48, 62],Nomes: [Dev104, Dev65, Dev48, Dev62],Fit: [0.60, 0.60, 0.90, 0.60],Nível: [Junior, Senior, Middle, Master],Total Fit: 0.03
Cromossomo: 240,IDs: [445, 7, 94, 402],Nomes: [Dev445, Dev7, Dev94, Dev402],Fit: [0.90, 0.8722168142381703, 0.8697516342669049, 0.80],Nível: [Junior, Middle, Senior, Master],Total Fit: 1.45
Cromossomo: 241,IDs: [82, 48, 27, 62],Nomes: [Dev82, Dev48, Dev27, Dev62],Fit: [0.70, 0.90, 0.70, 0.60],Nível: [Junior, Middle, Senior, Master],Total Fit: 0.29
Cromossomo: 242,IDs: [220, 97, 38, 211],Nomes: [Dev220, Dev97, Dev38, Dev211],Fit: [0.90, 0.7195735736550207, 0.80, 0.9269168850170026],Nível: [Junior, Middle, Senior, Master],Total Fit: 0.27
Cromossomo: 243,IDs: [447, 7, 17, 211],Nomes: [Dev447, Dev7, Dev17, Dev211],Fit: [0.7999234232044634, 0.7307724393281889, 0.7819397619560935, 0.9273625782465447],Nível: [Junior, Middle, Senior, Master],Total Fit: 0.06
Cromossomo: 244,IDs: [445, 7, 94, 402],Nomes: [Dev445, Dev7, Dev94, Dev402],Fit: [0.90, 0.8722168142381703, 0.8697516342669049, 0.80],Nível: [Junior, Middle, Senior, Master],Total Fit: 1.45
Cromossomo: 245,IDs: [447, 7, 17, 62],Nomes: [Dev447, Dev7, Dev17, Dev62],Fit: [0.7829732906666592, 0.8151268419851327, 0.7504708421781894, 0.7114069484357547],Nível: [Junior, Middle, Senior, Master],Total Fit: 0.55
Cromossomo: 246,IDs: [82, 174, 27, 211],Nomes: [Dev82, Dev174, Dev27, Dev211],Fit: [0.7456779393434726, 0.80, 0.7109128531314146, 1.00],Nível: [Junior, Middle, Senior, Master],Total Fit: 0.07
Cromossomo: 247,IDs: [56, 65, 48, 46],Nomes: [Dev56, Dev65, Dev48, Dev46],Fit: [0.80, 0.60, 0.90, 0.80],Nível: [Junior, Senior, Middle, Master],Total Fit: 0.03
Cromossomo: 248,IDs: [445, 7, 94, 402],Nomes: [Dev445, Dev7, Dev94, Dev402],Fit: [0.90, 0.8722168142381703, 0.8697516342669049, 0.80],Nível: [Junior, Middle, Senior, Master],Total Fit: 1.45
Cromossomo: 249,IDs: [423, 7, 38, 62],Nomes: [Dev423, Dev7, Dev38, Dev62],Fit: [0.80, 0.90, 0.80, 0.7636728573426402],Nível: [Junior, Middle, Senior, Master],Total Fit: 0.59
Cromossomo: 250,IDs: [82, 174, 17, 211],Nomes: [Dev82, Dev174, Dev17, Dev211],Fit: [0.7494864142361322, 0.8062295992359698, 0.7472862332561617, 0.9441358440403458],Nível: [Junior, Middle, Senior, Master],Total Fit: 0.03
Cromossomo: 251,IDs: [53, 8, 65, 89],Nomes: [Dev53, Dev8, Dev65, Dev89],Fit: [0.60, 0.70, 0.60, 0.80],Nível: [Junior, Middle, Senior, Master],Total Fit: 0.03
Cromossomo: 252,IDs: [445, 7, 94, 402],Nomes: [Dev445, Dev7, Dev94, Dev402],Fit: [0.90, 0.8722168142381703, 0.8697516342669049, 0.80],Nível: [Junior, Middle, Senior, Master],Total Fit: 1.45
Cromossomo: 253,IDs: [423, 7, 38, 62],Nomes: [Dev423, Dev7, Dev38, Dev62],Fit: [0.7849997720702969, 0.8032146593184819, 0.7691984817629783, 0.7804225493842413],Nível: [Junior, Middle, Senior, Master],Total Fit: 0.56
Cromossomo: 254,IDs: [55, 48, 29, 46],Nomes: [Dev55, Dev48, Dev29, Dev46],Fit: [0.70, 0.90, 0.80, 0.80],Nível: [Junior, Middle, Senior, Master],Total Fit: 0.03
Cromossomo: 255,IDs: [53, 8, 351, 89],Nomes: [Dev53, Dev8, Dev351, Dev89],Fit: [0.6993026538283033, 0.7919994476425267, 0.90, 0.7978501337244012],Nível: [Junior, Middle, Senior, Master],Total Fit: 0.03
Cromossomo: 256,IDs: [445, 7, 94, 402],Nomes: [Dev445, Dev7, Dev94, Dev402],Fit: [0.90, 0.8722168142381703, 0.8697516342669049, 0.80],Nível: [Junior, Middle, Senior, Master],Total Fit: 1.45
Cromossomo: 257,IDs: [423, 7, 38, 62],Nomes: [Dev423, Dev7, Dev38, Dev62],Fit: [0.7625742455986543, 0.8475249250039885, 0.7724385834174247, 0.7832931879325863],Nível: [Junior, Middle, Senior, Master],Total Fit: 0.57
Cromossomo: 258,IDs: [55, 48, 29, 46],Nomes: [Dev55, Dev48, Dev29, Dev46],Fit: [0.7332869658579262, 0.8567517069520957, 0.7962382313540014, 0.7936157135965599],Nível: [Junior, Middle, Senior, Master],Total Fit: 0.03
Cromossomo: 259,IDs: [82, 8, 27, 85],Nomes: [Dev82, Dev8, Dev27, Dev85],Fit: [0.70, 0.70, 0.70, 0.80],Nível: [Junior, Middle, Senior, Master],Total Fit: 0.03
Cromossomo: 260,IDs: [445, 7, 94, 402],Nomes: [Dev445, Dev7, Dev94, Dev402],Fit: [0.90, 0.8722168142381703, 0.8697516342669049, 0.80],Nível: [Junior, Middle, Senior, Master],Total Fit: 1.45
Cromossomo: 261,IDs: [56, 7, 38, 136],Nomes: [Dev56, Dev7, Dev38, Dev136],Fit: [0.80, 0.793530925621488, 0.7693549802825062, 0.80],Nível: [Junior, Middle, Senior, Master],Total Fit: 0.57
Cromossomo: 262,IDs: [82, 8, 27, 62],Nomes: [Dev82, Dev8, Dev27, Dev62],Fit: [0.7265296665069001, 0.7480271517129955, 0.7226015697991601, 0.784387104172204],Nível: [Junior, Middle, Senior, Master],Total Fit: 0.18
Cromossomo: 263,IDs: [97, 45, 29, 89],Nomes: [Dev97, Dev45, Dev29, Dev89],Fit: [0.70, 0.70, 0.80, 0.80],Nível: [Middle, Junior, Senior, Master],Total Fit: 0.03
Cromossomo: 264,IDs: [445, 7, 94, 402],Nomes: [Dev445, Dev7, Dev94, Dev402],Fit: [0.90, 0.8722168142381703, 0.8697516342669049, 0.80],Nível: [Junior, Middle, Senior, Master],Total Fit: 1.45
Cromossomo: 265,IDs: [56, 8, 27, 62],Nomes: [Dev56, Dev8, Dev27, Dev62],Fit: [0.7768433005611234, 0.7677785467324707, 0.7266294611503442, 0.7895619539320269],Nível: [Junior, Middle, Senior, Master],Total Fit: 0.18
Cromossomo: 266,IDs: [229, 7, 38, 136],Nomes: [Dev229, Dev7, Dev38, Dev136],Fit: [0.80, 0.7910997064222688, 0.7469742418277556, 0.80],Nível: [Junior, Middle, Senior, Master],Total Fit: 0.03
Cromossomo: 267,IDs: [82, 48, 17, 89],Nomes: [Dev82, Dev48, Dev17, Dev89],Fit: [0.70, 0.90, 0.70, 0.80],Nível: [Junior, Middle, Senior, Master],Total Fit: 0.03
Cromossomo: 268,IDs: [445, 7, 94, 402],Nomes: [Dev445, Dev7, Dev94, Dev402],Fit: [0.90, 0.8722168142381703, 0.8697516342669049, 0.80],Nível: [Junior, Middle, Senior, Master],Total Fit: 1.45
Cromossomo: 269,IDs: [55, 16, 27, 46],Nomes: [Dev55, Dev16, Dev27, Dev46],Fit: [0.70, 0.60, 0.70, 0.80],Nível: [Junior, Middle, Senior, Master],Total Fit: 0.42
Cromossomo: 270,IDs: [356, 7, 17, 136],Nomes: [Dev356, Dev7, Dev17, Dev136],Fit: [0.80, 0.90, 0.7148942755574678, 0.80],Nível: [Junior, Middle, Senior, Master],Total Fit: 0.03
Cromossomo: 271,IDs: [82, 48, 38, 89],Nomes: [Dev82, Dev48, Dev38, Dev89],Fit: [0.7227237943055894, 0.8691212592405861, 0.7389280145103243, 0.8],Nível: [Junior, Middle, Senior, Master],Total Fit: 0.03
Cromossomo: 272,IDs: [363, 16, 27, 311],Nomes: [Dev363, Dev16, Dev27, Dev311],Fit: [0.80, 0.6934443518613875, 0.7014516420978179, 0.80],Nível: [Junior, Middle, Senior, Master],Total Fit: 2.88
Cromossomo: 273,IDs: [445, 7, 94, 402],Nomes: [Dev445, Dev7, Dev94, Dev402],Fit: [0.90, 0.8722168142381703, 0.8697516342669049, 0.80],Nível: [Junior, Middle, Senior, Master],Total Fit: 1.45
Cromossomo: 274,IDs: [356, 7, 17, 136],Nomes: [Dev356, Dev7, Dev17, Dev136],Fit: [0.7699195259009496, 0.7806006159302847, 0.7111340997190858, 0.8],Nível: [Junior, Middle, Senior, Master],Total Fit: 0.03
Cromossomo: 275,IDs: [55, 29, 8, 89],Nomes: [Dev55, Dev29, Dev8, Dev89],Fit: [0.70, 0.80, 0.70, 0.80],Nível: [Junior, Senior, Middle, Master],Total Fit: 0.03
Cromossomo: 276,IDs: [363, 16, 27, 311],Nomes: [Dev363, Dev16, Dev27, Dev311],Fit: [0.80, 0.6934443518613875, 0.7014516420978179, 0.80],Nível: [Junior, Middle, Senior, Master],Total Fit: 2.88
Cromossomo: 277,IDs: [445, 7, 94, 136],Nomes: [Dev445, Dev7, Dev94, Dev136],Fit: [0.8411525538166342, 0.8185279353216055, 0.8676247684926653, 0.8],Nível: [Junior, Middle, Senior, Master],Total Fit: 0.60
Cromossomo: 278,IDs: [359, 181, 17, 311],Nomes: [Dev359, Dev181, Dev17, Dev311],Fit: [0.90, 0.90, 0.7509294930487725, 0.80],Nível: [Junior, Middle, Senior, Master],Total Fit: 0.03
Cromossomo: 279,IDs: [89, 8, 38, 47],Nomes: [Dev89, Dev8, Dev38, Dev47],Fit: [0.80, 0.70, 0.80, 0.80],Nível: [Master, Middle, Senior, Junior],Total Fit: 0.03
Cromossomo: 280,IDs: [363, 16, 27, 311],Nomes: [Dev363, Dev16, Dev27, Dev311],Fit: [0.80, 0.6934443518613875, 0.7014516420978179, 0.80],Nível: [Junior, Middle, Senior, Master],Total Fit: 2.88
Cromossomo: 281,IDs: [445, 7, 94, 311],Nomes: [Dev445, Dev7, Dev94, Dev311],Fit: [0.8517112735604908, 0.849353749767362, 0.810444218901446, 0.8],Nível: [Junior, Middle, Senior, Master],Total Fit: 0.60
Cromossomo: 282,IDs: [359, 181, 17, 211],Nomes: [Dev359, Dev181, Dev17, Dev211],Fit: [0.90, 0.90, 0.7649308274400245, 1.00],Nível: [Junior, Middle, Senior, Master],Total Fit: 0.04
Cromossomo: 283,IDs: [65, 104, 48, 85],Nomes: [Dev65, Dev104, Dev48, Dev85],Fit: [0.60, 0.60, 0.90, 0.80],Nível: [Senior, Junior, Middle, Master],Total Fit: 0.03
Cromossomo: 284,IDs: [363, 16, 27, 311],Nomes: [Dev363, Dev16, Dev27, Dev311],Fit: [0.80, 0.6934443518613875, 0.7014516420978179, 0.80],Nível: [Junior, Middle, Senior, Master],Total Fit: 2.88
Cromossomo: 285,IDs: [335, 7, 94, 211],Nomes: [Dev335, Dev7, Dev94, Dev211],Fit: [0.90, 0.8723700244688063, 0.793467251651407, 1.00],Nível: [Junior, Middle, Senior, Master],Total Fit: 0.18
Cromossomo: 286,IDs: [445, 181, 17, 311],Nomes: [Dev445, Dev181, Dev17, Dev311],Fit: [0.8711359232802383, 0.8830561984468097, 0.7799086264606899, 0.8516406837393776],Nível: [Junior, Middle, Senior, Master],Total Fit: 0.03
Cromossomo: 287,IDs: [47, 97, 29, 89],Nomes: [Dev47, Dev97, Dev29, Dev89],Fit: [0.80, 0.70, 0.80, 0.80],Nível: [Junior, Middle, Senior, Master],Total Fit: 0.03
Cromossomo: 288,IDs: [363, 16, 27, 311],Nomes: [Dev363, Dev16, Dev27, Dev311],Fit: [0.80, 0.6934443518613875, 0.7014516420978179, 0.80],Nível: [Junior, Middle, Senior, Master],Total Fit: 2.88
Cromossomo: 289,IDs: [335, 97, 94, 211],Nomes: [Dev335, Dev97, Dev94, Dev211],Fit: [0.8992698985449967, 0.762463542966981, 0.7938034875619362, 0.9037360708107306],Nível: [Junior, Middle, Senior, Master],Total Fit: 0.17
Cromossomo: 290,IDs: [336, 181, 29, 89],Nomes: [Dev336, Dev181, Dev29, Dev89],Fit: [0.90, 0.90, 0.7977198843639046, 0.8356807296835046],Nível: [Junior, Middle, Senior, Master],Total Fit: 0.03
Cromossomo: 291,IDs: [28, 104, 38, 46],Nomes: [Dev28, Dev104, Dev38, Dev46],Fit: [0.80, 0.60, 0.80, 0.80],Nível: [Middle, Junior, Senior, Master],Total Fit: 0.03
Cromossomo: 292,IDs: [363, 16, 27, 311],Nomes: [Dev363, Dev16, Dev27, Dev311],Fit: [0.80, 0.6934443518613875, 0.7014516420978179, 0.80],Nível: [Junior, Middle, Senior, Master],Total Fit: 2.88
Cromossomo: 293,IDs: [82, 28, 38, 62],Nomes: [Dev82, Dev28, Dev38, Dev62],Fit: [0.70, 0.80, 0.80, 0.60],Nível: [Junior, Middle, Senior, Master],Total Fit: 0.17
Cromossomo: 294,IDs: [335, 181, 29, 89],Nomes: [Dev335, Dev181, Dev29, Dev89],Fit: [0.8994357845608724, 0.8320951736930979, 0.7963077872098243, 0.8537528216882667],Nível: [Junior, Middle, Senior, Master],Total Fit: 0.17
Cromossomo: 295,IDs: [220, 97, 161, 211],Nomes: [Dev220, Dev97, Dev161, Dev211],Fit: [0.90, 0.8234777527951652, 0.80, 0.8901155663665468],Nível: [Junior, Middle, Senior, Master],Total Fit: 0.03
Cromossomo: 296,IDs: [363, 16, 27, 311],Nomes: [Dev363, Dev16, Dev27, Dev311],Fit: [0.80, 0.6934443518613875, 0.7014516420978179, 0.80],Nível: [Junior, Middle, Senior, Master],Total Fit: 2.88
Cromossomo: 297,IDs: [82, 7, 351, 85],Nomes: [Dev82, Dev7, Dev351, Dev85],Fit: [0.7344532822007788, 0.90, 0.90, 0.70],Nível: [Junior, Middle, Senior, Master],Total Fit: 0.78
Cromossomo: 298,IDs: [335, 181, 29, 62],Nomes: [Dev335, Dev181, Dev29, Dev62],Fit: [0.8829160143960003, 0.8164276783556196, 0.7970063097304305, 0.7220486873291813],Nível: [Junior, Middle, Senior, Master],Total Fit: 0.55
Cromossomo: 299,IDs: [81, 65, 46, 97],Nomes: [Dev81, Dev65, Dev46, Dev97],Fit: [0.80, 0.60, 0.80, 0.70],Nível: [Junior, Senior, Master, Middle],Total Fit: 0.03
Cromossomo: 300,IDs: [363, 16, 27, 311],Nomes: [Dev363, Dev16, Dev27, Dev311],Fit: [0.80, 0.6934443518613875, 0.7014516420978179, 0.80],Nível: [Junior, Middle, Senior, Master],Total Fit: 2.88
Cromossomo: 301,IDs: [82, 7, 351, 85],Nomes: [Dev82, Dev7, Dev351, Dev85],Fit: [0.7872904874969058, 0.8658597550270329, 0.90, 0.7062227803476223],Nível: [Junior, Middle, Senior, Master],Total Fit: 0.78
Cromossomo: 302,IDs: [335, 181, 29, 62],Nomes: [Dev335, Dev181, Dev29, Dev62],Fit: [0.8804807709209038, 0.8257941929502718, 0.8417528236136096, 0.7180580922429475],Nível: [Junior, Middle, Senior, Master],Total Fit: 0.56
Cromossomo: 303,IDs: [17, 104, 8, 89],Nomes: [Dev17, Dev104, Dev8, Dev89],Fit: [0.70, 0.60, 0.70, 0.80],Nível: [Senior, Junior, Middle, Master],Total Fit: 0.03
Cromossomo: 304,IDs: [363, 16, 27, 311],Nomes: [Dev363, Dev16, Dev27, Dev311],Fit: [0.80, 0.6934443518613875, 0.7014516420978179, 0.80],Nível: [Junior, Middle, Senior, Master],Total Fit: 2.88
Cromossomo: 305,IDs: [335, 7, 29, 85],Nomes: [Dev335, Dev7, Dev29, Dev85],Fit: [0.8526872954381084, 0.846575145154097, 0.8693956096456521, 0.7078357634920206],Nível: [Junior, Middle, Senior, Master],Total Fit: 0.59
Cromossomo: 306,IDs: [359, 181, 351, 311],Nomes: [Dev359, Dev181, Dev351, Dev311],Fit: [0.90, 0.90, 0.90, 0.80],Nível: [Junior, Middle, Senior, Master],Total Fit: 0.39
Cromossomo: 307,IDs: [55, 28, 17, 62],Nomes: [Dev55, Dev28, Dev17, Dev62],Fit: [0.70, 0.80, 0.70, 0.60],Nível: [Junior, Middle, Senior, Master],Total Fit: 0.03
Cromossomo: 308,IDs: [363, 16, 27, 311],Nomes: [Dev363, Dev16, Dev27, Dev311],Fit: [0.80, 0.6934443518613875, 0.7014516420978179, 0.80],Nível: [Junior, Middle, Senior, Master],Total Fit: 2.88
Cromossomo: 309,IDs: [55, 7, 29, 85],Nomes: [Dev55, Dev7, Dev29, Dev85],Fit: [0.7615514495023792, 0.8305629074820893, 0.7937409584314055, 0.683542966604467],Nível: [Junior, Middle, Senior, Master],Total Fit: 0.55
Cromossomo: 310,IDs: [335, 28, 351, 62],Nomes: [Dev335, Dev28, Dev351, Dev62],Fit: [0.7777123604034974, 0.8088206945425594, 0.90, 0.6299674895678053],Nível: [Junior, Middle, Senior, Master],Total Fit: 0.37
Cromossomo: 311,IDs: [82, 17, 48, 46],Nomes: [Dev82, Dev17, Dev48, Dev46],Fit: [0.70, 0.70, 0.90, 0.80],Nível: [Junior, Senior, Middle, Master],Total Fit: 0.03
Cromossomo: 312,IDs: [363, 16, 27, 311],Nomes: [Dev363, Dev16, Dev27, Dev311],Fit: [0.80, 0.6934443518613875, 0.7014516420978179, 0.80],Nível: [Junior, Middle, Senior, Master],Total Fit: 2.88
Cromossomo: 313,IDs: [335, 7, 351, 62],Nomes: [Dev335, Dev7, Dev351, Dev62],Fit: [0.7720657239775297, 0.8224432186578864, 0.8738406012165043, 0.6312169544139276],Nível: [Junior, Middle, Senior, Master],Total Fit: 1.30
Cromossomo: 314,IDs: [55, 181, 94, 85],Nomes: [Dev55, Dev181, Dev94, Dev85],Fit: [0.7685890552595462, 0.90, 1.00, 0.6746454927877654],Nível: [Junior, Middle, Senior, Master],Total Fit: 0.03
Cromossomo: 315,IDs: [82, 8, 65, 46],Nomes: [Dev82, Dev8, Dev65, Dev46],Fit: [0.70, 0.70, 0.60, 0.80],Nível: [Junior, Middle, Senior, Master],Total Fit: 0.03
Cromossomo: 316,IDs: [363, 16, 27, 311],Nomes: [Dev363, Dev16, Dev27, Dev311],Fit: [0.80, 0.6934443518613875, 0.7014516420978179, 0.80],Nível: [Junior, Middle, Senior, Master],Total Fit: 2.88
Cromossomo: 317,IDs: [335, 181, 351, 62],Nomes: [Dev335, Dev181, Dev351, Dev62],Fit: [0.7703280849630629, 0.886005368565126, 0.9052099881814913, 0.6516889332838118],Nível: [Junior, Middle, Senior, Master],Total Fit: 0.55
Cromossomo: 318,IDs: [308, 7, 94, 85],Nomes: [Dev308, Dev7, Dev94, Dev85],Fit: [0.80, 0.90, 0.999164217212274, 0.6725405049257551],Nível: [Junior, Middle, Senior, Master],Total Fit: 0.03
Cromossomo: 319,IDs: [17, 104, 97, 46],Nomes: [Dev17, Dev104, Dev97, Dev46],Fit: [0.70, 0.60, 0.70, 0.80],Nível: [Senior, Junior, Middle, Master],Total Fit: 0.03
Cromossomo: 320,IDs: [363, 16, 27, 311],Nomes: [Dev363, Dev16, Dev27, Dev311],Fit: [0.80, 0.6934443518613875, 0.7014516420978179, 0.80],Nível: [Junior, Middle, Senior, Master],Total Fit: 2.88
Cromossomo: 321,IDs: [335, 7, 94, 46],Nomes: [Dev335, Dev7, Dev94, Dev46],Fit: [0.775736488156303, 0.8978031513222833, 1.00, 0.80],Nível: [Junior, Middle, Senior, Master],Total Fit: 0.10
Cromossomo: 322,IDs: [308, 181, 351, 85],Nomes: [Dev308, Dev181, Dev351, Dev85],Fit: [0.7989914378756339, 0.886637851903367, 0.9417428626145253, 0.6628697306131548],Nível: [Junior, Middle, Senior, Master],Total Fit: 0.03
Cromossomo: 323,IDs: [17, 53, 89, 28],Nomes: [Dev17, Dev53, Dev89, Dev28],Fit: [0.70, 0.60, 0.80, 0.80],Nível: [Senior, Junior, Master, Middle],Total Fit: 0.03
Cromossomo: 324,IDs: [363, 16, 27, 311],Nomes: [Dev363, Dev16, Dev27, Dev311],Fit: [0.80, 0.6934443518613875, 0.7014516420978179, 0.80],Nível: [Junior, Middle, Senior, Master],Total Fit: 2.88
Cromossomo: 325,IDs: [335, 181, 351, 46],Nomes: [Dev335, Dev181, Dev351, Dev46],Fit: [0.782558923045709, 0.8882960837154105, 0.9625236093346945, 0.7652996432800023],Nível: [Junior, Middle, Senior, Master],Total Fit: 0.37
Cromossomo: 326,IDs: [308, 7, 94, 136],Nomes: [Dev308, Dev7, Dev94, Dev136],Fit: [0.7969680575125148, 0.90, 1.00, 0.80],Nível: [Junior, Middle, Senior, Master],Total Fit: 0.03
Cromossomo: 327,IDs: [56, 85, 17, 8],Nomes: [Dev56, Dev85, Dev17, Dev8],Fit: [0.80, 0.80, 0.70, 0.70],Nível: [Junior, Master, Senior, Middle],Total Fit: 0.03
Cromossomo: 328,IDs: [363, 16, 27, 311],Nomes: [Dev363, Dev16, Dev27, Dev311],Fit: [0.80, 0.6934443518613875, 0.7014516420978179, 0.80],Nível: [Junior, Middle, Senior, Master],Total Fit: 2.88
Cromossomo: 329,IDs: [308, 7, 351, 46],Nomes: [Dev308, Dev7, Dev351, Dev46],Fit: [0.7916248512453586, 0.8988826922992721, 0.9747195037205942, 0.7726440425642894],Nível: [Junior, Middle, Senior, Master],Total Fit: 0.41
Cromossomo: 330,IDs: [447, 181, 94, 327],Nomes: [Dev447, Dev181, Dev94, Dev327],Fit: [0.80, 0.8935355305974901, 1.00, 0.80],Nível: [Junior, Middle, Senior, Master],Total Fit: 0.21
Cromossomo: 331,IDs: [65, 97, 47, 89],Nomes: [Dev65, Dev97, Dev47, Dev89],Fit: [0.60, 0.70, 0.80, 0.80],Nível: [Senior, Middle, Junior, Master],Total Fit: 0.03
Cromossomo: 332,IDs: [363, 16, 27, 311],Nomes: [Dev363, Dev16, Dev27, Dev311],Fit: [0.80, 0.6934443518613875, 0.7014516420978179, 0.80],Nível: [Junior, Middle, Senior, Master],Total Fit: 2.88
Cromossomo: 333,IDs: [447, 7, 351, 198],Nomes: [Dev447, Dev7, Dev351, Dev198],Fit: [0.7980328747617398, 0.90, 0.9865837212716726, 0.80],Nível: [Junior, Middle, Senior, Master],Total Fit: 0.42
Cromossomo: 334,IDs: [82, 8, 65, 62],Nomes: [Dev82, Dev8, Dev65, Dev62],Fit: [0.70, 0.70, 0.60, 0.60],Nível: [Junior, Middle, Senior, Master],Total Fit: 0.16
Cromossomo: 335,IDs: [308, 181, 94, 327],Nomes: [Dev308, Dev181, Dev94, Dev327],Fit: [0.792648568864032, 0.8948710885009258, 0.9949303231898333, 0.7879297081454912],Nível: [Junior, Middle, Senior, Master],Total Fit: 0.03
Cromossomo: 336,IDs: [363, 16, 27, 311],Nomes: [Dev363, Dev16, Dev27, Dev311],Fit: [0.80, 0.6934443518613875, 0.7014516420978179, 0.80],Nível: [Junior, Middle, Senior, Master],Total Fit: 2.88
Cromossomo: 337,IDs: [447, 8, 351, 402],Nomes: [Dev447, Dev8, Dev351, Dev402],Fit: [0.7772231672263142, 0.7486026594098771, 0.8837221291312184, 0.80],Nível: [Junior, Middle, Senior, Master],Total Fit: 0.39
Cromossomo: 338,IDs: [82, 7, 65, 198],Nomes: [Dev82, Dev7, Dev65, Dev198],Fit: [0.7335743216299442, 0.822124588107238, 0.725824461491338, 0.7486042843395079],Nível: [Junior, Middle, Senior, Master],Total Fit: 0.18
Cromossomo: 339,IDs: [55, 46, 94, 28],Nomes: [Dev55, Dev46, Dev94, Dev28],Fit: [0.70, 0.80, 0.60, 0.80],Nível: [Junior, Master, Senior, Middle],Total Fit: 0.03
Cromossomo: 340,IDs: [363, 16, 27, 311],Nomes: [Dev363, Dev16, Dev27, Dev311],Fit: [0.80, 0.6934443518613875, 0.7014516420978179, 0.80],Nível: [Junior, Middle, Senior, Master],Total Fit: 2.88
Cromossomo: 341,IDs: [119, 8, 351, 311],Nomes: [Dev119, Dev8, Dev351, Dev311],Fit: [0.80, 0.7731206923387719, 0.8230797847907838, 0.80],Nível: [Junior, Middle, Senior, Master],Total Fit: 0.35
Cromossomo: 342,IDs: [82, 7, 65, 198],Nomes: [Dev82, Dev7, Dev65, Dev198],Fit: [0.7468024117414114, 0.8197145036513716, 0.7925958434187967, 0.7574176143806927],Nível: [Junior, Middle, Senior, Master],Total Fit: 0.19
Cromossomo: 343,IDs: [28, 62, 55, 38],Nomes: [Dev28, Dev62, Dev55, Dev38],Fit: [0.80, 0.60, 0.70, 0.80],Nível: [Middle, Master, Junior, Senior],Total Fit: 0.03
Cromossomo: 344,IDs: [363, 16, 27, 311],Nomes: [Dev363, Dev16, Dev27, Dev311],Fit: [0.80, 0.6934443518613875, 0.7014516420978179, 0.80],Nível: [Junior, Middle, Senior, Master],Total Fit: 2.88
Cromossomo: 345,IDs: [82, 8, 351, 311],Nomes: [Dev82, Dev8, Dev351, Dev311],Fit: [0.7575701207365098, 0.7834306915833928, 0.819247979506514, 0.7995010379058859],Nível: [Junior, Middle, Senior, Master],Total Fit: 0.54
Cromossomo: 346,IDs: [119, 269, 65, 211],Nomes: [Dev119, Dev269, Dev65, Dev211],Fit: [0.789756699070429, 0.80, 0.8033361696745782, 1.00],Nível: [Junior, Middle, Senior, Master],Total Fit: 0.03
Cromossomo: 347,IDs: [47, 7, 38, 89],Nomes: [Dev47, Dev7, Dev38, Dev89],Fit: [0.80, 0.90, 0.80, 0.80],Nível: [Junior, Middle, Senior, Master],Total Fit: 0.03
Cromossomo: 348,IDs: [363, 16, 27, 311],Nomes: [Dev363, Dev16, Dev27, Dev311],Fit: [0.80, 0.6934443518613875, 0.7014516420978179, 0.80],Nível: [Junior, Middle, Senior, Master],Total Fit: 2.88
Cromossomo: 349,IDs: [119, 181, 351, 89],Nomes: [Dev119, Dev181, Dev351, Dev89],Fit: [0.80, 0.90, 0.90, 0.7998344514204021],Nível: [Junior, Middle, Senior, Master],Total Fit: 0.03
Cromossomo: 350,IDs: [47, 8, 38, 311],Nomes: [Dev47, Dev8, Dev38, Dev311],Fit: [0.7831183207054112, 0.7847250142664149, 0.803829413293381, 0.799670818783158],Nível: [Junior, Middle, Senior, Master],Total Fit: 0.03
Cromossomo: 351,IDs: [],Nomes: [],Fit: [],Nível: [],Total Fit: 0.00
Cromossomo: 352,IDs: [363, 16, 27, 311],Nomes: [Dev363, Dev16, Dev27, Dev311],Fit: [0.80, 0.6934443518613875, 0.7014516420978179, 0.80],Nível: [Junior, Middle, Senior, Master],Total Fit: 2.88
Cromossomo: 353,IDs: [53, 97, 38, 46],Nomes: [Dev53, Dev97, Dev38, Dev46],Fit: [0.60, 0.70, 0.80, 0.80],Nível: [Junior, Middle, Senior, Master],Total Fit: 0.61
Cromossomo: 354,IDs: [47, 181, 351, 311],Nomes: [Dev47, Dev181, Dev351, Dev311],Fit: [0.7847014146983007, 0.8961447540045617, 0.8601160424376982, 0.7997478927346162],Nível: [Junior, Middle, Senior, Master],Total Fit: 0.37
Cromossomo: 355,IDs: [453, 8, 94, 89],Nomes: [Dev453, Dev8, Dev94, Dev89],Fit: [0.80, 0.7951282580619445, 1.00, 0.7997982204656355],Nível: [Junior, Middle, Senior, Master],Total Fit: 0.03
Cromossomo: 356,IDs: [363, 16, 27, 311],Nomes: [Dev363, Dev16, Dev27, Dev311],Fit: [0.80, 0.6934443518613875, 0.7014516420978179, 0.80],Nível: [Junior, Middle, Senior, Master],Total Fit: 2.88
Cromossomo: 357,IDs: [82, 7, 17, 89],Nomes: [Dev82, Dev7, Dev17, Dev89],Fit: [0.70, 0.90, 0.70, 0.80],Nível: [Junior, Middle, Senior, Master],Total Fit: 0.19
Cromossomo: 358,IDs: [47, 181, 38, 46],Nomes: [Dev47, Dev181, Dev38, Dev46],Fit: [0.7811431197273628, 0.8005140740104248, 0.8144606836924273, 0.7999856308459751],Nível: [Junior, Middle, Senior, Master],Total Fit: 0.16
Cromossomo: 359,IDs: [423, 97, 351, 211],Nomes: [Dev423, Dev97, Dev351, Dev211],Fit: [0.80, 0.7007034046276933, 0.8574728497292686, 1.00],Nível: [Junior, Middle, Senior, Master],Total Fit: 0.03
Cromossomo: 360,IDs: [363, 16, 27, 311],Nomes: [Dev363, Dev16, Dev27, Dev311],Fit: [0.80, 0.6934443518613875, 0.7014516420978179, 0.80],Nível: [Junior, Middle, Senior, Master],Total Fit: 2.88
Cromossomo: 361,IDs: [119, 7, 94, 402],Nomes: [Dev119, Dev7, Dev94, Dev402],Fit: [0.80, 0.8819550143210517, 1.00, 0.80],Nível: [Junior, Middle, Senior, Master],Total Fit: 0.42
Cromossomo: 362,IDs: [82, 181, 38, 46],Nomes: [Dev82, Dev181, Dev38, Dev46],Fit: [0.738247815177133, 0.816846797551807, 0.7697726505874807, 0.7999899197927033],Nível: [Junior, Middle, Senior, Master],Total Fit: 0.16
Cromossomo: 363,IDs: [62, 55, 17, 97],Nomes: [Dev62, Dev55, Dev17, Dev97],Fit: [0.60, 0.70, 0.70, 0.70],Nível: [Master, Junior, Senior, Middle],Total Fit: 0.03
Cromossomo: 364,IDs: [363, 16, 27, 311],Nomes: [Dev363, Dev16, Dev27, Dev311],Fit: [0.80, 0.6934443518613875, 0.7014516420978179, 0.80],Nível: [Junior, Middle, Senior, Master],Total Fit: 2.88
Cromossomo: 365,IDs: [365, 7, 94, 402],Nomes: [Dev365, Dev7, Dev94, Dev402],Fit: [0.80, 0.8807122395545982, 0.990354214156588, 0.7999973863533639],Nível: [Junior, Middle, Senior, Master],Total Fit: 0.42
Cromossomo: 366,IDs: [82, 181, 38, 46],Nomes: [Dev82, Dev181, Dev38, Dev46],Fit: [0.7404727076511359, 0.8276366466029836, 0.82089116722012, 0.7999909073771927],Nível: [Junior, Middle, Senior, Master],Total Fit: 0.16
Cromossomo: 367,IDs: [55, 8, 17, 85],Nomes: [Dev55, Dev8, Dev17, Dev85],Fit: [0.70, 0.70, 0.70, 0.80],Nível: [Junior, Middle, Senior, Master],Total Fit: 0.03
Cromossomo: 368,IDs: [363, 16, 27, 311],Nomes: [Dev363, Dev16, Dev27, Dev311],Fit: [0.80, 0.6934443518613875, 0.7014516420978179, 0.80],Nível: [Junior, Middle, Senior, Master],Total Fit: 2.88
Cromossomo: 369,IDs: [55, 181, 94, 402],Nomes: [Dev55, Dev181, Dev94, Dev402],Fit: [0.7332524179785577, 0.90, 0.9803266502263156, 0.7999978323112046],Nível: [Junior, Middle, Senior, Master],Total Fit: 0.03
Cromossomo: 370,IDs: [365, 7, 94, 85],Nomes: [Dev365, Dev7, Dev94, Dev85],Fit: [0.7598622200408474, 0.8280625209273595, 0.9651425709830517, 0.7999993235329872],Nível: [Junior, Middle, Senior, Master],Total Fit: 0.03
Cromossomo: 371,IDs: [],Nomes: [],Fit: [],Nível: [],Total Fit: 0.00
Cromossomo: 372,IDs: [363, 16, 27, 311],Nomes: [Dev363, Dev16, Dev27, Dev311],Fit: [0.80, 0.6934443518613875, 0.7014516420978179, 0.80],Nível: [Junior, Middle, Senior, Master],Total Fit: 2.88
Cromossomo: 373,IDs: [365, 7, 94, 402],Nomes: [Dev365, Dev7, Dev94, Dev402],Fit: [0.7533333442053604, 0.8366270308537564, 0.9731873860225712, 0.7999980070823394],Nível: [Junior, Middle, Senior, Master],Total Fit: 0.40
Cromossomo: 374,IDs: [336, 181, 94, 85],Nomes: [Dev336, Dev181, Dev94, Dev85],Fit: [0.90, 0.90, 0.9698274993349238, 0.7999988228419569],Nível: [Junior, Middle, Senior, Master],Total Fit: 0.04
Cromossomo: 375,IDs: [47, 8, 29, 46],Nomes: [Dev47, Dev8, Dev29, Dev46],Fit: [0.80, 0.70, 0.80, 0.80],Nível: [Junior, Middle, Senior, Master],Total Fit: 0.03
Cromossomo: 376,IDs: [363, 16, 27, 311],Nomes: [Dev363, Dev16, Dev27, Dev311],Fit: [0.80, 0.6934443518613875, 0.7014516420978179, 0.80],Nível: [Junior, Middle, Senior, Master],Total Fit: 2.88
Cromossomo: 377,IDs: [220, 7, 94, 85],Nomes: [Dev220, Dev7, Dev94, Dev85],Fit: [0.90, 0.90, 0.9713626115433288, 0.7999987054333739],Nível: [Junior, Middle, Senior, Master],Total Fit: 0.04
Cromossomo: 378,IDs: [336, 181, 94, 402],Nomes: [Dev336, Dev181, Dev94, Dev402],Fit: [0.8768567314549793, 0.8764219659717516, 0.9707674537112839, 0.7999980090789086],Nível: [Junior, Middle, Senior, Master],Total Fit: 0.04
Cromossomo: 379,IDs: [104, 28, 17, 62],Nomes: [Dev104, Dev28, Dev17, Dev62],Fit: [0.60, 0.80, 0.70, 0.60],Nível: [Junior, Middle, Senior, Master],Total Fit: 0.03
Cromossomo: 380,IDs: [363, 16, 27, 311],Nomes: [Dev363, Dev16, Dev27, Dev311],Fit: [0.80, 0.6934443518613875, 0.7014516420978179, 0.80],Nível: [Junior, Middle, Senior, Master],Total Fit: 2.88
Cromossomo: 381,IDs: [104, 7, 94, 62],Nomes: [Dev104, Dev7, Dev94, Dev62],Fit: [0.6574839809918942, 0.8633279380203063, 0.9120959931039583, 0.635139649796624],Nível: [Junior, Middle, Senior, Master],Total Fit: 0.55
Cromossomo: 382,IDs: [56, 48, 29, 46],Nomes: [Dev56, Dev48, Dev29, Dev46],Fit: [0.80, 0.90, 0.80, 0.80],Nível: [Junior, Middle, Senior, Master],Total Fit: 0.20
Cromossomo: 383,IDs: [220, 181, 17, 402],Nomes: [Dev220, Dev181, Dev17, Dev402],Fit: [0.7900173166935249, 0.90, 0.7393620162247706, 0.80],Nível: [Junior, Middle, Senior, Master],Total Fit: 0.03
Cromossomo: 384,IDs: [363, 16, 27, 311],Nomes: [Dev363, Dev16, Dev27, Dev311],Fit: [0.80, 0.6934443518613875, 0.7014516420978179, 0.80],Nível: [Junior, Middle, Senior, Master],Total Fit: 2.88
Cromossomo: 385,IDs: [104, 7, 351, 62],Nomes: [Dev104, Dev7, Dev351, Dev62],Fit: [0.7127921103497789, 0.8807347856573458, 0.90, 0.6632980974881435],Nível: [Junior, Middle, Senior, Master],Total Fit: 1.33
Cromossomo: 386,IDs: [56, 48, 29, 46],Nomes: [Dev56, Dev48, Dev29, Dev46],Fit: [0.7701043809717778, 0.8987560121445063, 0.8195378063564004, 0.7353388975208509],Nível: [Junior, Middle, Senior, Master],Total Fit: 0.19
Cromossomo: 387,IDs: [53, 65, 28, 89],Nomes: [Dev53, Dev65, Dev28, Dev89],Fit: [0.60, 0.60, 0.80, 0.80],Nível: [Junior, Senior, Middle, Master],Total Fit: 0.14
Cromossomo: 388,IDs: [363, 16, 27, 311],Nomes: [Dev363, Dev16, Dev27, Dev311],Fit: [0.80, 0.6934443518613875, 0.7014516420978179, 0.80],Nível: [Junior, Middle, Senior, Master],Total Fit: 2.88
Cromossomo: 389,IDs: [56, 7, 351, 46],Nomes: [Dev56, Dev7, Dev351, Dev46],Fit: [0.7475634631850991, 0.8827975179625815, 0.8859009793916051, 0.7046067311724568],Nível: [Junior, Middle, Senior, Master],Total Fit: 1.35
Cromossomo: 390,IDs: [65, 82, 62, 97],Nomes: [Dev65, Dev82, Dev62, Dev97],Fit: [0.60, 0.70, 0.60, 0.70],Nível: [Senior, Junior, Master, Middle],Total Fit: 0.16
Cromossomo: 391,IDs: [104, 181, 29, 311],Nomes: [Dev104, Dev181, Dev29, Dev311],Fit: [0.7412548325071222, 0.90, 0.8482535071676522, 0.80],Nível: [Junior, Middle, Senior, Master],Total Fit: 0.03
Cromossomo: 392,IDs: [363, 16, 27, 311],Nomes: [Dev363, Dev16, Dev27, Dev311],Fit: [0.80, 0.6934443518613875, 0.7014516420978179, 0.80],Nível: [Junior, Middle, Senior, Master],Total Fit: 2.88
Cromossomo: 393,IDs: [56, 7, 29, 311],Nomes: [Dev56, Dev7, Dev29, Dev311],Fit: [0.7474841980260375, 0.90, 0.8490915188492867, 0.7936828563190637],Nível: [Junior, Middle, Senior, Master],Total Fit: 1.38
Cromossomo: 394,IDs: [104, 181, 351, 46],Nomes: [Dev104, Dev181, Dev351, Dev46],Fit: [0.7414265462479454, 0.8950550577000274, 0.8826224698248935, 0.7234766900135764],Nível: [Junior, Middle, Senior, Master],Total Fit: 0.10
Cromossomo: 395,IDs: [45, 48, 65, 85],Nomes: [Dev45, Dev48, Dev65, Dev85],Fit: [0.70, 0.90, 0.60, 0.80],Nível: [Junior, Middle, Senior, Master],Total Fit: 0.03
Cromossomo: 396,IDs: [363, 16, 27, 311],Nomes: [Dev363, Dev16, Dev27, Dev311],Fit: [0.80, 0.6934443518613875, 0.7014516420978179, 0.80],Nível: [Junior, Middle, Senior, Master],Total Fit: 2.88
Cromossomo: 397,IDs: [317, 7, 38, 311],Nomes: [Dev317, Dev7, Dev38, Dev311],Fit: [0.80, 0.90, 0.80, 0.794871996904454],Nível: [Junior, Middle, Senior, Master],Total Fit: 0.03
Cromossomo: 398,IDs: [45, 48, 29, 85],Nomes: [Dev45, Dev48, Dev29, Dev85],Fit: [0.7113440598417303, 0.9000000000000001, 0.7924607666298452, 0.7985407515533229],Nível: [Junior, Middle, Senior, Master],Total Fit: 0.03
Cromossomo: 399,IDs: [56, 28, 46, 94],Nomes: [Dev56, Dev28, Dev46, Dev94],Fit: [0.80, 0.80, 0.80, 0.60],Nível: [Junior, Middle, Master, Senior],Total Fit: 0.03
