Cromossomo: 0,IDs: [45, 48, 29, 46],Nomes: [Dev45, Dev48, Dev29, Dev46],Fit: [0.70, 0.90, 0.80, 0.80],Nível: [Junior, Middle, Senior, Master],Total Fit: 0.03
Cromossomo: 1,IDs: [47, 7, 94, 85],Nomes: [Dev47, Dev7, Dev94, Dev85],Fit: [0.80, 0.90, 0.60, 0.80],Nível: [Junior, Middle, Senior, Master],Total Fit: 0.03
Cromossomo: 2,IDs: [56, 16, 38, 89],Nomes: [Dev56, Dev16, Dev38, Dev89],Fit: [0.80, 0.60, 0.80, 0.80],Nível: [Junior, Middle, Senior, Master],Total Fit: 0.03
Cromossomo: 3,IDs: [17, 97, 55, 62],Nomes: [Dev17, Dev97, Dev55, Dev62],Fit: [0.70, 0.70, 0.70, 0.60],Nível: [Senior, Middle, Junior, Master],Total Fit: 0.03
Cromossomo: 4,IDs: [324, 7, 161, 402],Nomes: [Dev324, Dev7, Dev161, Dev402],Fit: [0.80, 0.8926775937560101, 0.80, 0.80],Nível: [Junior, Middle, Senior, Master],Total Fit: 0.40
Cromossomo: 5,IDs: [45, 48, 29, 46],Nomes: [Dev45, Dev48, Dev29, Dev46],Fit: [0.70, 0.90, 0.80, 0.80],Nível: [Junior, Middle, Senior, Master],Total Fit: 0.03
Cromossomo: 6,IDs: [47, 16, 38, 85],Nomes: [Dev47, Dev16, Dev38, Dev85],Fit: [0.8, 0.731053124606639, 0.7279640645030359, 0.8],Nível: [Junior, Middle, Senior, Master],Total Fit: 0.03
Cromossomo: 7,IDs: [],Nomes: [],Fit: [],Nível: [],Total Fit: 0.00
Cromossomo: 8,IDs: [324, 7, 161, 402],Nomes: [Dev324, Dev7, Dev161, Dev402],Fit: [0.80, 0.8926775937560101, 0.80, 0.80],Nível: [Junior, Middle, Senior, Master],Total Fit: 0.40
Cromossomo: 9,IDs: [56, 48, 17, 62],Nomes: [Dev56, Dev48, Dev17, Dev62],Fit: [0.80, 0.90, 0.70, 0.60],Nível: [Junior, Middle, Senior, Master],Total Fit: 0.18
Cromossomo: 10,IDs: [305, 181, 29, 136],Nomes: [Dev305, Dev181, Dev29, Dev136],Fit: [0.80, 0.90, 0.7846595069624174, 0.80],Nível: [Junior, Middle, Senior, Master],Total Fit: 0.03
Cromossomo: 11,IDs: [47, 16, 38, 46],Nomes: [Dev47, Dev16, Dev38, Dev46],Fit: [0.7935982988287617, 0.795170172801308, 0.7428593109774012, 0.8],Nível: [Junior, Middle, Senior, Master],Total Fit: 0.03
Cromossomo: 12,IDs: [447, 7, 29, 62],Nomes: [Dev447, Dev7, Dev29, Dev62],Fit: [0.80, 0.90, 0.7738013558042187, 0.6530241563937624],Nível: [Junior, Middle, Senior, Master],Total Fit: 1.50
Cromossomo: 13,IDs: [324, 7, 161, 402],Nomes: [Dev324, Dev7, Dev161, Dev402],Fit: [0.80, 0.8926775937560101, 0.80, 0.80],Nível: [Junior, Middle, Senior, Master],Total Fit: 0.40
Cromossomo: 14,IDs: [56, 97, 38, 89],Nomes: [Dev56, Dev97, Dev38, Dev89],Fit: [0.80, 0.70, 0.80, 0.80],Nível: [Junior, Middle, Senior, Master],Total Fit: 0.25
Cromossomo: 15,IDs: [305, 181, 17, 136],Nomes: [Dev305, Dev181, Dev17, Dev136],Fit: [0.8, 0.9, 0.7016353766193092, 0.7900507046531434],Nível: [Junior, Middle, Senior, Master],Total Fit: 0.03
Cromossomo: 16,IDs: [447, 7, 29, 62],Nomes: [Dev447, Dev7, Dev29, Dev62],Fit: [0.80, 0.90, 0.7738013558042187, 0.6530241563937624],Nível: [Junior, Middle, Senior, Master],Total Fit: 1.50
Cromossomo: 17,IDs: [56, 97, 38, 89],Nomes: [Dev56, Dev97, Dev38, Dev89],Fit: [0.8, 0.7413245627315128, 0.8, 0.8],Nível: [Junior, Middle, Senior, Master],Total Fit: 0.25
Cromossomo: 18,IDs: [414, 181, 27, 211],Nomes: [Dev414, Dev181, Dev27, Dev211],Fit: [0.80, 0.90, 0.80, 1.00],Nível: [Junior, Middle, Senior, Master],Total Fit: 0.25
Cromossomo: 19,IDs: [82, 28, 17, 46],Nomes: [Dev82, Dev28, Dev17, Dev46],Fit: [0.70, 0.80, 0.70, 0.80],Nível: [Junior, Middle, Senior, Master],Total Fit: 0.03
Cromossomo: 20,IDs: [447, 7, 29, 62],Nomes: [Dev447, Dev7, Dev29, Dev62],Fit: [0.80, 0.90, 0.7738013558042187, 0.6530241563937624],Nível: [Junior, Middle, Senior, Master],Total Fit: 1.50
Cromossomo: 21,IDs: [425, 174, 448, 211],Nomes: [Dev425, Dev174, Dev448, Dev211],Fit: [0.80, 0.80, 0.80, 1.00],Nível: [Junior, Middle, Senior, Master],Total Fit: 0.61
Cromossomo: 22,IDs: [414, 97, 27, 89],Nomes: [Dev414, Dev97, Dev27, Dev89],Fit: [0.8, 0.7470859263299373, 0.8, 0.8317785051173682],Nível: [Junior, Middle, Senior, Master],Total Fit: 0.03
Cromossomo: 23,IDs: [82, 16, 65, 46],Nomes: [Dev82, Dev16, Dev65, Dev46],Fit: [0.70, 0.60, 0.60, 0.80],Nível: [Junior, Middle, Senior, Master],Total Fit: 0.03
Cromossomo: 24,IDs: [447, 7, 29, 62],Nomes: [Dev447, Dev7, Dev29, Dev62],Fit: [0.80, 0.90, 0.7738013558042187, 0.6530241563937624],Nível: [Junior, Middle, Senior, Master],Total Fit: 1.50
Cromossomo: 25,IDs: [82, 181, 389, 46],Nomes: [Dev82, Dev181, Dev389, Dev46],Fit: [0.711787196570468, 0.90, 0.70, 0.8224848861861442],Nível: [Junior, Middle, Senior, Master],Total Fit: 0.31
Cromossomo: 26,IDs: [425, 16, 65, 211],Nomes: [Dev425, Dev16, Dev65, Dev211],Fit: [0.7804691848697453, 0.6453431857399445, 0.6023864976145845, 0.934210242592258],Nível: [Junior, Middle, Senior, Master],Total Fit: 0.21
Cromossomo: 27,IDs: [],Nomes: [],Fit: [],Nível: [],Total Fit: 0.00
Cromossomo: 28,IDs: [447, 7, 29, 62],Nomes: [Dev447, Dev7, Dev29, Dev62],Fit: [0.80, 0.90, 0.7738013558042187, 0.6530241563937624],Nível: [Junior, Middle, Senior, Master],Total Fit: 1.50
Cromossomo: 29,IDs: [425, 16, 389, 211],Nomes: [Dev425, Dev16, Dev389, Dev211],Fit: [0.78000724528851, 0.6476408173034527, 0.6655940909779772, 0.8853069603576098],Nível: [Junior, Middle, Senior, Master],Total Fit: 0.21
Cromossomo: 30,IDs: [82, 181, 65, 46],Nomes: [Dev82, Dev181, Dev65, Dev46],Fit: [0.7434290861775447, 0.8532344019072273, 0.6254352454147554, 0.871061389748872],Nível: [Junior, Middle, Senior, Master],Total Fit: 0.09
Cromossomo: 31,IDs: [55, 8, 27, 85],Nomes: [Dev55, Dev8, Dev27, Dev85],Fit: [0.70, 0.70, 0.70, 0.80],Nível: [Junior, Middle, Senior, Master],Total Fit: 0.03
Cromossomo: 32,IDs: [447, 7, 29, 62],Nomes: [Dev447, Dev7, Dev29, Dev62],Fit: [0.80, 0.90, 0.7738013558042187, 0.6530241563937624],Nível: [Junior, Middle, Senior, Master],Total Fit: 1.50
Cromossomo: 33,IDs: [425, 16, 448, 211],Nomes: [Dev425, Dev16, Dev448, Dev211],Fit: [0.7755460504793129, 0.70, 0.80, 0.8777901870863751],Nível: [Junior, Middle, Senior, Master],Total Fit: 0.73
Cromossomo: 34,IDs: [55, 8, 27, 211],Nomes: [Dev55, Dev8, Dev27, Dev211],Fit: [0.7296007882711861, 0.6905281649857883, 0.6839634474713736, 0.8561654257890365],Nível: [Junior, Middle, Senior, Master],Total Fit: 0.06
Cromossomo: 35,IDs: [97, 53, 85, 17],Nomes: [Dev97, Dev53, Dev85, Dev17],Fit: [0.70, 0.60, 0.80, 0.70],Nível: [Middle, Junior, Master, Senior],Total Fit: 0.03
Cromossomo: 36,IDs: [425, 8, 27, 211],Nomes: [Dev425, Dev8, Dev27, Dev211],Fit: [0.7735124190032967, 0.6907323469378277, 0.7357923044809707, 0.8723804516251731],Nível: [Junior, Middle, Senior, Master],Total Fit: 2.15
Cromossomo: 37,IDs: [447, 7, 29, 62],Nomes: [Dev447, Dev7, Dev29, Dev62],Fit: [0.80, 0.90, 0.7738013558042187, 0.6530241563937624],Nível: [Junior, Middle, Senior, Master],Total Fit: 1.50
Cromossomo: 38,IDs: [55, 16, 448, 211],Nomes: [Dev55, Dev16, Dev448, Dev211],Fit: [0.747478847321345, 0.6970989565347718, 0.7847040942158812, 0.8632148608820964],Nível: [Junior, Middle, Senior, Master],Total Fit: 0.03
Cromossomo: 39,IDs: [53, 85, 97, 17],Nomes: [Dev53, Dev85, Dev97, Dev17],Fit: [0.60, 0.80, 0.70, 0.70],Nível: [Junior, Master, Middle, Senior],Total Fit: 0.03
Cromossomo: 40,IDs: [425, 8, 27, 211],Nomes: [Dev425, Dev8, Dev27, Dev211],Fit: [0.7735124190032967, 0.6907323469378277, 0.7357923044809707, 0.8723804516251731],Nível: [Junior, Middle, Senior, Master],Total Fit: 2.15
Cromossomo: 41,IDs: [447, 16, 448, 62],Nomes: [Dev447, Dev16, Dev448, Dev62],Fit: [0.7820130623906059, 0.7188921493021256, 0.80, 0.7253853497263377],Nível: [Junior, Middle, Senior, Master],Total Fit: 0.64
Cromossomo: 42,IDs: [55, 7, 29, 211],Nomes: [Dev55, Dev7, Dev29, Dev211],Fit: [0.7674193939302987, 0.8454844103377087, 0.7750372228725714, 0.8219853287164731],Nível: [Junior, Middle, Senior, Master],Total Fit: 0.58
Cromossomo: 43,IDs: [45, 85, 28, 65],Nomes: [Dev45, Dev85, Dev28, Dev65],Fit: [0.70, 0.80, 0.80, 0.60],Nível: [Junior, Master, Middle, Senior],Total Fit: 0.14
Cromossomo: 44,IDs: [425, 8, 27, 211],Nomes: [Dev425, Dev8, Dev27, Dev211],Fit: [0.7735124190032967, 0.6907323469378277, 0.7357923044809707, 0.8723804516251731],Nível: [Junior, Middle, Senior, Master],Total Fit: 2.15
Cromossomo: 45,IDs: [447, 7, 448, 211],Nomes: [Dev447, Dev7, Dev448, Dev211],Fit: [0.7814619573328533, 0.7953377017054916, 0.7897539096209767, 0.8152789008156183],Nível: [Junior, Middle, Senior, Master],Total Fit: 0.57
Cromossomo: 46,IDs: [55, 16, 29, 62],Nomes: [Dev55, Dev16, Dev29, Dev62],Fit: [0.7681564191448271, 0.7475999821377038, 0.7828991558239988, 0.7339325559372494],Nível: [Junior, Middle, Senior, Master],Total Fit: 0.36
Cromossomo: 47,IDs: [17, 45, 46, 48],Nomes: [Dev17, Dev45, Dev46, Dev48],Fit: [0.70, 0.70, 0.80, 0.90],Nível: [Senior, Junior, Master, Middle],Total Fit: 0.03
Cromossomo: 48,IDs: [425, 8, 27, 211],Nomes: [Dev425, Dev8, Dev27, Dev211],Fit: [0.7735124190032967, 0.6907323469378277, 0.7357923044809707, 0.8723804516251731],Nível: [Junior, Middle, Senior, Master],Total Fit: 2.15
Cromossomo: 49,IDs: [365, 7, 29, 211],Nomes: [Dev365, Dev7, Dev29, Dev211],Fit: [0.80, 0.7875280337137419, 0.7840577849287317, 0.7910258932763342],Nível: [Junior, Middle, Senior, Master],Total Fit: 0.57
Cromossomo: 50,IDs: [55, 16, 448, 62],Nomes: [Dev55, Dev16, Dev448, Dev62],Fit: [0.7726391629143451, 0.7616621398977991, 0.7882126781798409, 0.7353548262372647],Nível: [Junior, Middle, Senior, Master],Total Fit: 0.03
Cromossomo: 51,IDs: [48, 104, 89, 94],Nomes: [Dev48, Dev104, Dev89, Dev94],Fit: [0.90, 0.60, 0.80, 0.60],Nível: [Middle, Junior, Master, Senior],Total Fit: 0.03
Cromossomo: 52,IDs: [425, 8, 27, 211],Nomes: [Dev425, Dev8, Dev27, Dev211],Fit: [0.7735124190032967, 0.6907323469378277, 0.7357923044809707, 0.8723804516251731],Nível: [Junior, Middle, Senior, Master],Total Fit: 2.15
Cromossomo: 53,IDs: [365, 7, 29, 211],Nomes: [Dev365, Dev7, Dev29, Dev211],Fit: [0.7961164166558298, 0.7747608892889493, 0.785026610439739, 0.7815210831557791],Nível: [Junior, Middle, Senior, Master],Total Fit: 0.56
Cromossomo: 54,IDs: [291, 270, 448, 62],Nomes: [Dev291, Dev270, Dev448, Dev62],Fit: [0.80, 0.80, 0.7862606271048342, 0.7513705456307305],Nível: [Junior, Middle, Senior, Master],Total Fit: 0.38
Cromossomo: 55,IDs: [38, 81, 97, 85],Nomes: [Dev38, Dev81, Dev97, Dev85],Fit: [0.80, 0.80, 0.70, 0.80],Nível: [Senior, Junior, Middle, Master],Total Fit: 0.25
Cromossomo: 56,IDs: [425, 8, 27, 211],Nomes: [Dev425, Dev8, Dev27, Dev211],Fit: [0.7735124190032967, 0.6907323469378277, 0.7357923044809707, 0.8723804516251731],Nível: [Junior, Middle, Senior, Master],Total Fit: 2.15
Cromossomo: 57,IDs: [291, 270, 29, 211],Nomes: [Dev291, Dev270, Dev29, Dev211],Fit: [0.7999884485212125, 0.7972239826303427, 0.7853601152176692, 0.7793426896493112],Nível: [Junior, Middle, Senior, Master],Total Fit: 0.60
Cromossomo: 58,IDs: [365, 7, 448, 62],Nomes: [Dev365, Dev7, Dev448, Dev62],Fit: [0.796194336113383, 0.777657367442001, 0.7859449017964109, 0.7557011383604307],Nível: [Junior, Middle, Senior, Master],Total Fit: 0.56
Cromossomo: 59,IDs: [38, 28, 85, 56],Nomes: [Dev38, Dev28, Dev85, Dev56],Fit: [0.80, 0.80, 0.80, 0.80],Nível: [Senior, Middle, Master, Junior],Total Fit: 0.03
Cromossomo: 60,IDs: [425, 8, 27, 211],Nomes: [Dev425, Dev8, Dev27, Dev211],Fit: [0.7735124190032967, 0.6907323469378277, 0.7357923044809707, 0.8723804516251731],Nível: [Junior, Middle, Senior, Master],Total Fit: 2.15
Cromossomo: 61,IDs: [365, 7, 29, 62],Nomes: [Dev365, Dev7, Dev29, Dev62],Fit: [0.7966604539002977, 0.7853197908307175, 0.7855293263141181, 0.7606636833669874],Nível: [Junior, Middle, Senior, Master],Total Fit: 1.50
Cromossomo: 62,IDs: [291, 270, 448, 211],Nomes: [Dev291, Dev270, Dev448, Dev211],Fit: [0.7995085581090537, 0.7901289403027023, 0.7856652659392438, 0.7768784401406792],Nível: [Junior, Middle, Senior, Master],Total Fit: 0.03
Cromossomo: 63,IDs: [82, 28, 38, 85],Nomes: [Dev82, Dev28, Dev38, Dev85],Fit: [0.70, 0.80, 0.80, 0.80],Nível: [Junior, Middle, Senior, Master],Total Fit: 0.03
Cromossomo: 64,IDs: [425, 8, 27, 211],Nomes: [Dev425, Dev8, Dev27, Dev211],Fit: [0.7735124190032967, 0.6907323469378277, 0.7357923044809707, 0.8723804516251731],Nível: [Junior, Middle, Senior, Master],Total Fit: 2.15
Cromossomo: 65,IDs: [365, 7, 29, 85],Nomes: [Dev365, Dev7, Dev29, Dev85],Fit: [0.7795137817679954, 0.7872027570160967, 0.7897461546419702, 0.7900190432339906],Nível: [Junior, Middle, Senior, Master],Total Fit: 0.57
Cromossomo: 66,IDs: [82, 28, 38, 62],Nomes: [Dev82, Dev28, Dev38, Dev62],Fit: [0.7254189662757317, 0.7936072595394712, 0.7989483193659042, 0.7741120623703961],Nível: [Junior, Middle, Senior, Master],Total Fit: 0.19
Cromossomo: 67,IDs: [94, 97, 55, 89],Nomes: [Dev94, Dev97, Dev55, Dev89],Fit: [0.60, 0.70, 0.70, 0.80],Nível: [Senior, Middle, Junior, Master],Total Fit: 0.03
Cromossomo: 68,IDs: [425, 8, 27, 211],Nomes: [Dev425, Dev8, Dev27, Dev211],Fit: [0.7735124190032967, 0.6907323469378277, 0.7357923044809707, 0.8723804516251731],Nível: [Junior, Middle, Senior, Master],Total Fit: 2.15
Cromossomo: 69,IDs: [365, 28, 29, 85],Nomes: [Dev365, Dev28, Dev29, Dev85],Fit: [0.767983286034355, 0.7904509380808067, 0.7911149647178577, 0.7844846096533915],Nível: [Junior, Middle, Senior, Master],Total Fit: 0.16
Cromossomo: 70,IDs: [308, 183, 38, 136],Nomes: [Dev308, Dev183, Dev38, Dev136],Fit: [0.80, 0.80, 0.7963261759157941, 0.80],Nível: [Junior, Middle, Senior, Master],Total Fit: 0.03
Cromossomo: 71,IDs: [94, 55, 48, 89],Nomes: [Dev94, Dev55, Dev48, Dev89],Fit: [0.60, 0.70, 0.90, 0.80],Nível: [Senior, Junior, Middle, Master],Total Fit: 0.03
Cromossomo: 72,IDs: [425, 8, 27, 211],Nomes: [Dev425, Dev8, Dev27, Dev211],Fit: [0.7735124190032967, 0.6907323469378277, 0.7357923044809707, 0.8723804516251731],Nível: [Junior, Middle, Senior, Master],Total Fit: 2.15
Cromossomo: 73,IDs: [365, 28, 38, 136],Nomes: [Dev365, Dev28, Dev38, Dev136],Fit: [0.7727564568039771, 0.79173179492026, 0.7948133244024295, 0.7955794388055968],Nível: [Junior, Middle, Senior, Master],Total Fit: 0.16
Cromossomo: 74,IDs: [119, 183, 29, 211],Nomes: [Dev119, Dev183, Dev29, Dev211],Fit: [0.80, 0.80, 0.7926796187457513, 1.00],Nível: [Junior, Middle, Senior, Master],Total Fit: 0.03
Cromossomo: 75,IDs: [55, 97, 17, 89],Nomes: [Dev55, Dev97, Dev17, Dev89],Fit: [0.70, 0.70, 0.70, 0.80],Nível: [Junior, Middle, Senior, Master],Total Fit: 0.03
Cromossomo: 76,IDs: [425, 8, 27, 211],Nomes: [Dev425, Dev8, Dev27, Dev211],Fit: [0.7735124190032967, 0.6907323469378277, 0.7357923044809707, 0.8723804516251731],Nível: [Junior, Middle, Senior, Master],Total Fit: 2.15
Cromossomo: 77,IDs: [365, 28, 38, 89],Nomes: [Dev365, Dev28, Dev38, Dev89],Fit: [0.7711125943950743, 0.7883774838344929, 0.7639339724917555, 0.7985921422160845],Nível: [Junior, Middle, Senior, Master],Total Fit: 0.16
Cromossomo: 78,IDs: [425, 181, 17, 198],Nomes: [Dev425, Dev181, Dev17, Dev198],Fit: [0.80, 0.90, 0.7192459857342653, 0.80],Nível: [Junior, Middle, Senior, Master],Total Fit: 0.03
Cromossomo: 79,IDs: [53, 48, 65, 85],Nomes: [Dev53, Dev48, Dev65, Dev85],Fit: [0.60, 0.90, 0.60, 0.80],Nível: [Junior, Middle, Senior, Master],Total Fit: 0.03
Cromossomo: 80,IDs: [425, 8, 27, 211],Nomes: [Dev425, Dev8, Dev27, Dev211],Fit: [0.7735124190032967, 0.6907323469378277, 0.7357923044809707, 0.8723804516251731],Nível: [Junior, Middle, Senior, Master],Total Fit: 2.15
Cromossomo: 81,IDs: [365, 181, 351, 311],Nomes: [Dev365, Dev181, Dev351, Dev311],Fit: [0.7676971515342315, 0.90, 0.90, 0.80],Nível: [Junior, Middle, Senior, Master],Total Fit: 0.37
Cromossomo: 82,IDs: [53, 28, 38, 89],Nomes: [Dev53, Dev28, Dev38, Dev89],Fit: [0.6025051385210262, 0.815839619427447, 0.7016029953880747, 0.7989362830074682],Nível: [Junior, Middle, Senior, Master],Total Fit: 0.20
Cromossomo: 83,IDs: [81, 48, 17, 46],Nomes: [Dev81, Dev48, Dev17, Dev46],Fit: [0.80, 0.90, 0.70, 0.80],Nível: [Junior, Middle, Senior, Master],Total Fit: 0.03
Cromossomo: 84,IDs: [425, 8, 27, 211],Nomes: [Dev425, Dev8, Dev27, Dev211],Fit: [0.7735124190032967, 0.6907323469378277, 0.7357923044809707, 0.8723804516251731],Nível: [Junior, Middle, Senior, Master],Total Fit: 2.15
Cromossomo: 85,IDs: [437, 181, 351, 62],Nomes: [Dev437, Dev181, Dev351, Dev62],Fit: [0.80, 0.90, 0.8270139710079137, 0.80],Nível: [Junior, Middle, Senior, Master],Total Fit: 0.40
Cromossomo: 86,IDs: [82, 7, 38, 85],Nomes: [Dev82, Dev7, Dev38, Dev85],Fit: [0.70, 0.90, 0.80, 0.80],Nível: [Junior, Middle, Senior, Master],Total Fit: 0.19
Cromossomo: 87,IDs: [365, 48, 17, 46],Nomes: [Dev365, Dev48, Dev17, Dev46],Fit: [0.7760340276657476, 0.9, 0.7595085548203186, 0.8],Nível: [Junior, Middle, Senior, Master],Total Fit: 0.03
Cromossomo: 88,IDs: [425, 8, 27, 211],Nomes: [Dev425, Dev8, Dev27, Dev211],Fit: [0.7735124190032967, 0.6907323469378277, 0.7357923044809707, 0.8723804516251731],Nível: [Junior, Middle, Senior, Master],Total Fit: 2.15
Cromossomo: 89,IDs: [82, 181, 38, 62],Nomes: [Dev82, Dev181, Dev38, Dev62],Fit: [0.7438302154871177, 0.9, 0.8128819332499626, 0.8],Nível: [Junior, Middle, Senior, Master],Total Fit: 0.26
Cromossomo: 90,IDs: [119, 7, 94, 46],Nomes: [Dev119, Dev7, Dev94, Dev46],Fit: [0.80, 0.90, 1.00, 0.80],Nível: [Junior, Middle, Senior, Master],Total Fit: 0.04
Cromossomo: 91,IDs: [89, 65, 48, 45],Nomes: [Dev89, Dev65, Dev48, Dev45],Fit: [0.80, 0.60, 0.90, 0.70],Nível: [Master, Senior, Middle, Junior],Total Fit: 0.03
Cromossomo: 92,IDs: [425, 8, 27, 211],Nomes: [Dev425, Dev8, Dev27, Dev211],Fit: [0.7735124190032967, 0.6907323469378277, 0.7357923044809707, 0.8723804516251731],Nível: [Junior, Middle, Senior, Master],Total Fit: 2.15
Cromossomo: 93,IDs: [82, 7, 38, 46],Nomes: [Dev82, Dev7, Dev38, Dev46],Fit: [0.7616019287558589, 0.9, 0.813852693939398, 0.8],Nível: [Junior, Middle, Senior, Master],Total Fit: 0.20
Cromossomo: 94,IDs: [119, 181, 94, 311],Nomes: [Dev119, Dev181, Dev94, Dev311],Fit: [0.7852741092813761, 0.90, 1.00, 0.80],Nível: [Junior, Middle, Senior, Master],Total Fit: 0.03
Cromossomo: 95,IDs: [81, 48, 65, 89],Nomes: [Dev81, Dev48, Dev65, Dev89],Fit: [0.80, 0.90, 0.60, 0.80],Nível: [Junior, Middle, Senior, Master],Total Fit: 0.03
Cromossomo: 96,IDs: [425, 8, 27, 211],Nomes: [Dev425, Dev8, Dev27, Dev211],Fit: [0.7735124190032967, 0.6907323469378277, 0.7357923044809707, 0.8723804516251731],Nível: [Junior, Middle, Senior, Master],Total Fit: 2.15
Cromossomo: 97,IDs: [119, 7, 94, 136],Nomes: [Dev119, Dev7, Dev94, Dev136],Fit: [0.776339778036608, 0.90, 0.9237678634594293, 0.80],Nível: [Junior, Middle, Senior, Master],Total Fit: 0.03
Cromossomo: 98,IDs: [82, 181, 94, 311],Nomes: [Dev82, Dev181, Dev94, Dev311],Fit: [0.7634661806260986, 0.9, 0.9230101822508143, 0.8],Nível: [Junior, Middle, Senior, Master],Total Fit: 0.03
Cromossomo: 99,IDs: [56, 97, 65, 89],Nomes: [Dev56, Dev97, Dev65, Dev89],Fit: [0.80, 0.70, 0.60, 0.80],Nível: [Junior, Middle, Senior, Master],Total Fit: 0.03
Cromossomo: 100,IDs: [425, 8, 27, 211],Nomes: [Dev425, Dev8, Dev27, Dev211],Fit: [0.7735124190032967, 0.6907323469378277, 0.7357923044809707, 0.8723804516251731],Nível: [Junior, Middle, Senior, Master],Total Fit: 2.15
Cromossomo: 101,IDs: [82, 97, 351, 198],Nomes: [Dev82, Dev97, Dev351, Dev198],Fit: [0.7662336089494909, 0.738817605368041, 0.90, 0.80],Nível: [Junior, Middle, Senior, Master],Total Fit: 0.19
Cromossomo: 102,IDs: [56, 181, 94, 89],Nomes: [Dev56, Dev181, Dev94, Dev89],Fit: [0.7919367602430359, 0.8578693168647435, 0.7750085206978026, 0.8],Nível: [Junior, Middle, Senior, Master],Total Fit: 0.03
Cromossomo: 103,IDs: [81, 62, 17, 28],Nomes: [Dev81, Dev62, Dev17, Dev28],Fit: [0.80, 0.60, 0.70, 0.80],Nível: [Junior, Master, Senior, Middle],Total Fit: 0.03
Cromossomo: 104,IDs: [425, 8, 27, 211],Nomes: [Dev425, Dev8, Dev27, Dev211],Fit: [0.7735124190032967, 0.6907323469378277, 0.7357923044809707, 0.8723804516251731],Nível: [Junior, Middle, Senior, Master],Total Fit: 2.15
Cromossomo: 105,IDs: [82, 97, 351, 89],Nomes: [Dev82, Dev97, Dev351, Dev89],Fit: [0.7775632112137006, 0.7967483184795268, 0.8773170595902, 0.8],Nível: [Junior, Middle, Senior, Master],Total Fit: 0.20
Cromossomo: 106,IDs: [56, 183, 94, 136],Nomes: [Dev56, Dev183, Dev94, Dev136],Fit: [0.7814203940050652, 0.80, 1.00, 0.80],Nível: [Junior, Middle, Senior, Master],Total Fit: 0.03
Cromossomo: 107,IDs: [81, 16, 62, 38],Nomes: [Dev81, Dev16, Dev62, Dev38],Fit: [0.80, 0.60, 0.60, 0.80],Nível: [Junior, Middle, Master, Senior],Total Fit: 0.03
Cromossomo: 108,IDs: [425, 8, 27, 211],Nomes: [Dev425, Dev8, Dev27, Dev211],Fit: [0.7735124190032967, 0.6907323469378277, 0.7357923044809707, 0.8723804516251731],Nível: [Junior, Middle, Senior, Master],Total Fit: 2.15
Cromossomo: 109,IDs: [56, 97, 351, 89],Nomes: [Dev56, Dev97, Dev351, Dev89],Fit: [0.7806717722508458, 0.7982617954568553, 0.8832197713364837, 0.8],Nível: [Junior, Middle, Senior, Master],Total Fit: 0.39
Cromossomo: 110,IDs: [82, 269, 94, 62],Nomes: [Dev82, Dev269, Dev94, Dev62],Fit: [0.7777145056818004, 0.80, 1.00, 0.80],Nível: [Junior, Middle, Senior, Master],Total Fit: 0.20
Cromossomo: 111,IDs: [46, 81, 7, 17],Nomes: [Dev46, Dev81, Dev7, Dev17],Fit: [0.80, 0.80, 0.90, 0.70],Nível: [Master, Junior, Middle, Senior],Total Fit: 0.03
Cromossomo: 112,IDs: [425, 8, 27, 211],Nomes: [Dev425, Dev8, Dev27, Dev211],Fit: [0.7735124190032967, 0.6907323469378277, 0.7357923044809707, 0.8723804516251731],Nível: [Junior, Middle, Senior, Master],Total Fit: 2.15
Cromossomo: 113,IDs: [56, 270, 94, 211],Nomes: [Dev56, Dev270, Dev94, Dev211],Fit: [0.7806153419286885, 0.80, 0.9462996400477157, 1.00],Nível: [Junior, Middle, Senior, Master],Total Fit: 0.39
Cromossomo: 114,IDs: [82, 269, 94, 62],Nomes: [Dev82, Dev269, Dev94, Dev62],Fit: [0.7778872111185202, 0.7996841653954103, 0.9780355476105309, 0.8],Nível: [Junior, Middle, Senior, Master],Total Fit: 0.20
Cromossomo: 115,IDs: [47, 48, 65, 46],Nomes: [Dev47, Dev48, Dev65, Dev46],Fit: [0.80, 0.90, 0.60, 0.80],Nível: [Junior, Middle, Senior, Master],Total Fit: 0.03
Cromossomo: 116,IDs: [425, 8, 27, 211],Nomes: [Dev425, Dev8, Dev27, Dev211],Fit: [0.7735124190032967, 0.6907323469378277, 0.7357923044809707, 0.8723804516251731],Nível: [Junior, Middle, Senior, Master],Total Fit: 2.15
Cromossomo: 117,IDs: [53, 38, 28, 89],Nomes: [Dev53, Dev38, Dev28, Dev89],Fit: [0.60, 0.80, 0.80, 0.80],Nível: [Junior, Senior, Middle, Master],Total Fit: 0.21
Cromossomo: 118,IDs: [47, 270, 94, 211],Nomes: [Dev47, Dev270, Dev94, Dev211],Fit: [0.796625933222012, 0.8451381644415923, 0.9423467257302782, 0.9272611576618078],Nível: [Junior, Middle, Senior, Master],Total Fit: 0.18
Cromossomo: 119,IDs: [445, 48, 65, 46],Nomes: [Dev445, Dev48, Dev65, Dev46],Fit: [0.90, 0.8500199097769715, 0.7128854655938905, 0.8507100683089098],Nível: [Junior, Middle, Senior, Master],Total Fit: 0.03
Cromossomo: 120,IDs: [425, 8, 27, 211],Nomes: [Dev425, Dev8, Dev27, Dev211],Fit: [0.7735124190032967, 0.6907323469378277, 0.7357923044809707, 0.8723804516251731],Nível: [Junior, Middle, Senior, Master],Total Fit: 2.15
Cromossomo: 121,IDs: [445, 48, 94, 46],Nomes: [Dev445, Dev48, Dev94, Dev46],Fit: [0.8841931360545489, 0.8481742714342242, 0.927499203448846, 0.8829252547551403],Nível: [Junior, Middle, Senior, Master],Total Fit: 0.04
Cromossomo: 122,IDs: [359, 181, 65, 211],Nomes: [Dev359, Dev181, Dev65, Dev211],Fit: [0.90, 0.90, 0.7347016103988963, 0.9144037494978758],Nível: [Junior, Middle, Senior, Master],Total Fit: 0.03
Cromossomo: 123,IDs: [62, 81, 16, 38],Nomes: [Dev62, Dev81, Dev16, Dev38],Fit: [0.60, 0.80, 0.60, 0.80],Nível: [Master, Junior, Middle, Senior],Total Fit: 0.03
Cromossomo: 124,IDs: [425, 8, 27, 211],Nomes: [Dev425, Dev8, Dev27, Dev211],Fit: [0.7735124190032967, 0.6907323469378277, 0.7357923044809707, 0.8723804516251731],Nível: [Junior, Middle, Senior, Master],Total Fit: 2.15
Cromossomo: 125,IDs: [359, 7, 351, 211],Nomes: [Dev359, Dev7, Dev351, Dev211],Fit: [0.8985849224478385, 0.90, 0.90, 1.00],Nível: [Junior, Middle, Senior, Master],Total Fit: 0.44
Cromossomo: 126,IDs: [445, 48, 94, 46],Nomes: [Dev445, Dev48, Dev94, Dev46],Fit: [0.8858940031302114, 0.8701117835229928, 0.9242074380592858, 0.8907056220653348],Nível: [Junior, Middle, Senior, Master],Total Fit: 0.04
Cromossomo: 127,IDs: [55, 16, 17, 62],Nomes: [Dev55, Dev16, Dev17, Dev62],Fit: [0.70, 0.60, 0.70, 0.60],Nível: [Junior, Middle, Senior, Master],Total Fit: 0.03
Cromossomo: 128,IDs: [425, 8, 27, 211],Nomes: [Dev425, Dev8, Dev27, Dev211],Fit: [0.7735124190032967, 0.6907323469378277, 0.7357923044809707, 0.8723804516251731],Nível: [Junior, Middle, Senior, Master],Total Fit: 2.15
Cromossomo: 129,IDs: [359, 7, 351, 62],Nomes: [Dev359, Dev7, Dev351, Dev62],Fit: [0.8218195489027469, 0.8548877011812518, 0.8044377268427785, 0.7682592495348237],Nível: [Junior, Middle, Senior, Master],Total Fit: 1.36
Cromossomo: 130,IDs: [336, 181, 94, 211],Nomes: [Dev336, Dev181, Dev94, Dev211],Fit: [0.90, 0.90, 1.00, 0.9200582308522312],Nível: [Junior, Middle, Senior, Master],Total Fit: 0.19
Cromossomo: 131,IDs: [97, 46, 55, 29],Nomes: [Dev97, Dev46, Dev55, Dev29],Fit: [0.70, 0.80, 0.70, 0.80],Nível: [Middle, Master, Junior, Senior],Total Fit: 0.03
Cromossomo: 132,IDs: [425, 8, 27, 211],Nomes: [Dev425, Dev8, Dev27, Dev211],Fit: [0.7735124190032967, 0.6907323469378277, 0.7357923044809707, 0.8723804516251731],Nível: [Junior, Middle, Senior, Master],Total Fit: 2.15
Cromossomo: 133,IDs: [445, 181, 351, 62],Nomes: [Dev445, Dev181, Dev351, Dev62],Fit: [0.90, 0.8785742818469473, 0.8142913303854753, 0.8022535626766449],Nível: [Junior, Middle, Senior, Master],Total Fit: 1.43
Cromossomo: 134,IDs: [359, 7, 94, 211],Nomes: [Dev359, Dev7, Dev94, Dev211],Fit: [0.8422566339764047, 0.8647484840463605, 0.9626291153584567, 0.8618346999893918],Nível: [Junior, Middle, Senior, Master],Total Fit: 0.18
Cromossomo: 135,IDs: [53, 85, 48, 65],Nomes: [Dev53, Dev85, Dev48, Dev65],Fit: [0.60, 0.80, 0.90, 0.60],Nível: [Junior, Master, Middle, Senior],Total Fit: 0.03
Cromossomo: 136,IDs: [425, 8, 27, 211],Nomes: [Dev425, Dev8, Dev27, Dev211],Fit: [0.7735124190032967, 0.6907323469378277, 0.7357923044809707, 0.8723804516251731],Nível: [Junior, Middle, Senior, Master],Total Fit: 2.15
Cromossomo: 137,IDs: [445, 7, 94, 211],Nomes: [Dev445, Dev7, Dev94, Dev211],Fit: [0.8769044938530524, 0.8685832450424077, 0.9261665909130159, 0.8495962924640152],Nível: [Junior, Middle, Senior, Master],Total Fit: 0.81
Cromossomo: 138,IDs: [335, 181, 351, 211],Nomes: [Dev335, Dev181, Dev351, Dev211],Fit: [0.90, 0.90, 0.843370603740555, 0.8557822905899505],Nível: [Junior, Middle, Senior, Master],Total Fit: 0.17
Cromossomo: 139,IDs: [56, 16, 17, 85],Nomes: [Dev56, Dev16, Dev17, Dev85],Fit: [0.80, 0.60, 0.70, 0.80],Nível: [Junior, Middle, Senior, Master],Total Fit: 0.03
Cromossomo: 140,IDs: [425, 8, 27, 211],Nomes: [Dev425, Dev8, Dev27, Dev211],Fit: [0.7735124190032967, 0.6907323469378277, 0.7357923044809707, 0.8723804516251731],Nível: [Junior, Middle, Senior, Master],Total Fit: 2.15
Cromossomo: 141,IDs: [445, 7, 448, 211],Nomes: [Dev445, Dev7, Dev448, Dev211],Fit: [0.90, 0.7443841823799675, 0.80, 1.00],Nível: [Junior, Middle, Senior, Master],Total Fit: 0.62
Cromossomo: 142,IDs: [56, 16, 17, 85],Nomes: [Dev56, Dev16, Dev17, Dev85],Fit: [0.836367143627121, 0.7146044669720963, 0.7962683075713083, 0.8018244237904953],Nível: [Junior, Middle, Senior, Master],Total Fit: 0.03
Cromossomo: 143,IDs: [81, 28, 94, 46],Nomes: [Dev81, Dev28, Dev94, Dev46],Fit: [0.80, 0.80, 0.60, 0.80],Nível: [Junior, Middle, Senior, Master],Total Fit: 0.03
Cromossomo: 144,IDs: [425, 8, 27, 211],Nomes: [Dev425, Dev8, Dev27, Dev211],Fit: [0.7735124190032967, 0.6907323469378277, 0.7357923044809707, 0.8723804516251731],Nível: [Junior, Middle, Senior, Master],Total Fit: 2.15
Cromossomo: 145,IDs: [55, 97, 38, 85],Nomes: [Dev55, Dev97, Dev38, Dev85],Fit: [0.70, 0.70, 0.80, 0.80],Nível: [Junior, Middle, Senior, Master],Total Fit: 0.24
Cromossomo: 146,IDs: [81, 183, 94, 211],Nomes: [Dev81, Dev183, Dev94, Dev211],Fit: [0.8457639669781205, 0.80, 0.6533566047858261, 0.9264753551888585],Nível: [Junior, Middle, Senior, Master],Total Fit: 0.16
Cromossomo: 147,IDs: [445, 28, 448, 211],Nomes: [Dev445, Dev28, Dev448, Dev211],Fit: [0.8769250899455351, 0.7834309066693455, 0.7384077602532054, 0.9492679896290334],Nível: [Junior, Middle, Senior, Master],Total Fit: 0.03
Cromossomo: 148,IDs: [425, 8, 27, 211],Nomes: [Dev425, Dev8, Dev27, Dev211],Fit: [0.7735124190032967, 0.6907323469378277, 0.7357923044809707, 0.8723804516251731],Nível: [Junior, Middle, Senior, Master],Total Fit: 2.15
Cromossomo: 149,IDs: [305, 97, 94, 211],Nomes: [Dev305, Dev97, Dev94, Dev211],Fit: [0.80, 0.7159479927316412, 1.00, 0.8636970837567117],Nível: [Junior, Middle, Senior, Master],Total Fit: 0.24
Cromossomo: 150,IDs: [55, 183, 38, 211],Nomes: [Dev55, Dev183, Dev38, Dev211],Fit: [0.7607889126994325, 0.7870084714152694, 0.7916559919482775, 0.8952436504719844],Nível: [Junior, Middle, Senior, Master],Total Fit: 0.03
Cromossomo: 151,IDs: [16, 46, 104, 29],Nomes: [Dev16, Dev46, Dev104, Dev29],Fit: [0.60, 0.80, 0.60, 0.80],Nível: [Middle, Master, Junior, Senior],Total Fit: 0.03
Cromossomo: 152,IDs: [425, 8, 27, 211],Nomes: [Dev425, Dev8, Dev27, Dev211],Fit: [0.7735124190032967, 0.6907323469378277, 0.7357923044809707, 0.8723804516251731],Nível: [Junior, Middle, Senior, Master],Total Fit: 2.15
Cromossomo: 153,IDs: [445, 97, 94, 211],Nomes: [Dev445, Dev97, Dev94, Dev211],Fit: [0.90, 0.7270210012204242, 0.9894573127658259, 0.8843498609265947],Nível: [Junior, Middle, Senior, Master],Total Fit: 0.18
Cromossomo: 154,IDs: [55, 183, 94, 211],Nomes: [Dev55, Dev183, Dev94, Dev211],Fit: [0.7619775821632796, 0.7636183270867087, 0.9970788672749268, 0.866535477604699],Nível: [Junior, Middle, Senior, Master],Total Fit: 0.17
Cromossomo: 155,IDs: [46, 65, 82, 48],Nomes: [Dev46, Dev65, Dev82, Dev48],Fit: [0.80, 0.60, 0.70, 0.90],Nível: [Master, Senior, Junior, Middle],Total Fit: 0.03
Cromossomo: 156,IDs: [425, 8, 27, 211],Nomes: [Dev425, Dev8, Dev27, Dev211],Fit: [0.7735124190032967, 0.6907323469378277, 0.7357923044809707, 0.8723804516251731],Nível: [Junior, Middle, Senior, Master],Total Fit: 2.15
Cromossomo: 157,IDs: [45, 7, 29, 46],Nomes: [Dev45, Dev7, Dev29, Dev46],Fit: [0.70, 0.90, 0.80, 0.80],Nível: [Junior, Middle, Senior, Master],Total Fit: 0.58
Cromossomo: 158,IDs: [336, 97, 94, 211],Nomes: [Dev336, Dev97, Dev94, Dev211],Fit: [0.90, 0.7354786998952103, 0.990931229460283, 0.8679087720783585],Nível: [Junior, Middle, Senior, Master],Total Fit: 0.17
Cromossomo: 159,IDs: [55, 183, 94, 211],Nomes: [Dev55, Dev183, Dev94, Dev211],Fit: [0.7914598097726844, 0.7533566462772511, 0.996975068421604, 0.8681862834605096],Nível: [Junior, Middle, Senior, Master],Total Fit: 0.17
Cromossomo: 160,IDs: [425, 8, 27, 211],Nomes: [Dev425, Dev8, Dev27, Dev211],Fit: [0.7735124190032967, 0.6907323469378277, 0.7357923044809707, 0.8723804516251731],Nível: [Junior, Middle, Senior, Master],Total Fit: 2.15
Cromossomo: 161,IDs: [336, 28, 351, 211],Nomes: [Dev336, Dev28, Dev351, Dev211],Fit: [0.8845109633055619, 0.80, 0.90, 1.00],Nível: [Junior, Middle, Senior, Master],Total Fit: 0.04
Cromossomo: 162,IDs: [45, 97, 29, 46],Nomes: [Dev45, Dev97, Dev29, Dev46],Fit: [0.7705066793848898, 0.7781571257469585, 0.8291992706704188, 0.8334013914591636],Nível: [Junior, Middle, Senior, Master],Total Fit: 0.03
Cromossomo: 163,IDs: [53, 48, 65, 85],Nomes: [Dev53, Dev48, Dev65, Dev85],Fit: [0.60, 0.90, 0.60, 0.80],Nível: [Junior, Middle, Senior, Master],Total Fit: 0.03
Cromossomo: 164,IDs: [425, 8, 27, 211],Nomes: [Dev425, Dev8, Dev27, Dev211],Fit: [0.7735124190032967, 0.6907323469378277, 0.7357923044809707, 0.8723804516251731],Nível: [Junior, Middle, Senior, Master],Total Fit: 2.15
Cromossomo: 165,IDs: [336, 7, 351, 85],Nomes: [Dev336, Dev7, Dev351, Dev85],Fit: [0.7481695814527046, 0.90, 0.7817791215518509, 0.8807907647295091],Nível: [Junior, Middle, Senior, Master],Total Fit: 0.40
Cromossomo: 166,IDs: [104, 97, 38, 89],Nomes: [Dev104, Dev97, Dev38, Dev89],Fit: [0.60, 0.70, 0.80, 0.80],Nível: [Junior, Middle, Senior, Master],Total Fit: 0.23
Cromossomo: 167,IDs: [53, 28, 65, 211],Nomes: [Dev53, Dev28, Dev65, Dev211],Fit: [0.6525934230389101, 0.8097950522985032, 0.7395898012406469, 0.9855268355954816],Nível: [Junior, Middle, Senior, Master],Total Fit: 0.16
Cromossomo: 168,IDs: [425, 8, 27, 211],Nomes: [Dev425, Dev8, Dev27, Dev211],Fit: [0.7735124190032967, 0.6907323469378277, 0.7357923044809707, 0.8723804516251731],Nível: [Junior, Middle, Senior, Master],Total Fit: 2.15
Cromossomo: 169,IDs: [56, 48, 29, 62],Nomes: [Dev56, Dev48, Dev29, Dev62],Fit: [0.80, 0.90, 0.80, 0.60],Nível: [Junior, Middle, Senior, Master],Total Fit: 0.74
Cromossomo: 170,IDs: [53, 181, 38, 211],Nomes: [Dev53, Dev181, Dev38, Dev211],Fit: [0.6410699450983459, 0.90, 0.80, 0.9850357768662608],Nível: [Junior, Middle, Senior, Master],Total Fit: 0.37
Cromossomo: 171,IDs: [104, 28, 65, 211],Nomes: [Dev104, Dev28, Dev65, Dev211],Fit: [0.6001408425670507, 0.7859646090398618, 0.7694255574391475, 0.9690402870099651],Nível: [Junior, Middle, Senior, Master],Total Fit: 0.16
Cromossomo: 172,IDs: [425, 8, 27, 211],Nomes: [Dev425, Dev8, Dev27, Dev211],Fit: [0.7735124190032967, 0.6907323469378277, 0.7357923044809707, 0.8723804516251731],Nível: [Junior, Middle, Senior, Master],Total Fit: 2.15
Cromossomo: 173,IDs: [56, 181, 38, 211],Nomes: [Dev56, Dev181, Dev38, Dev211],Fit: [0.7877255008917454, 0.9000000000000001, 0.8, 0.9384025889524057],Nível: [Junior, Middle, Senior, Master],Total Fit: 0.07
Cromossomo: 174,IDs: [53, 181, 448, 62],Nomes: [Dev53, Dev181, Dev448, Dev62],Fit: [0.6734594778559804, 0.9000000000000001, 0.80, 0.6169316776548974],Nível: [Junior, Middle, Senior, Master],Total Fit: 0.06
Cromossomo: 175,IDs: [97, 46, 94, 81],Nomes: [Dev97, Dev46, Dev94, Dev81],Fit: [0.70, 0.80, 0.60, 0.80],Nível: [Middle, Master, Senior, Junior],Total Fit: 0.03
Cromossomo: 176,IDs: [425, 8, 27, 211],Nomes: [Dev425, Dev8, Dev27, Dev211],Fit: [0.7735124190032967, 0.6907323469378277, 0.7357923044809707, 0.8723804516251731],Nível: [Junior, Middle, Senior, Master],Total Fit: 2.15
Cromossomo: 177,IDs: [56, 181, 29, 62],Nomes: [Dev56, Dev181, Dev29, Dev62],Fit: [0.783293460440634, 0.9000000000000001, 0.80, 0.6542734682465912],Nível: [Junior, Middle, Senior, Master],Total Fit: 0.75
Cromossomo: 178,IDs: [53, 181, 448, 211],Nomes: [Dev53, Dev181, Dev448, Dev211],Fit: [0.6991974524065678, 0.9000000000000001, 0.8, 0.9016828766973305],Nível: [Junior, Middle, Senior, Master],Total Fit: 0.07
Cromossomo: 179,IDs: [81, 17, 89, 7],Nomes: [Dev81, Dev17, Dev89, Dev7],Fit: [0.80, 0.70, 0.80, 0.90],Nível: [Junior, Senior, Master, Middle],Total Fit: 0.03
Cromossomo: 180,IDs: [425, 8, 27, 211],Nomes: [Dev425, Dev8, Dev27, Dev211],Fit: [0.7735124190032967, 0.6907323469378277, 0.7357923044809707, 0.8723804516251731],Nível: [Junior, Middle, Senior, Master],Total Fit: 2.15
Cromossomo: 181,IDs: [53, 181, 161, 211],Nomes: [Dev53, Dev181, Dev161, Dev211],Fit: [0.7182780295079545, 0.9000000000000001, 0.80, 0.8127537667103564],Nível: [Junior, Middle, Senior, Master],Total Fit: 0.58
Cromossomo: 182,IDs: [56, 181, 448, 211],Nomes: [Dev56, Dev181, Dev448, Dev211],Fit: [0.7466626077340507, 0.9000000000000001, 0.8, 0.8863893371911218],Nível: [Junior, Middle, Senior, Master],Total Fit: 0.03
Cromossomo: 183,IDs: [62, 55, 16, 94],Nomes: [Dev62, Dev55, Dev16, Dev94],Fit: [0.60, 0.70, 0.60, 0.60],Nível: [Master, Junior, Middle, Senior],Total Fit: 0.03
Cromossomo: 184,IDs: [425, 8, 27, 211],Nomes: [Dev425, Dev8, Dev27, Dev211],Fit: [0.7735124190032967, 0.6907323469378277, 0.7357923044809707, 0.8723804516251731],Nível: [Junior, Middle, Senior, Master],Total Fit: 2.15
Cromossomo: 185,IDs: [326, 181, 94, 211],Nomes: [Dev326, Dev181, Dev94, Dev211],Fit: [0.80, 0.9000000000000001, 1.00, 0.8405537802232854],Nível: [Junior, Middle, Senior, Master],Total Fit: 0.18
Cromossomo: 186,IDs: [53, 181, 448, 211],Nomes: [Dev53, Dev181, Dev448, Dev211],Fit: [0.7305050898266531, 0.9000000000000001, 0.8, 0.8586240861787127],Nível: [Junior, Middle, Senior, Master],Total Fit: 0.07
Cromossomo: 187,IDs: [16, 46, 47, 38],Nomes: [Dev16, Dev46, Dev47, Dev38],Fit: [0.60, 0.80, 0.80, 0.80],Nível: [Middle, Master, Junior, Senior],Total Fit: 0.03
Cromossomo: 188,IDs: [425, 8, 27, 211],Nomes: [Dev425, Dev8, Dev27, Dev211],Fit: [0.7735124190032967, 0.6907323469378277, 0.7357923044809707, 0.8723804516251731],Nível: [Junior, Middle, Senior, Master],Total Fit: 2.15
Cromossomo: 189,IDs: [326, 181, 448, 211],Nomes: [Dev326, Dev181, Dev448, Dev211],Fit: [0.7948720933925107, 0.9000000000000001, 0.8555980898397214, 0.8519724523826815],Nível: [Junior, Middle, Senior, Master],Total Fit: 0.37
Cromossomo: 190,IDs: [53, 181, 94, 211],Nomes: [Dev53, Dev181, Dev94, Dev211],Fit: [0.7488286974882588, 0.9000000000000001, 1.00, 0.8420707306948649],Nível: [Junior, Middle, Senior, Master],Total Fit: 0.24
Cromossomo: 191,IDs: [55, 16, 65, 62],Nomes: [Dev55, Dev16, Dev65, Dev62],Fit: [0.70, 0.60, 0.60, 0.60],Nível: [Junior, Middle, Senior, Master],Total Fit: 0.03
Cromossomo: 192,IDs: [425, 8, 27, 211],Nomes: [Dev425, Dev8, Dev27, Dev211],Fit: [0.7735124190032967, 0.6907323469378277, 0.7357923044809707, 0.8723804516251731],Nível: [Junior, Middle, Senior, Master],Total Fit: 2.15
Cromossomo: 193,IDs: [45, 7, 38, 89],Nomes: [Dev45, Dev7, Dev38, Dev89],Fit: [0.70, 0.90, 0.80, 0.80],Nível: [Junior, Middle, Senior, Master],Total Fit: 0.03
Cromossomo: 194,IDs: [53, 16, 415, 211],Nomes: [Dev53, Dev16, Dev415, Dev211],Fit: [0.80, 0.63316062501027, 0.70, 0.7986700750693446],Nível: [Junior, Middle, Senior, Master],Total Fit: 0.03
Cromossomo: 195,IDs: [55, 181, 65, 62],Nomes: [Dev55, Dev181, Dev65, Dev62],Fit: [0.7376023368201556, 0.7569467464440445, 0.6104775713063408, 0.6792226177060942],Nível: [Junior, Middle, Senior, Master],Total Fit: 0.03
Cromossomo: 196,IDs: [425, 8, 27, 211],Nomes: [Dev425, Dev8, Dev27, Dev211],Fit: [0.7735124190032967, 0.6907323469378277, 0.7357923044809707, 0.8723804516251731],Nível: [Junior, Middle, Senior, Master],Total Fit: 2.15
Cromossomo: 197,IDs: [53, 181, 415, 62],Nomes: [Dev53, Dev181, Dev415, Dev62],Fit: [0.7768313699300498, 0.7341793347581216, 0.6589655005189549, 0.7195227888705336],Nível: [Junior, Middle, Senior, Master],Total Fit: 0.06
Cromossomo: 198,IDs: [336, 28, 448, 211],Nomes: [Dev336, Dev28, Dev448, Dev211],Fit: [0.90, 0.80, 0.80, 0.7836716556655959],Nível: [Junior, Middle, Senior, Master],Total Fit: 0.03
Cromossomo: 199,IDs: [55, 7, 94, 89],Nomes: [Dev55, Dev7, Dev94, Dev89],Fit: [0.70, 0.90, 0.60, 0.80],Nível: [Junior, Middle, Senior, Master],Total Fit: 0.03
Cromossomo: 200,IDs: [425, 8, 27, 211],Nomes: [Dev425, Dev8, Dev27, Dev211],Fit: [0.7735124190032967, 0.6907323469378277, 0.7357923044809707, 0.8723804516251731],Nível: [Junior, Middle, Senior, Master],Total Fit: 2.15
Cromossomo: 201,IDs: [82, 16, 65, 62],Nomes: [Dev82, Dev16, Dev65, Dev62],Fit: [0.70, 0.60, 0.60, 0.60],Nível: [Junior, Middle, Senior, Master],Total Fit: 0.15
Cromossomo: 202,IDs: [53, 174, 415, 136],Nomes: [Dev53, Dev174, Dev415, Dev136],Fit: [0.7620033915650564, 0.80, 0.6415139521070793, 0.80],Nível: [Junior, Middle, Senior, Master],Total Fit: 0.12
Cromossomo: 203,IDs: [55, 181, 94, 89],Nomes: [Dev55, Dev181, Dev94, Dev89],Fit: [0.7119687467680634, 0.7489300378284306, 0.6217298238704366, 0.7844211947007877],Nível: [Junior, Middle, Senior, Master],Total Fit: 0.03
Cromossomo: 204,IDs: [425, 8, 27, 211],Nomes: [Dev425, Dev8, Dev27, Dev211],Fit: [0.7735124190032967, 0.6907323469378277, 0.7357923044809707, 0.8723804516251731],Nível: [Junior, Middle, Senior, Master],Total Fit: 2.15
Cromossomo: 205,IDs: [82, 137, 94, 62],Nomes: [Dev82, Dev137, Dev94, Dev62],Fit: [0.7281964564828429, 0.80, 1.00, 0.6036114451502768],Nível: [Junior, Middle, Senior, Master],Total Fit: 0.19
Cromossomo: 206,IDs: [53, 174, 65, 136],Nomes: [Dev53, Dev174, Dev65, Dev136],Fit: [0.7552352985618846, 0.7750465652302511, 0.6064056667704838, 0.7674096362460283],Nível: [Junior, Middle, Senior, Master],Total Fit: 0.12
Cromossomo: 207,IDs: [104, 89, 28, 38],Nomes: [Dev104, Dev89, Dev28, Dev38],Fit: [0.60, 0.80, 0.80, 0.80],Nível: [Junior, Master, Middle, Senior],Total Fit: 0.03
Cromossomo: 208,IDs: [425, 8, 27, 211],Nomes: [Dev425, Dev8, Dev27, Dev211],Fit: [0.7735124190032967, 0.6907323469378277, 0.7357923044809707, 0.8723804516251731],Nível: [Junior, Middle, Senior, Master],Total Fit: 2.15
Cromossomo: 209,IDs: [81, 48, 17, 89],Nomes: [Dev81, Dev48, Dev17, Dev89],Fit: [0.80, 0.90, 0.70, 0.80],Nível: [Junior, Middle, Senior, Master],Total Fit: 0.03
Cromossomo: 210,IDs: [82, 137, 94, 136],Nomes: [Dev82, Dev137, Dev94, Dev136],Fit: [0.7314492921859616, 0.7912868221725345, 0.9601569233007544, 0.7112990121188795],Nível: [Junior, Middle, Senior, Master],Total Fit: 0.03
Cromossomo: 211,IDs: [53, 174, 94, 62],Nomes: [Dev53, Dev174, Dev94, Dev62],Fit: [0.7523954139671398, 0.7864494338791268, 0.8760330938874414, 0.6604905697826309],Nível: [Junior, Middle, Senior, Master],Total Fit: 0.03
Cromossomo: 212,IDs: [425, 8, 27, 211],Nomes: [Dev425, Dev8, Dev27, Dev211],Fit: [0.7735124190032967, 0.6907323469378277, 0.7357923044809707, 0.8723804516251731],Nível: [Junior, Middle, Senior, Master],Total Fit: 2.15
Cromossomo: 213,IDs: [336, 174, 94, 225],Nomes: [Dev336, Dev174, Dev94, Dev225],Fit: [0.90, 0.8193891166890761, 0.7967008245148153, 0.70],Nível: [Junior, Middle, Senior, Master],Total Fit: 0.03
Cromossomo: 214,IDs: [47, 65, 7, 85],Nomes: [Dev47, Dev65, Dev7, Dev85],Fit: [0.80, 0.60, 0.90, 0.80],Nível: [Junior, Senior, Middle, Master],Total Fit: 0.03
Cromossomo: 215,IDs: [53, 48, 17, 62],Nomes: [Dev53, Dev48, Dev17, Dev62],Fit: [0.7524780908908767, 0.8742908641839832, 0.7721437365710274, 0.6662126588386879],Nível: [Junior, Middle, Senior, Master],Total Fit: 0.03
Cromossomo: 216,IDs: [425, 8, 27, 211],Nomes: [Dev425, Dev8, Dev27, Dev211],Fit: [0.7735124190032967, 0.6907323469378277, 0.7357923044809707, 0.8723804516251731],Nível: [Junior, Middle, Senior, Master],Total Fit: 2.15
Cromossomo: 217,IDs: [220, 7, 94, 89],Nomes: [Dev220, Dev7, Dev94, Dev89],Fit: [0.90, 0.90, 0.7925030359569497, 0.70],Nível: [Junior, Middle, Senior, Master],Total Fit: 0.03
Cromossomo: 218,IDs: [336, 48, 17, 62],Nomes: [Dev336, Dev48, Dev17, Dev62],Fit: [0.8444208286972757, 0.8505352810646136, 0.7784044726930905, 0.673591496390481],Nível: [Junior, Middle, Senior, Master],Total Fit: 0.03
Cromossomo: 219,IDs: [65, 97, 55, 85],Nomes: [Dev65, Dev97, Dev55, Dev85],Fit: [0.60, 0.70, 0.70, 0.80],Nível: [Senior, Middle, Junior, Master],Total Fit: 0.03
Cromossomo: 220,IDs: [425, 8, 27, 211],Nomes: [Dev425, Dev8, Dev27, Dev211],Fit: [0.7735124190032967, 0.6907323469378277, 0.7357923044809707, 0.8723804516251731],Nível: [Junior, Middle, Senior, Master],Total Fit: 2.15
Cromossomo: 221,IDs: [445, 7, 94, 62],Nomes: [Dev445, Dev7, Dev94, Dev62],Fit: [0.90, 0.90, 0.7905156685929557, 0.6856766907385214],Nível: [Junior, Middle, Senior, Master],Total Fit: 1.77
Cromossomo: 222,IDs: [336, 48, 17, 89],Nomes: [Dev336, Dev48, Dev17, Dev89],Fit: [0.8444209769588895, 0.8732780717570097, 0.7851622220402763, 0.6969922017096946],Nível: [Junior, Middle, Senior, Master],Total Fit: 0.03
Cromossomo: 223,IDs: [53, 28, 29, 85],Nomes: [Dev53, Dev28, Dev29, Dev85],Fit: [0.60, 0.80, 0.80, 0.80],Nível: [Junior, Middle, Senior, Master],Total Fit: 0.03
Cromossomo: 224,IDs: [425, 8, 27, 211],Nomes: [Dev425, Dev8, Dev27, Dev211],Fit: [0.7735124190032967, 0.6907323469378277, 0.7357923044809707, 0.8723804516251731],Nível: [Junior, Middle, Senior, Master],Total Fit: 2.15
Cromossomo: 225,IDs: [445, 7, 29, 311],Nomes: [Dev445, Dev7, Dev29, Dev311],Fit: [0.8163119183780392, 0.8762438479222485, 0.7998187281979543, 0.80],Nível: [Junior, Middle, Senior, Master],Total Fit: 1.58
Cromossomo: 226,IDs: [56, 48, 38, 85],Nomes: [Dev56, Dev48, Dev38, Dev85],Fit: [0.80, 0.90, 0.80, 0.80],Nível: [Junior, Middle, Senior, Master],Total Fit: 0.03
Cromossomo: 227,IDs: [53, 28, 94, 62],Nomes: [Dev53, Dev28, Dev94, Dev62],Fit: [0.7314151884204159, 0.8382917991211685, 0.7915222622441515, 0.6870068569173974],Nível: [Junior, Middle, Senior, Master],Total Fit: 0.03
Cromossomo: 228,IDs: [425, 8, 27, 211],Nomes: [Dev425, Dev8, Dev27, Dev211],Fit: [0.7735124190032967, 0.6907323469378277, 0.7357923044809707, 0.8723804516251731],Nível: [Junior, Middle, Senior, Master],Total Fit: 2.15
Cromossomo: 229,IDs: [56, 7, 38, 46],Nomes: [Dev56, Dev7, Dev38, Dev46],Fit: [0.8029125903033492, 0.8784655058503423, 0.7999718785031265, 0.80],Nível: [Junior, Middle, Senior, Master],Total Fit: 0.59
Cromossomo: 230,IDs: [445, 48, 29, 85],Nomes: [Dev445, Dev48, Dev29, Dev85],Fit: [0.8113047711114223, 0.894917043295637, 0.7998947723211401, 0.8],Nível: [Junior, Middle, Senior, Master],Total Fit: 0.40
Cromossomo: 231,IDs: [65, 16, 47, 62],Nomes: [Dev65, Dev16, Dev47, Dev62],Fit: [0.60, 0.60, 0.80, 0.60],Nível: [Senior, Middle, Junior, Master],Total Fit: 0.03
Cromossomo: 232,IDs: [425, 8, 27, 211],Nomes: [Dev425, Dev8, Dev27, Dev211],Fit: [0.7735124190032967, 0.6907323469378277, 0.7357923044809707, 0.8723804516251731],Nível: [Junior, Middle, Senior, Master],Total Fit: 2.15
Cromossomo: 233,IDs: [56, 7, 29, 85],Nomes: [Dev56, Dev7, Dev29, Dev85],Fit: [0.8045130635135367, 0.8828865112325546, 0.799929306392279, 0.8],Nível: [Junior, Middle, Senior, Master],Total Fit: 1.38
Cromossomo: 234,IDs: [336, 181, 38, 62],Nomes: [Dev336, Dev181, Dev38, Dev62],Fit: [0.90, 0.90, 0.7999393672450265, 0.80],Nível: [Junior, Middle, Senior, Master],Total Fit: 0.07
Cromossomo: 235,IDs: [89, 16, 81, 65],Nomes: [Dev89, Dev16, Dev81, Dev65],Fit: [0.80, 0.60, 0.80, 0.60],Nível: [Master, Middle, Junior, Senior],Total Fit: 0.03
Cromossomo: 236,IDs: [425, 8, 27, 211],Nomes: [Dev425, Dev8, Dev27, Dev211],Fit: [0.7735124190032967, 0.6907323469378277, 0.7357923044809707, 0.8723804516251731],Nível: [Junior, Middle, Senior, Master],Total Fit: 2.15
Cromossomo: 237,IDs: [56, 181, 27, 62],Nomes: [Dev56, Dev181, Dev27, Dev62],Fit: [0.8338411112072233, 0.8995755189108829, 0.80, 0.80],Nível: [Junior, Middle, Senior, Master],Total Fit: 0.20
Cromossomo: 238,IDs: [336, 7, 38, 85],Nomes: [Dev336, Dev7, Dev38, Dev85],Fit: [0.8953579679579371, 0.8859981950478284, 0.7999379864175199, 0.8],Nível: [Junior, Middle, Senior, Master],Total Fit: 0.03
Cromossomo: 239,IDs: [53, 48, 29, 89],Nomes: [Dev53, Dev48, Dev29, Dev89],Fit: [0.60, 0.90, 0.80, 0.80],Nível: [Junior, Middle, Senior, Master],Total Fit: 0.03
Cromossomo: 240,IDs: [425, 8, 27, 211],Nomes: [Dev425, Dev8, Dev27, Dev211],Fit: [0.7735124190032967, 0.6907323469378277, 0.7357923044809707, 0.8723804516251731],Nível: [Junior, Middle, Senior, Master],Total Fit: 2.15
Cromossomo: 241,IDs: [56, 48, 38, 402],Nomes: [Dev56, Dev48, Dev38, Dev402],Fit: [0.7246219594392553, 0.8998223663619056, 0.80, 0.80],Nível: [Junior, Middle, Senior, Master],Total Fit: 0.19
Cromossomo: 242,IDs: [46, 94, 7, 82],Nomes: [Dev46, Dev94, Dev7, Dev82],Fit: [0.80, 0.60, 0.90, 0.70],Nível: [Master, Senior, Middle, Junior],Total Fit: 0.18
Cromossomo: 243,IDs: [53, 181, 27, 62],Nomes: [Dev53, Dev181, Dev27, Dev62],Fit: [0.6542110633881567, 0.8995767344460455, 0.8, 0.8],Nível: [Junior, Middle, Senior, Master],Total Fit: 0.06
Cromossomo: 244,IDs: [425, 8, 27, 211],Nomes: [Dev425, Dev8, Dev27, Dev211],Fit: [0.7735124190032967, 0.6907323469378277, 0.7357923044809707, 0.8723804516251731],Nível: [Junior, Middle, Senior, Master],Total Fit: 2.15
Cromossomo: 245,IDs: [53, 48, 27, 62],Nomes: [Dev53, Dev48, Dev27, Dev62],Fit: [0.6822308273831361, 0.8997162122834732, 0.8, 0.8],Nível: [Junior, Middle, Senior, Master],Total Fit: 0.13
Cromossomo: 246,IDs: [205, 181, 448, 211],Nomes: [Dev205, Dev181, Dev448, Dev211],Fit: [0.70, 0.8996001783798506, 0.80, 1.00],Nível: [Junior, Middle, Senior, Master],Total Fit: 0.03
Cromossomo: 247,IDs: [81, 28, 94, 46],Nomes: [Dev81, Dev28, Dev94, Dev46],Fit: [0.80, 0.80, 0.60, 0.80],Nível: [Junior, Middle, Senior, Master],Total Fit: 0.03
Cromossomo: 248,IDs: [425, 8, 27, 211],Nomes: [Dev425, Dev8, Dev27, Dev211],Fit: [0.7735124190032967, 0.6907323469378277, 0.7357923044809707, 0.8723804516251731],Nível: [Junior, Middle, Senior, Master],Total Fit: 2.15
Cromossomo: 249,IDs: [324, 48, 392, 402],Nomes: [Dev324, Dev48, Dev392, Dev402],Fit: [0.80, 0.8774553545279007, 0.70, 0.80],Nível: [Junior, Middle, Senior, Master],Total Fit: 0.03
Cromossomo: 250,IDs: [81, 28, 94, 62],Nomes: [Dev81, Dev28, Dev94, Dev62],Fit: [0.7809897055268932, 0.8108095529159292, 0.63119421205456, 0.8],Nível: [Junior, Middle, Senior, Master],Total Fit: 0.03
Cromossomo: 251,IDs: [82, 97, 17, 85],Nomes: [Dev82, Dev97, Dev17, Dev85],Fit: [0.70, 0.70, 0.70, 0.80],Nível: [Junior, Middle, Senior, Master],Total Fit: 0.03
Cromossomo: 252,IDs: [425, 8, 27, 211],Nomes: [Dev425, Dev8, Dev27, Dev211],Fit: [0.7735124190032967, 0.6907323469378277, 0.7357923044809707, 0.8723804516251731],Nível: [Junior, Middle, Senior, Master],Total Fit: 2.15
Cromossomo: 253,IDs: [47, 7, 65, 85],Nomes: [Dev47, Dev7, Dev65, Dev85],Fit: [0.80, 0.90, 0.60, 0.80],Nível: [Junior, Middle, Senior, Master],Total Fit: 0.03
Cromossomo: 254,IDs: [81, 28, 17, 62],Nomes: [Dev81, Dev28, Dev17, Dev62],Fit: [0.7723155684454264, 0.7766832524073167, 0.6729713396561252, 0.8],Nível: [Junior, Middle, Senior, Master],Total Fit: 0.03
Cromossomo: 255,IDs: [82, 137, 94, 46],Nomes: [Dev82, Dev137, Dev94, Dev46],Fit: [0.7185295980203665, 0.80, 0.6416914740285284, 0.80],Nível: [Junior, Middle, Senior, Master],Total Fit: 0.03
Cromossomo: 256,IDs: [425, 8, 27, 211],Nomes: [Dev425, Dev8, Dev27, Dev211],Fit: [0.7735124190032967, 0.6907323469378277, 0.7357923044809707, 0.8723804516251731],Nível: [Junior, Middle, Senior, Master],Total Fit: 2.15
Cromossomo: 257,IDs: [56, 181, 351, 211],Nomes: [Dev56, Dev181, Dev351, Dev211],Fit: [0.80, 0.90, 0.90, 1.00],Nível: [Junior, Middle, Senior, Master],Total Fit: 0.43
Cromossomo: 258,IDs: [82, 48, 38, 89],Nomes: [Dev82, Dev48, Dev38, Dev89],Fit: [0.70, 0.90, 0.80, 0.80],Nível: [Junior, Middle, Senior, Master],Total Fit: 0.03
Cromossomo: 259,IDs: [81, 7, 17, 85],Nomes: [Dev81, Dev7, Dev17, Dev85],Fit: [0.7777894632166924, 0.8832368420897524, 0.6506798577069564, 0.8],Nível: [Junior, Middle, Senior, Master],Total Fit: 0.03
Cromossomo: 260,IDs: [425, 8, 27, 211],Nomes: [Dev425, Dev8, Dev27, Dev211],Fit: [0.7735124190032967, 0.6907323469378277, 0.7357923044809707, 0.8723804516251731],Nível: [Junior, Middle, Senior, Master],Total Fit: 2.15
Cromossomo: 261,IDs: [56, 48, 351, 211],Nomes: [Dev56, Dev48, Dev351, Dev211],Fit: [0.7781959974368886, 0.9, 0.8750319181670758, 0.9317267445707627],Nível: [Junior, Middle, Senior, Master],Total Fit: 0.49
Cromossomo: 262,IDs: [38, 62, 55, 97],Nomes: [Dev38, Dev62, Dev55, Dev97],Fit: [0.80, 0.60, 0.70, 0.70],Nível: [Senior, Master, Junior, Middle],Total Fit: 0.22
Cromossomo: 263,IDs: [104, 181, 94, 211],Nomes: [Dev104, Dev181, Dev94, Dev211],Fit: [0.80, 0.90, 1.00, 0.9341015648181656],Nível: [Junior, Middle, Senior, Master],Total Fit: 0.18
Cromossomo: 264,IDs: [425, 8, 27, 211],Nomes: [Dev425, Dev8, Dev27, Dev211],Fit: [0.7735124190032967, 0.6907323469378277, 0.7357923044809707, 0.8723804516251731],Nível: [Junior, Middle, Senior, Master],Total Fit: 2.15
Cromossomo: 265,IDs: [324, 181, 94, 211],Nomes: [Dev324, Dev181, Dev94, Dev211],Fit: [0.80, 0.9000000000000001, 0.9966233289056301, 0.9338223053645638],Nível: [Junior, Middle, Senior, Master],Total Fit: 0.25
Cromossomo: 266,IDs: [56, 181, 94, 211],Nomes: [Dev56, Dev181, Dev94, Dev211],Fit: [0.7874003070718174, 0.9000000000000001, 0.9785329753148323, 0.9321032107108232],Nível: [Junior, Middle, Senior, Master],Total Fit: 0.18
Cromossomo: 267,IDs: [28, 89, 81, 29],Nomes: [Dev28, Dev89, Dev81, Dev29],Fit: [0.80, 0.80, 0.80, 0.80],Nível: [Middle, Master, Junior, Senior],Total Fit: 0.03
Cromossomo: 268,IDs: [425, 8, 27, 211],Nomes: [Dev425, Dev8, Dev27, Dev211],Fit: [0.7735124190032967, 0.6907323469378277, 0.7357923044809707, 0.8723804516251731],Nível: [Junior, Middle, Senior, Master],Total Fit: 2.15
Cromossomo: 269,IDs: [324, 181, 94, 211],Nomes: [Dev324, Dev181, Dev94, Dev211],Fit: [0.7987707986587178, 0.9000000000000001, 0.9819687876780533, 0.9325886650080479],Nível: [Junior, Middle, Senior, Master],Total Fit: 0.25
Cromossomo: 270,IDs: [56, 181, 94, 211],Nomes: [Dev56, Dev181, Dev94, Dev211],Fit: [0.7895662718137233, 0.9000000000000001, 0.9836044444766783, 0.9324605063563691],Nível: [Junior, Middle, Senior, Master],Total Fit: 0.18
Cromossomo: 271,IDs: [],Nomes: [],Fit: [],Nível: [],Total Fit: 0.00
Cromossomo: 272,IDs: [425, 8, 27, 211],Nomes: [Dev425, Dev8, Dev27, Dev211],Fit: [0.7735124190032967, 0.6907323469378277, 0.7357923044809707, 0.8723804516251731],Nível: [Junior, Middle, Senior, Master],Total Fit: 2.15
Cromossomo: 273,IDs: [324, 181, 94, 211],Nomes: [Dev324, Dev181, Dev94, Dev211],Fit: [0.7942811600551007, 0.9000000000000001, 0.9824385756869132, 0.9325842686367387],Nível: [Junior, Middle, Senior, Master],Total Fit: 0.25
Cromossomo: 274,IDs: [56, 181, 94, 211],Nomes: [Dev56, Dev181, Dev94, Dev211],Fit: [0.7897739641260875, 0.9000000000000001, 0.9834243033638028, 0.9325864260708381],Nível: [Junior, Middle, Senior, Master],Total Fit: 0.18
Cromossomo: 275,IDs: [47, 29, 48, 85],Nomes: [Dev47, Dev29, Dev48, Dev85],Fit: [0.80, 0.80, 0.90, 0.80],Nível: [Junior, Senior, Middle, Master],Total Fit: 0.03
Cromossomo: 276,IDs: [425, 8, 27, 211],Nomes: [Dev425, Dev8, Dev27, Dev211],Fit: [0.7735124190032967, 0.6907323469378277, 0.7357923044809707, 0.8723804516251731],Nível: [Junior, Middle, Senior, Master],Total Fit: 2.15
Cromossomo: 277,IDs: [324, 181, 94, 211],Nomes: [Dev324, Dev181, Dev94, Dev211],Fit: [0.7921083248792985, 0.9000000000000001, 0.9828189512444176, 0.9325846304123365],Nível: [Junior, Middle, Senior, Master],Total Fit: 0.25
Cromossomo: 278,IDs: [56, 181, 94, 211],Nomes: [Dev56, Dev181, Dev94, Dev211],Fit: [0.7901924433637045, 0.9000000000000001, 0.9824458595858494, 0.9325856305266447],Nível: [Junior, Middle, Senior, Master],Total Fit: 0.18
Cromossomo: 279,IDs: [16, 17, 53, 85],Nomes: [Dev16, Dev17, Dev53, Dev85],Fit: [0.60, 0.70, 0.60, 0.80],Nível: [Middle, Senior, Junior, Master],Total Fit: 0.03
Cromossomo: 280,IDs: [425, 8, 27, 211],Nomes: [Dev425, Dev8, Dev27, Dev211],Fit: [0.7735124190032967, 0.6907323469378277, 0.7357923044809707, 0.8723804516251731],Nível: [Junior, Middle, Senior, Master],Total Fit: 2.15
Cromossomo: 281,IDs: [324, 181, 94, 211],Nomes: [Dev324, Dev181, Dev94, Dev211],Fit: [0.7918893657478904, 0.9000000000000001, 0.9825196760080299, 0.932584830443919],Nível: [Junior, Middle, Senior, Master],Total Fit: 0.25
Cromossomo: 282,IDs: [56, 181, 94, 211],Nomes: [Dev56, Dev181, Dev94, Dev211],Fit: [0.7909767704204798, 0.9000000000000001, 0.9827165736362666, 0.9325853581902813],Nível: [Junior, Middle, Senior, Master],Total Fit: 0.18
Cromossomo: 283,IDs: [82, 28, 65, 85],Nomes: [Dev82, Dev28, Dev65, Dev85],Fit: [0.70, 0.80, 0.60, 0.80],Nível: [Junior, Middle, Senior, Master],Total Fit: 0.14
Cromossomo: 284,IDs: [425, 8, 27, 211],Nomes: [Dev425, Dev8, Dev27, Dev211],Fit: [0.7735124190032967, 0.6907323469378277, 0.7357923044809707, 0.8723804516251731],Nível: [Junior, Middle, Senior, Master],Total Fit: 2.15
Cromossomo: 285,IDs: [200, 7, 94, 211],Nomes: [Dev200, Dev7, Dev94, Dev211],Fit: [0.80, 0.90, 0.8333911248476606, 1.00],Nível: [Junior, Middle, Senior, Master],Total Fit: 0.81
Cromossomo: 286,IDs: [56, 181, 65, 85],Nomes: [Dev56, Dev181, Dev65, Dev85],Fit: [0.7881242754996808, 0.8745857618709205, 0.7067972420860543, 0.8238086134194176],Nível: [Junior, Middle, Senior, Master],Total Fit: 0.03
Cromossomo: 287,IDs: [81, 28, 17, 62],Nomes: [Dev81, Dev28, Dev17, Dev62],Fit: [0.80, 0.80, 0.70, 0.60],Nível: [Junior, Middle, Senior, Master],Total Fit: 0.03
Cromossomo: 288,IDs: [425, 8, 27, 211],Nomes: [Dev425, Dev8, Dev27, Dev211],Fit: [0.7735124190032967, 0.6907323469378277, 0.7357923044809707, 0.8723804516251731],Nível: [Junior, Middle, Senior, Master],Total Fit: 2.15
Cromossomo: 289,IDs: [445, 28, 65, 211],Nomes: [Dev445, Dev28, Dev65, Dev211],Fit: [0.90, 0.8104855029664517, 0.7056168116940416, 1.00],Nível: [Junior, Middle, Senior, Master],Total Fit: 0.17
Cromossomo: 290,IDs: [82, 89, 48, 38],Nomes: [Dev82, Dev89, Dev48, Dev38],Fit: [0.70, 0.80, 0.90, 0.80],Nível: [Junior, Master, Middle, Senior],Total Fit: 0.03
Cromossomo: 291,IDs: [56, 181, 17, 85],Nomes: [Dev56, Dev181, Dev17, Dev85],Fit: [0.7918262067562435, 0.8699585461943665, 0.7017361691973287, 0.7814455379311016],Nível: [Junior, Middle, Senior, Master],Total Fit: 0.03
Cromossomo: 292,IDs: [425, 8, 27, 211],Nomes: [Dev425, Dev8, Dev27, Dev211],Fit: [0.7735124190032967, 0.6907323469378277, 0.7357923044809707, 0.8723804516251731],Nível: [Junior, Middle, Senior, Master],Total Fit: 2.15
Cromossomo: 293,IDs: [335, 28, 65, 211],Nomes: [Dev335, Dev28, Dev65, Dev211],Fit: [0.90, 0.8130234655917987, 0.7037181285179599, 0.9459442509264032],Nível: [Junior, Middle, Senior, Master],Total Fit: 0.17
Cromossomo: 294,IDs: [53, 97, 94, 46],Nomes: [Dev53, Dev97, Dev94, Dev46],Fit: [0.60, 0.70, 0.60, 0.80],Nível: [Junior, Middle, Senior, Master],Total Fit: 0.16
Cromossomo: 295,IDs: [56, 181, 17, 211],Nomes: [Dev56, Dev181, Dev17, Dev211],Fit: [0.7966058291425597, 0.8671577169622062, 0.7020779398629529, 0.945113161429656],Nível: [Junior, Middle, Senior, Master],Total Fit: 0.03
Cromossomo: 296,IDs: [425, 8, 27, 211],Nomes: [Dev425, Dev8, Dev27, Dev211],Fit: [0.7735124190032967, 0.6907323469378277, 0.7357923044809707, 0.8723804516251731],Nível: [Junior, Middle, Senior, Master],Total Fit: 2.15
Cromossomo: 297,IDs: [104, 16, 29, 62],Nomes: [Dev104, Dev16, Dev29, Dev62],Fit: [0.60, 0.60, 0.80, 0.60],Nível: [Junior, Middle, Senior, Master],Total Fit: 0.31
Cromossomo: 298,IDs: [335, 97, 94, 46],Nomes: [Dev335, Dev97, Dev94, Dev46],Fit: [0.7569673519651161, 0.7188230837343768, 0.6417334538511148, 0.8729466409455382],Nível: [Junior, Middle, Senior, Master],Total Fit: 0.09
Cromossomo: 299,IDs: [53, 28, 415, 211],Nomes: [Dev53, Dev28, Dev415, Dev211],Fit: [0.6566435751450058, 0.8116704984243215, 0.70, 0.9028640678995559],Nível: [Junior, Middle, Senior, Master],Total Fit: 0.03
Cromossomo: 300,IDs: [425, 8, 27, 211],Nomes: [Dev425, Dev8, Dev27, Dev211],Fit: [0.7735124190032967, 0.6907323469378277, 0.7357923044809707, 0.8723804516251731],Nível: [Junior, Middle, Senior, Master],Total Fit: 2.15
Cromossomo: 301,IDs: [305, 137, 351, 46],Nomes: [Dev305, Dev137, Dev351, Dev46],Fit: [0.80, 0.80, 0.90, 0.804181814319305],Nível: [Junior, Middle, Senior, Master],Total Fit: 0.03
Cromossomo: 302,IDs: [47, 7, 38, 89],Nomes: [Dev47, Dev7, Dev38, Dev89],Fit: [0.80, 0.90, 0.80, 0.80],Nível: [Junior, Middle, Senior, Master],Total Fit: 0.03
Cromossomo: 303,IDs: [104, 97, 94, 62],Nomes: [Dev104, Dev97, Dev94, Dev62],Fit: [0.609899154008378, 0.6790943966795888, 0.7034718160245799, 0.6959548567205247],Nível: [Junior, Middle, Senior, Master],Total Fit: 0.03
Cromossomo: 304,IDs: [425, 8, 27, 211],Nomes: [Dev425, Dev8, Dev27, Dev211],Fit: [0.7735124190032967, 0.6907323469378277, 0.7357923044809707, 0.8723804516251731],Nível: [Junior, Middle, Senior, Master],Total Fit: 2.15
Cromossomo: 305,IDs: [119, 7, 38, 211],Nomes: [Dev119, Dev7, Dev38, Dev211],Fit: [0.80, 0.8725755743235919, 0.8466088241354195, 1.00],Nível: [Junior, Middle, Senior, Master],Total Fit: 0.56
Cromossomo: 306,IDs: [305, 137, 351, 89],Nomes: [Dev305, Dev137, Dev351, Dev89],Fit: [0.8, 0.8373803506127255, 0.8654313027885516, 0.8017551197567084],Nível: [Junior, Middle, Senior, Master],Total Fit: 0.03
Cromossomo: 307,IDs: [47, 16, 65, 46],Nomes: [Dev47, Dev16, Dev65, Dev46],Fit: [0.80, 0.60, 0.60, 0.80],Nível: [Junior, Middle, Senior, Master],Total Fit: 0.03
Cromossomo: 308,IDs: [425, 8, 27, 211],Nomes: [Dev425, Dev8, Dev27, Dev211],Fit: [0.7735124190032967, 0.6907323469378277, 0.7357923044809707, 0.8723804516251731],Nível: [Junior, Middle, Senior, Master],Total Fit: 2.15
Cromossomo: 309,IDs: [336, 398, 38, 211],Nomes: [Dev336, Dev398, Dev38, Dev211],Fit: [0.90, 0.70, 0.7653191775309202, 0.9965780093882657],Nível: [Junior, Middle, Senior, Master],Total Fit: 0.13
Cromossomo: 310,IDs: [17, 81, 85, 48],Nomes: [Dev17, Dev81, Dev85, Dev48],Fit: [0.70, 0.80, 0.80, 0.90],Nível: [Senior, Junior, Master, Middle],Total Fit: 0.03
Cromossomo: 311,IDs: [47, 16, 65, 46],Nomes: [Dev47, Dev16, Dev65, Dev46],Fit: [0.8, 0.7006769922964204, 0.6798106476907686, 0.8887519953589867],Nível: [Junior, Middle, Senior, Master],Total Fit: 0.03
Cromossomo: 312,IDs: [425, 8, 27, 211],Nomes: [Dev425, Dev8, Dev27, Dev211],Fit: [0.7735124190032967, 0.6907323469378277, 0.7357923044809707, 0.8723804516251731],Nível: [Junior, Middle, Senior, Master],Total Fit: 2.15
Cromossomo: 313,IDs: [47, 181, 38, 211],Nomes: [Dev47, Dev181, Dev38, Dev211],Fit: [0.8049181398736119, 0.90, 0.80, 1.00],Nível: [Junior, Middle, Senior, Master],Total Fit: 0.07
Cromossomo: 314,IDs: [336, 16, 65, 46],Nomes: [Dev336, Dev16, Dev65, Dev46],Fit: [0.8901911917537575, 0.7004217696524385, 0.6842863761691954, 0.9394585174701455],Nível: [Junior, Middle, Senior, Master],Total Fit: 0.03
Cromossomo: 315,IDs: [82, 28, 17, 85],Nomes: [Dev82, Dev28, Dev17, Dev85],Fit: [0.70, 0.80, 0.70, 0.80],Nível: [Junior, Middle, Senior, Master],Total Fit: 0.03
Cromossomo: 316,IDs: [425, 8, 27, 211],Nomes: [Dev425, Dev8, Dev27, Dev211],Fit: [0.7735124190032967, 0.6907323469378277, 0.7357923044809707, 0.8723804516251731],Nível: [Junior, Middle, Senior, Master],Total Fit: 2.15
Cromossomo: 317,IDs: [55, 7, 94, 62],Nomes: [Dev55, Dev7, Dev94, Dev62],Fit: [0.70, 0.90, 0.60, 0.60],Nível: [Junior, Middle, Senior, Master],Total Fit: 0.50
Cromossomo: 318,IDs: [220, 181, 161, 211],Nomes: [Dev220, Dev181, Dev161, Dev211],Fit: [0.90, 0.90, 0.80, 0.9939018130402116],Nível: [Junior, Middle, Senior, Master],Total Fit: 0.04
Cromossomo: 319,IDs: [47, 28, 17, 85],Nomes: [Dev47, Dev28, Dev17, Dev85],Fit: [0.7941505545345013, 0.8462943466867443, 0.7090205969373802, 0.8998945025994849],Nível: [Junior, Middle, Senior, Master],Total Fit: 0.03
Cromossomo: 320,IDs: [425, 8, 27, 211],Nomes: [Dev425, Dev8, Dev27, Dev211],Fit: [0.7735124190032967, 0.6907323469378277, 0.7357923044809707, 0.8723804516251731],Nível: [Junior, Middle, Senior, Master],Total Fit: 2.15
Cromossomo: 321,IDs: [55, 7, 138, 211],Nomes: [Dev55, Dev7, Dev138, Dev211],Fit: [0.7696945196700629, 0.90, 0.70, 0.8486745513722442],Nível: [Junior, Middle, Senior, Master],Total Fit: 0.03
Cromossomo: 322,IDs: [220, 181, 94, 62],Nomes: [Dev220, Dev181, Dev94, Dev62],Fit: [0.8930108579009637, 0.9, 0.690634357472355, 0.6670107014198218],Nível: [Junior, Middle, Senior, Master],Total Fit: 0.03
Cromossomo: 323,IDs: [56, 85, 17, 28],Nomes: [Dev56, Dev85, Dev17, Dev28],Fit: [0.80, 0.80, 0.70, 0.80],Nível: [Junior, Master, Senior, Middle],Total Fit: 0.03
Cromossomo: 324,IDs: [425, 8, 27, 211],Nomes: [Dev425, Dev8, Dev27, Dev211],Fit: [0.7735124190032967, 0.6907323469378277, 0.7357923044809707, 0.8723804516251731],Nível: [Junior, Middle, Senior, Master],Total Fit: 2.15
Cromossomo: 325,IDs: [56, 28, 29, 85],Nomes: [Dev56, Dev28, Dev29, Dev85],Fit: [0.80, 0.80, 0.80, 0.80],Nível: [Junior, Middle, Senior, Master],Total Fit: 0.19
Cromossomo: 326,IDs: [220, 7, 38, 46],Nomes: [Dev220, Dev7, Dev38, Dev46],Fit: [0.8606141141807372, 0.90, 0.80, 0.80],Nível: [Junior, Middle, Senior, Master],Total Fit: 0.03
Cromossomo: 327,IDs: [55, 181, 94, 62],Nomes: [Dev55, Dev181, Dev94, Dev62],Fit: [0.7698277280519029, 0.8999999999999999, 0.6927157734527298, 0.7196610081447573],Nível: [Junior, Middle, Senior, Master],Total Fit: 0.03
Cromossomo: 328,IDs: [425, 8, 27, 211],Nomes: [Dev425, Dev8, Dev27, Dev211],Fit: [0.7735124190032967, 0.6907323469378277, 0.7357923044809707, 0.8723804516251731],Nível: [Junior, Middle, Senior, Master],Total Fit: 2.15
Cromossomo: 329,IDs: [56, 28, 29, 85],Nomes: [Dev56, Dev28, Dev29, Dev85],Fit: [0.7973424147389335, 0.8486451303932712, 0.7655000671428175, 0.7926850920148365],Nível: [Junior, Middle, Senior, Master],Total Fit: 0.19
Cromossomo: 330,IDs: [81, 7, 38, 46],Nomes: [Dev81, Dev7, Dev38, Dev46],Fit: [0.80, 0.90, 0.80, 0.80],Nível: [Junior, Middle, Senior, Master],Total Fit: 0.03
Cromossomo: 331,IDs: [55, 181, 94, 198],Nomes: [Dev55, Dev181, Dev94, Dev198],Fit: [0.7789969846104166, 0.8533410689766351, 0.6974275244112058, 0.80],Nível: [Junior, Middle, Senior, Master],Total Fit: 0.03
Cromossomo: 332,IDs: [425, 8, 27, 211],Nomes: [Dev425, Dev8, Dev27, Dev211],Fit: [0.7735124190032967, 0.6907323469378277, 0.7357923044809707, 0.8723804516251731],Nível: [Junior, Middle, Senior, Master],Total Fit: 2.15
Cromossomo: 333,IDs: [356, 7, 27, 311],Nomes: [Dev356, Dev7, Dev27, Dev311],Fit: [0.80, 0.8825234077559201, 0.80, 0.80],Nível: [Junior, Middle, Senior, Master],Total Fit: 0.03
Cromossomo: 334,IDs: [56, 28, 38, 46],Nomes: [Dev56, Dev28, Dev38, Dev46],Fit: [0.7983087963912467, 0.8663895566341877, 0.7919680771396848, 0.7996867901198351],Nível: [Junior, Middle, Senior, Master],Total Fit: 0.03
Cromossomo: 335,IDs: [53, 16, 65, 62],Nomes: [Dev53, Dev16, Dev65, Dev62],Fit: [0.60, 0.60, 0.60, 0.60],Nível: [Junior, Middle, Senior, Master],Total Fit: 0.02
Cromossomo: 336,IDs: [425, 8, 27, 211],Nomes: [Dev425, Dev8, Dev27, Dev211],Fit: [0.7735124190032967, 0.6907323469378277, 0.7357923044809707, 0.8723804516251731],Nível: [Junior, Middle, Senior, Master],Total Fit: 2.15
Cromossomo: 337,IDs: [308, 28, 65, 62],Nomes: [Dev308, Dev28, Dev65, Dev62],Fit: [0.80, 0.795950783032738, 0.6617602724314775, 0.6042048999844528],Nível: [Junior, Middle, Senior, Master],Total Fit: 0.14
Cromossomo: 338,IDs: [55, 48, 94, 89],Nomes: [Dev55, Dev48, Dev94, Dev89],Fit: [0.70, 0.90, 0.60, 0.80],Nível: [Junior, Middle, Senior, Master],Total Fit: 0.03
Cromossomo: 339,IDs: [56, 16, 38, 46],Nomes: [Dev56, Dev16, Dev38, Dev46],Fit: [0.7161296531295689, 0.7059716378026196, 0.7584136320915348, 0.7311815253019561],Nível: [Junior, Middle, Senior, Master],Total Fit: 0.03
Cromossomo: 340,IDs: [425, 8, 27, 211],Nomes: [Dev425, Dev8, Dev27, Dev211],Fit: [0.7735124190032967, 0.6907323469378277, 0.7357923044809707, 0.8723804516251731],Nível: [Junior, Middle, Senior, Master],Total Fit: 2.15
Cromossomo: 341,IDs: [104, 97, 38, 85],Nomes: [Dev104, Dev97, Dev38, Dev85],Fit: [0.60, 0.70, 0.80, 0.80],Nível: [Junior, Middle, Senior, Master],Total Fit: 0.23
Cromossomo: 342,IDs: [308, 28, 65, 89],Nomes: [Dev308, Dev28, Dev65, Dev89],Fit: [0.7893955831012803, 0.8379253996273839, 0.6442719100218034, 0.748005407505847],Nível: [Junior, Middle, Senior, Master],Total Fit: 0.15
Cromossomo: 343,IDs: [326, 174, 17, 62],Nomes: [Dev326, Dev174, Dev17, Dev62],Fit: [0.80, 0.80, 0.60, 0.6736421682722415],Nível: [Junior, Middle, Senior, Master],Total Fit: 0.03
Cromossomo: 344,IDs: [425, 8, 27, 211],Nomes: [Dev425, Dev8, Dev27, Dev211],Fit: [0.7735124190032967, 0.6907323469378277, 0.7357923044809707, 0.8723804516251731],Nível: [Junior, Middle, Senior, Master],Total Fit: 2.15
Cromossomo: 345,IDs: [308, 97, 38, 198],Nomes: [Dev308, Dev97, Dev38, Dev198],Fit: [0.7584450773703385, 0.7003513663853724, 0.7419235630607617, 0.80],Nível: [Junior, Middle, Senior, Master],Total Fit: 0.24
Cromossomo: 346,IDs: [104, 28, 65, 89],Nomes: [Dev104, Dev28, Dev65, Dev89],Fit: [0.6847414659696854, 0.7707420836960528, 0.6953972125309498, 0.7597169670392473],Nível: [Junior, Middle, Senior, Master],Total Fit: 0.15
Cromossomo: 347,IDs: [81, 48, 29, 46],Nomes: [Dev81, Dev48, Dev29, Dev46],Fit: [0.80, 0.90, 0.80, 0.80],Nível: [Junior, Middle, Senior, Master],Total Fit: 0.03
Cromossomo: 348,IDs: [425, 8, 27, 211],Nomes: [Dev425, Dev8, Dev27, Dev211],Fit: [0.7735124190032967, 0.6907323469378277, 0.7357923044809707, 0.8723804516251731],Nível: [Junior, Middle, Senior, Master],Total Fit: 2.15
Cromossomo: 349,IDs: [308, 48, 27, 402],Nomes: [Dev308, Dev48, Dev27, Dev402],Fit: [0.7678989290354035, 0.8942551018827513, 0.80, 0.80],Nível: [Junior, Middle, Senior, Master],Total Fit: 0.85
Cromossomo: 350,IDs: [81, 97, 38, 46],Nomes: [Dev81, Dev97, Dev38, Dev46],Fit: [0.7960698774006609, 0.7047735172925271, 0.7617330169757661, 0.8],Nível: [Junior, Middle, Senior, Master],Total Fit: 0.25
Cromossomo: 351,IDs: [45, 28, 29, 85],Nomes: [Dev45, Dev28, Dev29, Dev85],Fit: [0.70, 0.80, 0.80, 0.80],Nível: [Junior, Middle, Senior, Master],Total Fit: 0.03
Cromossomo: 352,IDs: [425, 8, 27, 211],Nomes: [Dev425, Dev8, Dev27, Dev211],Fit: [0.7735124190032967, 0.6907323469378277, 0.7357923044809707, 0.8723804516251731],Nível: [Junior, Middle, Senior, Master],Total Fit: 2.15
Cromossomo: 353,IDs: [308, 97, 27, 46],Nomes: [Dev308, Dev97, Dev27, Dev46],Fit: [0.7720753959201268, 0.7439083679121492, 0.7856432824867923, 0.8],Nível: [Junior, Middle, Senior, Master],Total Fit: 0.99
Cromossomo: 354,IDs: [453, 48, 29, 62],Nomes: [Dev453, Dev48, Dev29, Dev62],Fit: [0.80, 0.851037354473586, 0.80, 0.80],Nível: [Junior, Middle, Senior, Master],Total Fit: 0.39
Cromossomo: 355,IDs: [89, 16, 38, 53],Nomes: [Dev89, Dev16, Dev38, Dev53],Fit: [0.80, 0.60, 0.80, 0.60],Nível: [Master, Middle, Senior, Junior],Total Fit: 0.20
Cromossomo: 356,IDs: [425, 8, 27, 211],Nomes: [Dev425, Dev8, Dev27, Dev211],Fit: [0.7735124190032967, 0.6907323469378277, 0.7357923044809707, 0.8723804516251731],Nível: [Junior, Middle, Senior, Master],Total Fit: 2.15
Cromossomo: 357,IDs: [308, 48, 29, 62],Nomes: [Dev308, Dev48, Dev29, Dev62],Fit: [0.7823476283747592, 0.8211051309861133, 0.7993751482338208, 0.8],Nível: [Junior, Middle, Senior, Master],Total Fit: 0.38
Cromossomo: 358,IDs: [414, 181, 27, 136],Nomes: [Dev414, Dev181, Dev27, Dev136],Fit: [0.80, 0.90, 0.7910395588025407, 0.80],Nível: [Junior, Middle, Senior, Master],Total Fit: 0.03
Cromossomo: 359,IDs: [104, 17, 89, 7],Nomes: [Dev104, Dev17, Dev89, Dev7],Fit: [0.60, 0.70, 0.80, 0.90],Nível: [Junior, Senior, Master, Middle],Total Fit: 0.03
Cromossomo: 360,IDs: [425, 8, 27, 211],Nomes: [Dev425, Dev8, Dev27, Dev211],Fit: [0.7735124190032967, 0.6907323469378277, 0.7357923044809707, 0.8723804516251731],Nível: [Junior, Middle, Senior, Master],Total Fit: 2.15
Cromossomo: 361,IDs: [308, 48, 27, 136],Nomes: [Dev308, Dev48, Dev27, Dev136],Fit: [0.7907741883893183, 0.8577329374889446, 0.7923385845095062, 0.8],Nível: [Junior, Middle, Senior, Master],Total Fit: 0.84
Cromossomo: 362,IDs: [414, 181, 448, 62],Nomes: [Dev414, Dev181, Dev448, Dev62],Fit: [0.7953710290733025, 0.8758901387120024, 0.80, 0.80],Nível: [Junior, Middle, Senior, Master],Total Fit: 0.03
Cromossomo: 363,IDs: [97, 55, 94, 46],Nomes: [Dev97, Dev55, Dev94, Dev46],Fit: [0.70, 0.70, 0.60, 0.80],Nível: [Middle, Junior, Senior, Master],Total Fit: 0.03
Cromossomo: 364,IDs: [425, 8, 27, 211],Nomes: [Dev425, Dev8, Dev27, Dev211],Fit: [0.7735124190032967, 0.6907323469378277, 0.7357923044809707, 0.8723804516251731],Nível: [Junior, Middle, Senior, Master],Total Fit: 2.15
Cromossomo: 365,IDs: [437, 48, 161, 136],Nomes: [Dev437, Dev48, Dev161, Dev136],Fit: [0.80, 0.8626207573216178, 0.80, 0.80],Nível: [Junior, Middle, Senior, Master],Total Fit: 0.13
Cromossomo: 366,IDs: [414, 181, 448, 62],Nomes: [Dev414, Dev181, Dev448, Dev62],Fit: [0.7931929487049787, 0.8692578318773223, 0.798972331382885, 0.8],Nível: [Junior, Middle, Senior, Master],Total Fit: 0.03
Cromossomo: 367,IDs: [53, 16, 94, 89],Nomes: [Dev53, Dev16, Dev94, Dev89],Fit: [0.60, 0.60, 0.60, 0.80],Nível: [Junior, Middle, Senior, Master],Total Fit: 0.03
Cromossomo: 368,IDs: [425, 8, 27, 211],Nomes: [Dev425, Dev8, Dev27, Dev211],Fit: [0.7735124190032967, 0.6907323469378277, 0.7357923044809707, 0.8723804516251731],Nível: [Junior, Middle, Senior, Master],Total Fit: 2.15
Cromossomo: 369,IDs: [437, 48, 161, 136],Nomes: [Dev437, Dev48, Dev161, Dev136],Fit: [0.7338574154819576, 0.8052293576726004, 0.7026316612981445, 0.8],Nível: [Junior, Middle, Senior, Master],Total Fit: 0.12
Cromossomo: 370,IDs: [53, 270, 94, 327],Nomes: [Dev53, Dev270, Dev94, Dev327],Fit: [0.6125487372626854, 0.80, 0.6651485880577965, 0.80],Nível: [Junior, Middle, Senior, Master],Total Fit: 0.03
Cromossomo: 371,IDs: [89, 65, 97, 55],Nomes: [Dev89, Dev65, Dev97, Dev55],Fit: [0.80, 0.60, 0.70, 0.70],Nível: [Master, Senior, Middle, Junior],Total Fit: 0.03
Cromossomo: 372,IDs: [425, 8, 27, 211],Nomes: [Dev425, Dev8, Dev27, Dev211],Fit: [0.7735124190032967, 0.6907323469378277, 0.7357923044809707, 0.8723804516251731],Nível: [Junior, Middle, Senior, Master],Total Fit: 2.15
Cromossomo: 373,IDs: [53, 7, 389, 46],Nomes: [Dev53, Dev7, Dev389, Dev46],Fit: [0.6331462348332775, 0.90, 0.70, 0.80],Nível: [Junior, Middle, Senior, Master],Total Fit: 0.52
Cromossomo: 374,IDs: [81, 17, 85, 48],Nomes: [Dev81, Dev17, Dev85, Dev48],Fit: [0.80, 0.70, 0.80, 0.90],Nível: [Junior, Senior, Master, Middle],Total Fit: 0.03
Cromossomo: 375,IDs: [437, 270, 161, 327],Nomes: [Dev437, Dev270, Dev161, Dev327],Fit: [0.692912492946983, 0.8005611265418346, 0.7014577695167133, 0.8],Nível: [Junior, Middle, Senior, Master],Total Fit: 0.03
Cromossomo: 376,IDs: [425, 8, 27, 211],Nomes: [Dev425, Dev8, Dev27, Dev211],Fit: [0.7735124190032967, 0.6907323469378277, 0.7357923044809707, 0.8723804516251731],Nível: [Junior, Middle, Senior, Master],Total Fit: 2.15
Cromossomo: 377,IDs: [359, 7, 27, 62],Nomes: [Dev359, Dev7, Dev27, Dev62],Fit: [0.90, 0.8624200155067101, 0.80, 0.80],Nível: [Junior, Middle, Senior, Master],Total Fit: 1.68
Cromossomo: 378,IDs: [53, 270, 161, 327],Nomes: [Dev53, Dev270, Dev161, Dev327],Fit: [0.6566398578183925, 0.8126434430173215, 0.7009903270874586, 0.8],Nível: [Junior, Middle, Senior, Master],Total Fit: 0.48
Cromossomo: 379,IDs: [28, 94, 85, 104],Nomes: [Dev28, Dev94, Dev85, Dev104],Fit: [0.80, 0.60, 0.80, 0.60],Nível: [Middle, Senior, Master, Junior],Total Fit: 0.03
Cromossomo: 380,IDs: [425, 8, 27, 211],Nomes: [Dev425, Dev8, Dev27, Dev211],Fit: [0.7735124190032967, 0.6907323469378277, 0.7357923044809707, 0.8723804516251731],Nível: [Junior, Middle, Senior, Master],Total Fit: 2.15
Cromossomo: 381,IDs: [53, 270, 161, 327],Nomes: [Dev53, Dev270, Dev161, Dev327],Fit: [0.7707948149758049, 0.8146201952142386, 0.709023721126349, 0.8],Nível: [Junior, Middle, Senior, Master],Total Fit: 0.50
Cromossomo: 382,IDs: [48, 45, 62, 29],Nomes: [Dev48, Dev45, Dev62, Dev29],Fit: [0.90, 0.70, 0.60, 0.80],Nível: [Middle, Junior, Master, Senior],Total Fit: 0.36
Cromossomo: 383,IDs: [250, 181, 27, 402],Nomes: [Dev250, Dev181, Dev27, Dev402],Fit: [0.70, 0.90, 0.7596828454804885, 0.80],Nível: [Junior, Middle, Senior, Master],Total Fit: 0.03
Cromossomo: 384,IDs: [425, 8, 27, 211],Nomes: [Dev425, Dev8, Dev27, Dev211],Fit: [0.7735124190032967, 0.6907323469378277, 0.7357923044809707, 0.8723804516251731],Nível: [Junior, Middle, Senior, Master],Total Fit: 2.15
Cromossomo: 385,IDs: [425, 270, 448, 62],Nomes: [Dev425, Dev270, Dev448, Dev62],Fit: [0.80, 0.8566232124594972, 0.80, 0.80],Nível: [Junior, Middle, Senior, Master],Total Fit: 0.91
Cromossomo: 386,IDs: [53, 181, 27, 198],Nomes: [Dev53, Dev181, Dev27, Dev198],Fit: [0.7670313869320378, 0.8957647388781866, 0.7593527456241553, 0.80],Nível: [Junior, Middle, Senior, Master],Total Fit: 0.06
Cromossomo: 387,IDs: [16, 82, 85, 17],Nomes: [Dev16, Dev82, Dev85, Dev17],Fit: [0.60, 0.70, 0.80, 0.70],Nível: [Middle, Junior, Master, Senior],Total Fit: 0.03
Cromossomo: 388,IDs: [425, 8, 27, 211],Nomes: [Dev425, Dev8, Dev27, Dev211],Fit: [0.7735124190032967, 0.6907323469378277, 0.7357923044809707, 0.8723804516251731],Nível: [Junior, Middle, Senior, Master],Total Fit: 2.15
Cromossomo: 389,IDs: [425, 181, 27, 198],Nomes: [Dev425, Dev181, Dev27, Dev198],Fit: [0.7914903061823289, 0.886293561324549, 0.7726551500927795, 0.8],Nível: [Junior, Middle, Senior, Master],Total Fit: 2.15
Cromossomo: 390,IDs: [82, 7, 448, 211],Nomes: [Dev82, Dev7, Dev448, Dev211],Fit: [0.80, 0.90, 0.780584615521141, 1.00],Nível: [Junior, Middle, Senior, Master],Total Fit: 0.21
Cromossomo: 391,IDs: [],Nomes: [],Fit: [],Nível: [],Total Fit: 0.00
Cromossomo: 392,IDs: [425, 8, 27, 211],Nomes: [Dev425, Dev8, Dev27, Dev211],Fit: [0.7735124190032967, 0.6907323469378277, 0.7357923044809707, 0.8723804516251731],Nível: [Junior, Middle, Senior, Master],Total Fit: 2.15
Cromossomo: 393,IDs: [425, 181, 448, 198],Nomes: [Dev425, Dev181, Dev448, Dev198],Fit: [0.7951870660247538, 0.8886634258072023, 0.7800217178607274, 0.8212119544587559],Nível: [Junior, Middle, Senior, Master],Total Fit: 0.53
Cromossomo: 394,IDs: [82, 7, 27, 211],Nomes: [Dev82, Dev7, Dev27, Dev211],Fit: [0.7967243029943716, 0.90, 0.7742541342343561, 0.9585598465511636],Nível: [Junior, Middle, Senior, Master],Total Fit: 0.27
Cromossomo: 395,IDs: [56, 17, 97, 46],Nomes: [Dev56, Dev17, Dev97, Dev46],Fit: [0.80, 0.70, 0.70, 0.80],Nível: [Junior, Senior, Middle, Master],Total Fit: 0.03
Cromossomo: 396,IDs: [425, 8, 27, 211],Nomes: [Dev425, Dev8, Dev27, Dev211],Fit: [0.7735124190032967, 0.6907323469378277, 0.7357923044809707, 0.8723804516251731],Nível: [Junior, Middle, Senior, Master],Total Fit: 2.15
Cromossomo: 397,IDs: [425, 181, 448, 211],Nomes: [Dev425, Dev181, Dev448, Dev211],Fit: [0.7954758025847574, 0.8940739116862348, 0.7784315161078049, 0.948477048261505],Nível: [Junior, Middle, Senior, Master],Total Fit: 0.61
Cromossomo: 398,IDs: [82, 7, 161, 198],Nomes: [Dev82, Dev7, Dev161, Dev198],Fit: [0.7964352505278924, 0.8978194500526032, 0.80, 0.8870580249799214],Nível: [Junior, Middle, Senior, Master],Total Fit: 0.20
Cromossomo: 399,IDs: [55, 46, 29, 48],Nomes: [Dev55, Dev46, Dev29, Dev48],Fit: [0.70, 0.80, 0.80, 0.90],Nível: [Junior, Master, Senior, Middle],Total Fit: 0.03
